wilayah,date_wib,ispu_total,ispu_kategori,ispu_pm10,ispu_so2,ispu_co,ispu_o3,ispu_no2,tt_air_avg,rh_avg,rr,ws_avg,provisional
Alam Jaya,2026-08-10,60.4110918045044,Sedang,60.4110918045044,51.86191275715828,5.791807746887207,46.14844640096029,17.23035991191864,27.662168502807617,68.69087982177734,0.0543082132935524,2.2039060592651367,True
Ancol,2026-08-10,70.80077378646187,Sedang,50.538867473602295,39.02896298811986,8.412812900543212,70.80077378646187,17.755530029535294,28.011524200439453,63.51730728149414,0.0029392540454864,3.0456323623657227,True
Angke,2026-08-10,70.80077378646187,Sedang,50.538867473602295,39.02896298811986,8.412812900543212,70.80077378646187,17.755530029535294,28.011524200439453,63.51730728149414,0.0029392540454864,3.0456323623657227,True
Babakan,2026-08-10,70.80077378646187,Sedang,50.538867473602295,39.02896298811986,8.412812900543212,70.80077378646187,17.755530029535294,28.011524200439453,63.51730728149414,0.0029392540454864,3.0456323623657227,True
Bale Kambang,2026-08-10,75.3018860194994,Sedang,57.34569716453552,53.67030594497919,10.080851078033447,75.3018860194994,21.882464289665226,29.311017990112305,53.73805236816406,0.0,1.3062057495117188,True
Bali Mester,2026-08-10,75.3018860194994,Sedang,57.34569716453552,53.67030594497919,10.080851078033447,75.3018860194994,21.882464289665226,29.311017990112305,53.73805236816406,0.0,1.3062057495117188,True
Bambu Apus,2026-08-10,75.3018860194994,Sedang,57.34569716453552,53.67030594497919,10.080851078033447,75.3018860194994,21.882464289665226,29.311017990112305,53.73805236816406,0.0,1.3062057495117188,True
Bangka,2026-08-10,75.3018860194994,Sedang,57.34569716453552,53.67030594497919,10.080851078033447,75.3018860194994,21.882464289665226,29.311017990112305,53.73805236816406,0.0,1.3062057495117188,True
Baru,2026-08-10,75.3018860194994,Sedang,57.34569716453552,53.67030594497919,10.080851078033447,75.3018860194994,21.882464289665226,29.311017990112305,53.73805236816406,0.0,1.3062057495117188,True
Batu Ampar,2026-08-10,75.3018860194994,Sedang,57.34569716453552,53.67030594497919,10.080851078033447,75.3018860194994,21.882464289665226,29.311017990112305,53.73805236816406,0.0,1.3062057495117188,True
Batuceper,2026-08-10,70.80077378646187,Sedang,50.538867473602295,39.02896298811986,8.412812900543212,70.80077378646187,17.755530029535294,28.011524200439453,63.51730728149414,0.0029392540454864,3.0456323623657227,True
Batujaya,2026-08-10,70.80077378646187,Sedang,50.538867473602295,39.02896298811986,8.412812900543212,70.80077378646187,17.755530029535294,28.011524200439453,63.51730728149414,0.0029392540454864,3.0456323623657227,True
Batusari,2026-08-10,70.80077378646187,Sedang,50.538867473602295,39.02896298811986,8.412812900543212,70.80077378646187,17.755530029535294,28.011524200439453,63.51730728149414,0.0029392540454864,3.0456323623657227,True
Belendung,2026-08-10,70.80077378646187,Sedang,50.538867473602295,39.02896298811986,8.412812900543212,70.80077378646187,17.755530029535294,28.011524200439453,63.51730728149414,0.0029392540454864,3.0456323623657227,True
Benda,2026-08-10,70.80077378646187,Sedang,50.538867473602295,39.02896298811986,8.412812900543212,70.80077378646187,17.755530029535294,28.011524200439453,63.51730728149414,0.0029392540454864,3.0456323623657227,True
Bendungan Hilir,2026-08-10,75.3018860194994,Sedang,57.34569716453552,53.67030594497919,10.080851078033447,75.3018860194994,21.882464289665226,29.311017990112305,53.73805236816406,0.0,1.3062057495117188,True
Bidara Cina,2026-08-10,75.3018860194994,Sedang,57.34569716453552,53.67030594497919,10.080851078033447,75.3018860194994,21.882464289665226,29.311017990112305,53.73805236816406,0.0,1.3062057495117188,True
Bintaro,2026-08-10,75.3018860194994,Sedang,57.34569716453552,53.67030594497919,10.080851078033447,75.3018860194994,21.882464289665226,29.311017990112305,53.73805236816406,0.0,1.3062057495117188,True
Bojong Jaya,2026-08-10,75.3018860194994,Sedang,57.34569716453552,53.67030594497919,10.080851078033447,75.3018860194994,21.882464289665226,29.311017990112305,53.73805236816406,0.0,1.3062057495117188,True
Buaran Indah,2026-08-10,70.80077378646187,Sedang,50.538867473602295,39.02896298811986,8.412812900543212,70.80077378646187,17.755530029535294,28.011524200439453,63.51730728149414,0.0029392540454864,3.0456323623657227,True
Bugel,2026-08-10,70.80077378646187,Sedang,50.538867473602295,39.02896298811986,8.412812900543212,70.80077378646187,17.755530029535294,28.011524200439453,63.51730728149414,0.0029392540454864,3.0456323623657227,True
Bukit Duri,2026-08-10,75.3018860194994,Sedang,57.34569716453552,53.67030594497919,10.080851078033447,75.3018860194994,21.882464289665226,29.311017990112305,53.73805236816406,0.0,1.3062057495117188,True
Bungur,2026-08-10,70.80077378646187,Sedang,50.538867473602295,39.02896298811986,8.412812900543212,70.80077378646187,17.755530029535294,28.011524200439453,63.51730728149414,0.0029392540454864,3.0456323623657227,True
Cakung Barat,2026-08-10,70.80077378646187,Sedang,50.538867473602295,39.02896298811986,8.412812900543212,70.80077378646187,17.755530029535294,28.011524200439453,63.51730728149414,0.0029392540454864,3.0456323623657227,True
Cakung Timur,2026-08-10,70.80077378646187,Sedang,50.538867473602295,39.02896298811986,8.412812900543212,70.80077378646187,17.755530029535294,28.011524200439453,63.51730728149414,0.0029392540454864,3.0456323623657227,True
Cawang,2026-08-10,75.3018860194994,Sedang,57.34569716453552,53.67030594497919,10.080851078033447,75.3018860194994,21.882464289665226,29.311017990112305,53.73805236816406,0.0,1.3062057495117188,True
Ceger,2026-08-10,75.3018860194994,Sedang,57.34569716453552,53.67030594497919,10.080851078033447,75.3018860194994,21.882464289665226,29.311017990112305,53.73805236816406,0.0,1.3062057495117188,True
Cempaka Baru,2026-08-10,70.80077378646187,Sedang,50.538867473602295,39.02896298811986,8.412812900543212,70.80077378646187,17.755530029535294,28.011524200439453,63.51730728149414,0.0029392540454864,3.0456323623657227,True
Cempaka Putih Barat,2026-08-10,70.80077378646187,Sedang,50.538867473602295,39.02896298811986,8.412812900543212,70.80077378646187,17.755530029535294,28.011524200439453,63.51730728149414,0.0029392540454864,3.0456323623657227,True
Cempaka Putih Timur,2026-08-10,70.80077378646187,Sedang,50.538867473602295,39.02896298811986,8.412812900543212,70.80077378646187,17.755530029535294,28.011524200439453,63.51730728149414,0.0029392540454864,3.0456323623657227,True
Cengkareng Barat,2026-08-10,70.80077378646187,Sedang,50.538867473602295,39.02896298811986,8.412812900543212,70.80077378646187,17.755530029535294,28.011524200439453,63.51730728149414,0.0029392540454864,3.0456323623657227,True
Cengkareng Timur,2026-08-10,70.80077378646187,Sedang,50.538867473602295,39.02896298811986,8.412812900543212,70.80077378646187,17.755530029535294,28.011524200439453,63.51730728149414,0.0029392540454864,3.0456323623657227,True
Cibodas,2026-08-10,70.80077378646187,Sedang,50.538867473602295,39.02896298811986,8.412812900543212,70.80077378646187,17.755530029535294,28.011524200439453,63.51730728149414,0.0029392540454864,3.0456323623657227,True
Cibodas Baru,2026-08-10,75.3018860194994,Sedang,57.34569716453552,53.67030594497919,10.080851078033447,75.3018860194994,21.882464289665226,29.311017990112305,53.73805236816406,0.0,1.3062057495117188,True
Cibodasari,2026-08-10,75.3018860194994,Sedang,57.34569716453552,53.67030594497919,10.080851078033447,75.3018860194994,21.882464289665226,29.311017990112305,53.73805236816406,0.0,1.3062057495117188,True
Cibubur,2026-08-10,75.3018860194994,Sedang,57.34569716453552,53.67030594497919,10.080851078033447,75.3018860194994,21.882464289665226,29.311017990112305,53.73805236816406,0.0,1.3062057495117188,True
Cideng,2026-08-10,70.80077378646187,Sedang,50.538867473602295,39.02896298811986,8.412812900543212,70.80077378646187,17.755530029535294,28.011524200439453,63.51730728149414,0.0029392540454864,3.0456323623657227,True
Ciganjur,2026-08-10,75.3018860194994,Sedang,57.34569716453552,53.67030594497919,10.080851078033447,75.3018860194994,21.882464289665226,29.311017990112305,53.73805236816406,0.0,1.3062057495117188,True
Cijantung,2026-08-10,75.3018860194994,Sedang,57.34569716453552,53.67030594497919,10.080851078033447,75.3018860194994,21.882464289665226,29.311017990112305,53.73805236816406,0.0,1.3062057495117188,True
Cikini,2026-08-10,70.80077378646187,Sedang,50.538867473602295,39.02896298811986,8.412812900543212,70.80077378646187,17.755530029535294,28.011524200439453,63.51730728149414,0.0029392540454864,3.0456323623657227,True
Cikoko,2026-08-10,75.3018860194994,Sedang,57.34569716453552,53.67030594497919,10.080851078033447,75.3018860194994,21.882464289665226,29.311017990112305,53.73805236816406,0.0,1.3062057495117188,True
Cikokol,2026-08-10,75.3018860194994,Sedang,57.34569716453552,53.67030594497919,10.080851078033447,75.3018860194994,21.882464289665226,29.311017990112305,53.73805236816406,0.0,1.3062057495117188,True
Cilandak Barat,2026-08-10,75.3018860194994,Sedang,57.34569716453552,53.67030594497919,10.080851078033447,75.3018860194994,21.882464289665226,29.311017990112305,53.73805236816406,0.0,1.3062057495117188,True
Cilandak Timur,2026-08-10,75.3018860194994,Sedang,57.34569716453552,53.67030594497919,10.080851078033447,75.3018860194994,21.882464289665226,29.311017990112305,53.73805236816406,0.0,1.3062057495117188,True
Cilangkap,2026-08-10,75.3018860194994,Sedang,57.34569716453552,53.67030594497919,10.080851078033447,75.3018860194994,21.882464289665226,29.311017990112305,53.73805236816406,0.0,1.3062057495117188,True
Cililitan,2026-08-10,75.3018860194994,Sedang,57.34569716453552,53.67030594497919,10.080851078033447,75.3018860194994,21.882464289665226,29.311017990112305,53.73805236816406,0.0,1.3062057495117188,True
Cilincing,2026-08-10,70.80077378646187,Sedang,50.538867473602295,39.02896298811986,8.412812900543212,70.80077378646187,17.755530029535294,28.011524200439453,63.51730728149414,0.0029392540454864,3.0456323623657227,True
Cimone,2026-08-10,70.80077378646187,Sedang,50.538867473602295,39.02896298811986,8.412812900543212,70.80077378646187,17.755530029535294,28.011524200439453,63.51730728149414,0.0029392540454864,3.0456323623657227,True
Cimone Jaya,2026-08-10,70.80077378646187,Sedang,50.538867473602295,39.02896298811986,8.412812900543212,70.80077378646187,17.755530029535294,28.011524200439453,63.51730728149414,0.0029392540454864,3.0456323623657227,True
Cipadu,2026-08-10,75.3018860194994,Sedang,57.34569716453552,53.67030594497919,10.080851078033447,75.3018860194994,21.882464289665226,29.311017990112305,53.73805236816406,0.0,1.3062057495117188,True
Cipadu Jaya,2026-08-10,75.3018860194994,Sedang,57.34569716453552,53.67030594497919,10.080851078033447,75.3018860194994,21.882464289665226,29.311017990112305,53.73805236816406,0.0,1.3062057495117188,True
Cipayung,2026-08-10,75.3018860194994,Sedang,57.34569716453552,53.67030594497919,10.080851078033447,75.3018860194994,21.882464289665226,29.311017990112305,53.73805236816406,0.0,1.3062057495117188,True
Cipedak,2026-08-10,75.3018860194994,Sedang,57.34569716453552,53.67030594497919,10.080851078033447,75.3018860194994,21.882464289665226,29.311017990112305,53.73805236816406,0.0,1.3062057495117188,True
Cipete,2026-08-10,75.3018860194994,Sedang,57.34569716453552,53.67030594497919,10.080851078033447,75.3018860194994,21.882464289665226,29.311017990112305,53.73805236816406,0.0,1.3062057495117188,True
Cipete Selatan,2026-08-10,75.3018860194994,Sedang,57.34569716453552,53.67030594497919,10.080851078033447,75.3018860194994,21.882464289665226,29.311017990112305,53.73805236816406,0.0,1.3062057495117188,True
Cipete Utara,2026-08-10,75.3018860194994,Sedang,57.34569716453552,53.67030594497919,10.080851078033447,75.3018860194994,21.882464289665226,29.311017990112305,53.73805236816406,0.0,1.3062057495117188,True
Cipinang,2026-08-10,75.3018860194994,Sedang,57.34569716453552,53.67030594497919,10.080851078033447,75.3018860194994,21.882464289665226,29.311017990112305,53.73805236816406,0.0,1.3062057495117188,True
Cipinang Besar Selatan,2026-08-10,75.3018860194994,Sedang,57.34569716453552,53.67030594497919,10.080851078033447,75.3018860194994,21.882464289665226,29.311017990112305,53.73805236816406,0.0,1.3062057495117188,True
Cipinang Besar Utara,2026-08-10,75.3018860194994,Sedang,57.34569716453552,53.67030594497919,10.080851078033447,75.3018860194994,21.882464289665226,29.311017990112305,53.73805236816406,0.0,1.3062057495117188,True
Cipinang Cempedak,2026-08-10,75.3018860194994,Sedang,57.34569716453552,53.67030594497919,10.080851078033447,75.3018860194994,21.882464289665226,29.311017990112305,53.73805236816406,0.0,1.3062057495117188,True
Cipinang Melayu,2026-08-10,75.3018860194994,Sedang,57.34569716453552,53.67030594497919,10.080851078033447,75.3018860194994,21.882464289665226,29.311017990112305,53.73805236816406,0.0,1.3062057495117188,True
Cipinang Muara,2026-08-10,75.3018860194994,Sedang,57.34569716453552,53.67030594497919,10.080851078033447,75.3018860194994,21.882464289665226,29.311017990112305,53.73805236816406,0.0,1.3062057495117188,True
Cipondoh,2026-08-10,70.80077378646187,Sedang,50.538867473602295,39.02896298811986,8.412812900543212,70.80077378646187,17.755530029535294,28.011524200439453,63.51730728149414,0.0029392540454864,3.0456323623657227,True
Cipondoh Indah,2026-08-10,70.80077378646187,Sedang,50.538867473602295,39.02896298811986,8.412812900543212,70.80077378646187,17.755530029535294,28.011524200439453,63.51730728149414,0.0029392540454864,3.0456323623657227,True
Cipondoh Makmur,2026-08-10,70.80077378646187,Sedang,50.538867473602295,39.02896298811986,8.412812900543212,70.80077378646187,17.755530029535294,28.011524200439453,63.51730728149414,0.0029392540454864,3.0456323623657227,True
Cipulir,2026-08-10,75.3018860194994,Sedang,57.34569716453552,53.67030594497919,10.080851078033447,75.3018860194994,21.882464289665226,29.311017990112305,53.73805236816406,0.0,1.3062057495117188,True
Ciracas,2026-08-10,75.3018860194994,Sedang,57.34569716453552,53.67030594497919,10.080851078033447,75.3018860194994,21.882464289665226,29.311017990112305,53.73805236816406,0.0,1.3062057495117188,True
Dukuh,2026-08-10,75.3018860194994,Sedang,57.34569716453552,53.67030594497919,10.080851078033447,75.3018860194994,21.882464289665226,29.311017990112305,53.73805236816406,0.0,1.3062057495117188,True
Duren Sawit,2026-08-10,75.3018860194994,Sedang,57.34569716453552,53.67030594497919,10.080851078033447,75.3018860194994,21.882464289665226,29.311017990112305,53.73805236816406,0.0,1.3062057495117188,True
Duren Tiga,2026-08-10,75.3018860194994,Sedang,57.34569716453552,53.67030594497919,10.080851078033447,75.3018860194994,21.882464289665226,29.311017990112305,53.73805236816406,0.0,1.3062057495117188,True
Duri Kepa,2026-08-10,70.80077378646187,Sedang,50.538867473602295,39.02896298811986,8.412812900543212,70.80077378646187,17.755530029535294,28.011524200439453,63.51730728149414,0.0029392540454864,3.0456323623657227,True
Duri Kosambi,2026-08-10,70.80077378646187,Sedang,50.538867473602295,39.02896298811986,8.412812900543212,70.80077378646187,17.755530029535294,28.011524200439453,63.51730728149414,0.0029392540454864,3.0456323623657227,True
Duri Pulo,2026-08-10,70.80077378646187,Sedang,50.538867473602295,39.02896298811986,8.412812900543212,70.80077378646187,17.755530029535294,28.011524200439453,63.51730728149414,0.0029392540454864,3.0456323623657227,True
Duri Selatan,2026-08-10,70.80077378646187,Sedang,50.538867473602295,39.02896298811986,8.412812900543212,70.80077378646187,17.755530029535294,28.011524200439453,63.51730728149414,0.0029392540454864,3.0456323623657227,True
Duri Utara,2026-08-10,70.80077378646187,Sedang,50.538867473602295,39.02896298811986,8.412812900543212,70.80077378646187,17.755530029535294,28.011524200439453,63.51730728149414,0.0029392540454864,3.0456323623657227,True
Gaga,2026-08-10,75.3018860194994,Sedang,57.34569716453552,53.67030594497919,10.080851078033447,75.3018860194994,21.882464289665226,29.311017990112305,53.73805236816406,0.0,1.3062057495117188,True
Galur,2026-08-10,70.80077378646187,Sedang,50.538867473602295,39.02896298811986,8.412812900543212,70.80077378646187,17.755530029535294,28.011524200439453,63.51730728149414,0.0029392540454864,3.0456323623657227,True
Gambir,2026-08-10,70.80077378646187,Sedang,50.538867473602295,39.02896298811986,8.412812900543212,70.80077378646187,17.755530029535294,28.011524200439453,63.51730728149414,0.0029392540454864,3.0456323623657227,True
Gandaria Selatan,2026-08-10,75.3018860194994,Sedang,57.34569716453552,53.67030594497919,10.080851078033447,75.3018860194994,21.882464289665226,29.311017990112305,53.73805236816406,0.0,1.3062057495117188,True
Gandaria Utara,2026-08-10,75.3018860194994,Sedang,57.34569716453552,53.67030594497919,10.080851078033447,75.3018860194994,21.882464289665226,29.311017990112305,53.73805236816406,0.0,1.3062057495117188,True
Gandasari,2026-08-10,63.42610068943189,Sedang,54.206422328948975,51.01791322231293,5.5864341259002686,63.42610068943189,11.072333082556725,28.37059211730957,62.63878631591797,0.0565070658922195,1.3906131982803345,True
Gebang Raya,2026-08-10,60.4110918045044,Sedang,60.4110918045044,51.86191275715828,5.791807746887207,46.14844640096029,17.23035991191864,27.662168502807617,68.69087982177734,0.0543082132935524,2.2039060592651367,True
Gedong,2026-08-10,75.3018860194994,Sedang,57.34569716453552,53.67030594497919,10.080851078033447,75.3018860194994,21.882464289665226,29.311017990112305,53.73805236816406,0.0,1.3062057495117188,True
Gelora,2026-08-10,75.3018860194994,Sedang,57.34569716453552,53.67030594497919,10.080851078033447,75.3018860194994,21.882464289665226,29.311017990112305,53.73805236816406,0.0,1.3062057495117188,True
Gembor,2026-08-10,60.4110918045044,Sedang,60.4110918045044,51.86191275715828,5.791807746887207,46.14844640096029,17.23035991191864,27.662168502807617,68.69087982177734,0.0543082132935524,2.2039060592651367,True
Gerendeng,2026-08-10,70.80077378646187,Sedang,50.538867473602295,39.02896298811986,8.412812900543212,70.80077378646187,17.755530029535294,28.011524200439453,63.51730728149414,0.0029392540454864,3.0456323623657227,True
Glodok,2026-08-10,70.80077378646187,Sedang,50.538867473602295,39.02896298811986,8.412812900543212,70.80077378646187,17.755530029535294,28.011524200439453,63.51730728149414,0.0029392540454864,3.0456323623657227,True
Gondangdia,2026-08-10,70.80077378646187,Sedang,50.538867473602295,39.02896298811986,8.412812900543212,70.80077378646187,17.755530029535294,28.011524200439453,63.51730728149414,0.0029392540454864,3.0456323623657227,True
Gondrong,2026-08-10,70.80077378646187,Sedang,50.538867473602295,39.02896298811986,8.412812900543212,70.80077378646187,17.755530029535294,28.011524200439453,63.51730728149414,0.0029392540454864,3.0456323623657227,True
Grogol,2026-08-10,70.80077378646187,Sedang,50.538867473602295,39.02896298811986,8.412812900543212,70.80077378646187,17.755530029535294,28.011524200439453,63.51730728149414,0.0029392540454864,3.0456323623657227,True
Grogol Selatan,2026-08-10,75.3018860194994,Sedang,57.34569716453552,53.67030594497919,10.080851078033447,75.3018860194994,21.882464289665226,29.311017990112305,53.73805236816406,0.0,1.3062057495117188,True
Grogol Utara,2026-08-10,75.3018860194994,Sedang,57.34569716453552,53.67030594497919,10.080851078033447,75.3018860194994,21.882464289665226,29.311017990112305,53.73805236816406,0.0,1.3062057495117188,True
Guntur,2026-08-10,75.3018860194994,Sedang,57.34569716453552,53.67030594497919,10.080851078033447,75.3018860194994,21.882464289665226,29.311017990112305,53.73805236816406,0.0,1.3062057495117188,True
Gunung,2026-08-10,75.3018860194994,Sedang,57.34569716453552,53.67030594497919,10.080851078033447,75.3018860194994,21.882464289665226,29.311017990112305,53.73805236816406,0.0,1.3062057495117188,True
Gunung Sahari Selatan,2026-08-10,70.80077378646187,Sedang,50.538867473602295,39.02896298811986,8.412812900543212,70.80077378646187,17.755530029535294,28.011524200439453,63.51730728149414,0.0029392540454864,3.0456323623657227,True
Gunung Sahari Utara,2026-08-10,70.80077378646187,Sedang,50.538867473602295,39.02896298811986,8.412812900543212,70.80077378646187,17.755530029535294,28.011524200439453,63.51730728149414,0.0029392540454864,3.0456323623657227,True
Halim Perdana Kusuma,2026-08-10,75.3018860194994,Sedang,57.34569716453552,53.67030594497919,10.080851078033447,75.3018860194994,21.882464289665226,29.311017990112305,53.73805236816406,0.0,1.3062057495117188,True
Harapan Mulya,2026-08-10,70.80077378646187,Sedang,50.538867473602295,39.02896298811986,8.412812900543212,70.80077378646187,17.755530029535294,28.011524200439453,63.51730728149414,0.0029392540454864,3.0456323623657227,True
Jagakarsa,2026-08-10,75.3018860194994,Sedang,57.34569716453552,53.67030594497919,10.080851078033447,75.3018860194994,21.882464289665226,29.311017990112305,53.73805236816406,0.0,1.3062057495117188,True
Jatake,2026-08-10,63.42610068943189,Sedang,54.206422328948975,51.01791322231293,5.5864341259002686,63.42610068943189,11.072333082556725,28.37059211730957,62.63878631591797,0.0565070658922195,1.3906131982803345,True
Jati,2026-08-10,70.80077378646187,Sedang,50.538867473602295,39.02896298811986,8.412812900543212,70.80077378646187,17.755530029535294,28.011524200439453,63.51730728149414,0.0029392540454864,3.0456323623657227,True
Jati Padang,2026-08-10,75.3018860194994,Sedang,57.34569716453552,53.67030594497919,10.080851078033447,75.3018860194994,21.882464289665226,29.311017990112305,53.73805236816406,0.0,1.3062057495117188,True
Jati Pulo,2026-08-10,70.80077378646187,Sedang,50.538867473602295,39.02896298811986,8.412812900543212,70.80077378646187,17.755530029535294,28.011524200439453,63.51730728149414,0.0029392540454864,3.0456323623657227,True
Jatinegara,2026-08-10,75.3018860194994,Sedang,57.34569716453552,53.67030594497919,10.080851078033447,75.3018860194994,21.882464289665226,29.311017990112305,53.73805236816406,0.0,1.3062057495117188,True
Jatinegara Kaum,2026-08-10,75.3018860194994,Sedang,57.34569716453552,53.67030594497919,10.080851078033447,75.3018860194994,21.882464289665226,29.311017990112305,53.73805236816406,0.0,1.3062057495117188,True
Jatiuwung,2026-08-10,60.4110918045044,Sedang,60.4110918045044,51.86191275715828,5.791807746887207,46.14844640096029,17.23035991191864,27.662168502807617,68.69087982177734,0.0543082132935524,2.2039060592651367,True
Jelambar,2026-08-10,70.80077378646187,Sedang,50.538867473602295,39.02896298811986,8.412812900543212,70.80077378646187,17.755530029535294,28.011524200439453,63.51730728149414,0.0029392540454864,3.0456323623657227,True
Jelambar Baru,2026-08-10,70.80077378646187,Sedang,50.538867473602295,39.02896298811986,8.412812900543212,70.80077378646187,17.755530029535294,28.011524200439453,63.51730728149414,0.0029392540454864,3.0456323623657227,True
Jembatan Besi,2026-08-10,70.80077378646187,Sedang,50.538867473602295,39.02896298811986,8.412812900543212,70.80077378646187,17.755530029535294,28.011524200439453,63.51730728149414,0.0029392540454864,3.0456323623657227,True
Jembatan Lima,2026-08-10,70.80077378646187,Sedang,50.538867473602295,39.02896298811986,8.412812900543212,70.80077378646187,17.755530029535294,28.011524200439453,63.51730728149414,0.0029392540454864,3.0456323623657227,True
Joglo,2026-08-10,75.3018860194994,Sedang,57.34569716453552,53.67030594497919,10.080851078033447,75.3018860194994,21.882464289665226,29.311017990112305,53.73805236816406,0.0,1.3062057495117188,True
Johar Baru,2026-08-10,70.80077378646187,Sedang,50.538867473602295,39.02896298811986,8.412812900543212,70.80077378646187,17.755530029535294,28.011524200439453,63.51730728149414,0.0029392540454864,3.0456323623657227,True
Jurumudi,2026-08-10,70.80077378646187,Sedang,50.538867473602295,39.02896298811986,8.412812900543212,70.80077378646187,17.755530029535294,28.011524200439453,63.51730728149414,0.0029392540454864,3.0456323623657227,True
Jurumudi Baru,2026-08-10,70.80077378646187,Sedang,50.538867473602295,39.02896298811986,8.412812900543212,70.80077378646187,17.755530029535294,28.011524200439453,63.51730728149414,0.0029392540454864,3.0456323623657227,True
Kalianyar,2026-08-10,70.80077378646187,Sedang,50.538867473602295,39.02896298811986,8.412812900543212,70.80077378646187,17.755530029535294,28.011524200439453,63.51730728149414,0.0029392540454864,3.0456323623657227,True
Kalibaru,2026-08-10,70.80077378646187,Sedang,50.538867473602295,39.02896298811986,8.412812900543212,70.80077378646187,17.755530029535294,28.011524200439453,63.51730728149414,0.0029392540454864,3.0456323623657227,True
Kalibata,2026-08-10,75.3018860194994,Sedang,57.34569716453552,53.67030594497919,10.080851078033447,75.3018860194994,21.882464289665226,29.311017990112305,53.73805236816406,0.0,1.3062057495117188,True
Kalideres,2026-08-10,70.80077378646187,Sedang,50.538867473602295,39.02896298811986,8.412812900543212,70.80077378646187,17.755530029535294,28.011524200439453,63.51730728149414,0.0029392540454864,3.0456323623657227,True
Kalisari,2026-08-10,75.3018860194994,Sedang,57.34569716453552,53.67030594497919,10.080851078033447,75.3018860194994,21.882464289665226,29.311017990112305,53.73805236816406,0.0,1.3062057495117188,True
Kamal,2026-08-10,70.80077378646187,Sedang,50.538867473602295,39.02896298811986,8.412812900543212,70.80077378646187,17.755530029535294,28.011524200439453,63.51730728149414,0.0029392540454864,3.0456323623657227,True
Kamal Muara,2026-08-10,70.80077378646187,Sedang,50.538867473602295,39.02896298811986,8.412812900543212,70.80077378646187,17.755530029535294,28.011524200439453,63.51730728149414,0.0029392540454864,3.0456323623657227,True
Kampung Bali,2026-08-10,70.80077378646187,Sedang,50.538867473602295,39.02896298811986,8.412812900543212,70.80077378646187,17.755530029535294,28.011524200439453,63.51730728149414,0.0029392540454864,3.0456323623657227,True
Kampung Melayu,2026-08-10,75.3018860194994,Sedang,57.34569716453552,53.67030594497919,10.080851078033447,75.3018860194994,21.882464289665226,29.311017990112305,53.73805236816406,0.0,1.3062057495117188,True
Kampung Rawa,2026-08-10,70.80077378646187,Sedang,50.538867473602295,39.02896298811986,8.412812900543212,70.80077378646187,17.755530029535294,28.011524200439453,63.51730728149414,0.0029392540454864,3.0456323623657227,True
Kampung Tengah,2026-08-10,75.3018860194994,Sedang,57.34569716453552,53.67030594497919,10.080851078033447,75.3018860194994,21.882464289665226,29.311017990112305,53.73805236816406,0.0,1.3062057495117188,True
Kapuk,2026-08-10,70.80077378646187,Sedang,50.538867473602295,39.02896298811986,8.412812900543212,70.80077378646187,17.755530029535294,28.011524200439453,63.51730728149414,0.0029392540454864,3.0456323623657227,True
Kapuk Muara,2026-08-10,70.80077378646187,Sedang,50.538867473602295,39.02896298811986,8.412812900543212,70.80077378646187,17.755530029535294,28.011524200439453,63.51730728149414,0.0029392540454864,3.0456323623657227,True
Karang Anyar Jakarta,2026-08-10,70.80077378646187,Sedang,50.538867473602295,39.02896298811986,8.412812900543212,70.80077378646187,17.755530029535294,28.011524200439453,63.51730728149414,0.0029392540454864,3.0456323623657227,True
Karang Anyar Tangerang,2026-08-10,70.80077378646187,Sedang,50.538867473602295,39.02896298811986,8.412812900543212,70.80077378646187,17.755530029535294,28.011524200439453,63.51730728149414,0.0029392540454864,3.0456323623657227,True
Karang Mulya,2026-08-10,75.3018860194994,Sedang,57.34569716453552,53.67030594497919,10.080851078033447,75.3018860194994,21.882464289665226,29.311017990112305,53.73805236816406,0.0,1.3062057495117188,True
Karang Sari,2026-08-10,70.80077378646187,Sedang,50.538867473602295,39.02896298811986,8.412812900543212,70.80077378646187,17.755530029535294,28.011524200439453,63.51730728149414,0.0029392540454864,3.0456323623657227,True
Karang Tengah,2026-08-10,75.3018860194994,Sedang,57.34569716453552,53.67030594497919,10.080851078033447,75.3018860194994,21.882464289665226,29.311017990112305,53.73805236816406,0.0,1.3062057495117188,True
Karang Timur,2026-08-10,75.3018860194994,Sedang,57.34569716453552,53.67030594497919,10.080851078033447,75.3018860194994,21.882464289665226,29.311017990112305,53.73805236816406,0.0,1.3062057495117188,True
Karawaci,2026-08-10,70.80077378646187,Sedang,50.538867473602295,39.02896298811986,8.412812900543212,70.80077378646187,17.755530029535294,28.011524200439453,63.51730728149414,0.0029392540454864,3.0456323623657227,True
Karawaci Baru,2026-08-10,75.3018860194994,Sedang,57.34569716453552,53.67030594497919,10.080851078033447,75.3018860194994,21.882464289665226,29.311017990112305,53.73805236816406,0.0,1.3062057495117188,True
Karet,2026-08-10,75.3018860194994,Sedang,57.34569716453552,53.67030594497919,10.080851078033447,75.3018860194994,21.882464289665226,29.311017990112305,53.73805236816406,0.0,1.3062057495117188,True
Karet Kuningan,2026-08-10,75.3018860194994,Sedang,57.34569716453552,53.67030594497919,10.080851078033447,75.3018860194994,21.882464289665226,29.311017990112305,53.73805236816406,0.0,1.3062057495117188,True
Karet Semanggi,2026-08-10,75.3018860194994,Sedang,57.34569716453552,53.67030594497919,10.080851078033447,75.3018860194994,21.882464289665226,29.311017990112305,53.73805236816406,0.0,1.3062057495117188,True
Karet Tengsin,2026-08-10,75.3018860194994,Sedang,57.34569716453552,53.67030594497919,10.080851078033447,75.3018860194994,21.882464289665226,29.311017990112305,53.73805236816406,0.0,1.3062057495117188,True
Kartini,2026-08-10,70.80077378646187,Sedang,50.538867473602295,39.02896298811986,8.412812900543212,70.80077378646187,17.755530029535294,28.011524200439453,63.51730728149414,0.0029392540454864,3.0456323623657227,True
Kayu Manis,2026-08-10,75.3018860194994,Sedang,57.34569716453552,53.67030594497919,10.080851078033447,75.3018860194994,21.882464289665226,29.311017990112305,53.73805236816406,0.0,1.3062057495117188,True
Kayu Putih,2026-08-10,70.80077378646187,Sedang,50.538867473602295,39.02896298811986,8.412812900543212,70.80077378646187,17.755530029535294,28.011524200439453,63.51730728149414,0.0029392540454864,3.0456323623657227,True
Keagungan,2026-08-10,70.80077378646187,Sedang,50.538867473602295,39.02896298811986,8.412812900543212,70.80077378646187,17.755530029535294,28.011524200439453,63.51730728149414,0.0029392540454864,3.0456323623657227,True
Kebagusan,2026-08-10,75.3018860194994,Sedang,57.34569716453552,53.67030594497919,10.080851078033447,75.3018860194994,21.882464289665226,29.311017990112305,53.73805236816406,0.0,1.3062057495117188,True
Kebayoran Lama Selatan,2026-08-10,75.3018860194994,Sedang,57.34569716453552,53.67030594497919,10.080851078033447,75.3018860194994,21.882464289665226,29.311017990112305,53.73805236816406,0.0,1.3062057495117188,True
Kebayoran Lama Utara,2026-08-10,75.3018860194994,Sedang,57.34569716453552,53.67030594497919,10.080851078033447,75.3018860194994,21.882464289665226,29.311017990112305,53.73805236816406,0.0,1.3062057495117188,True
Kebon Baru,2026-08-10,75.3018860194994,Sedang,57.34569716453552,53.67030594497919,10.080851078033447,75.3018860194994,21.882464289665226,29.311017990112305,53.73805236816406,0.0,1.3062057495117188,True
Kebon Bawang,2026-08-10,70.80077378646187,Sedang,50.538867473602295,39.02896298811986,8.412812900543212,70.80077378646187,17.755530029535294,28.011524200439453,63.51730728149414,0.0029392540454864,3.0456323623657227,True
Kebon Besar,2026-08-10,70.80077378646187,Sedang,50.538867473602295,39.02896298811986,8.412812900543212,70.80077378646187,17.755530029535294,28.011524200439453,63.51730728149414,0.0029392540454864,3.0456323623657227,True
Kebon Jeruk,2026-08-10,70.80077378646187,Sedang,50.538867473602295,39.02896298811986,8.412812900543212,70.80077378646187,17.755530029535294,28.011524200439453,63.51730728149414,0.0029392540454864,3.0456323623657227,True
Kebon Kacang,2026-08-10,70.80077378646187,Sedang,50.538867473602295,39.02896298811986,8.412812900543212,70.80077378646187,17.755530029535294,28.011524200439453,63.51730728149414,0.0029392540454864,3.0456323623657227,True
Kebon Kelapa,2026-08-10,70.80077378646187,Sedang,50.538867473602295,39.02896298811986,8.412812900543212,70.80077378646187,17.755530029535294,28.011524200439453,63.51730728149414,0.0029392540454864,3.0456323623657227,True
Kebon Kosong,2026-08-10,70.80077378646187,Sedang,50.538867473602295,39.02896298811986,8.412812900543212,70.80077378646187,17.755530029535294,28.011524200439453,63.51730728149414,0.0029392540454864,3.0456323623657227,True
Kebon Manggis,2026-08-10,75.3018860194994,Sedang,57.34569716453552,53.67030594497919,10.080851078033447,75.3018860194994,21.882464289665226,29.311017990112305,53.73805236816406,0.0,1.3062057495117188,True
Kebon Melati,2026-08-10,70.80077378646187,Sedang,50.538867473602295,39.02896298811986,8.412812900543212,70.80077378646187,17.755530029535294,28.011524200439453,63.51730728149414,0.0029392540454864,3.0456323623657227,True
Kebon Pala,2026-08-10,75.3018860194994,Sedang,57.34569716453552,53.67030594497919,10.080851078033447,75.3018860194994,21.882464289665226,29.311017990112305,53.73805236816406,0.0,1.3062057495117188,True
Kebon Sirih,2026-08-10,70.80077378646187,Sedang,50.538867473602295,39.02896298811986,8.412812900543212,70.80077378646187,17.755530029535294,28.011524200439453,63.51730728149414,0.0029392540454864,3.0456323623657227,True
Kedaung Baru,2026-08-10,70.80077378646187,Sedang,50.538867473602295,39.02896298811986,8.412812900543212,70.80077378646187,17.755530029535294,28.011524200439453,63.51730728149414,0.0029392540454864,3.0456323623657227,True
Kedaung Kali Angke,2026-08-10,70.80077378646187,Sedang,50.538867473602295,39.02896298811986,8.412812900543212,70.80077378646187,17.755530029535294,28.011524200439453,63.51730728149414,0.0029392540454864,3.0456323623657227,True
Kedaung Wetan,2026-08-10,70.80077378646187,Sedang,50.538867473602295,39.02896298811986,8.412812900543212,70.80077378646187,17.755530029535294,28.011524200439453,63.51730728149414,0.0029392540454864,3.0456323623657227,True
Kedoya Selatan,2026-08-10,70.80077378646187,Sedang,50.538867473602295,39.02896298811986,8.412812900543212,70.80077378646187,17.755530029535294,28.011524200439453,63.51730728149414,0.0029392540454864,3.0456323623657227,True
Kedoya Utara,2026-08-10,70.80077378646187,Sedang,50.538867473602295,39.02896298811986,8.412812900543212,70.80077378646187,17.755530029535294,28.011524200439453,63.51730728149414,0.0029392540454864,3.0456323623657227,True
Kelapa Dua,2026-08-10,75.3018860194994,Sedang,57.34569716453552,53.67030594497919,10.080851078033447,75.3018860194994,21.882464289665226,29.311017990112305,53.73805236816406,0.0,1.3062057495117188,True
Kelapa Dua Wetan,2026-08-10,75.3018860194994,Sedang,57.34569716453552,53.67030594497919,10.080851078033447,75.3018860194994,21.882464289665226,29.311017990112305,53.73805236816406,0.0,1.3062057495117188,True
Kelapa Gading Barat,2026-08-10,70.80077378646187,Sedang,50.538867473602295,39.02896298811986,8.412812900543212,70.80077378646187,17.755530029535294,28.011524200439453,63.51730728149414,0.0029392540454864,3.0456323623657227,True
Kelapa Gading Timur,2026-08-10,70.80077378646187,Sedang,50.538867473602295,39.02896298811986,8.412812900543212,70.80077378646187,17.755530029535294,28.011524200439453,63.51730728149414,0.0029392540454864,3.0456323623657227,True
Kelapa Indah,2026-08-10,70.80077378646187,Sedang,50.538867473602295,39.02896298811986,8.412812900543212,70.80077378646187,17.755530029535294,28.011524200439453,63.51730728149414,0.0029392540454864,3.0456323623657227,True
Kemanggisan,2026-08-10,70.80077378646187,Sedang,50.538867473602295,39.02896298811986,8.412812900543212,70.80077378646187,17.755530029535294,28.011524200439453,63.51730728149414,0.0029392540454864,3.0456323623657227,True
Kemayoran,2026-08-10,70.80077378646187,Sedang,50.538867473602295,39.02896298811986,8.412812900543212,70.80077378646187,17.755530029535294,28.011524200439453,63.51730728149414,0.0029392540454864,3.0456323623657227,True
Kembangan Selatan,2026-08-10,70.80077378646187,Sedang,50.538867473602295,39.02896298811986,8.412812900543212,70.80077378646187,17.755530029535294,28.011524200439453,63.51730728149414,0.0029392540454864,3.0456323623657227,True
Kembangan Utara,2026-08-10,70.80077378646187,Sedang,50.538867473602295,39.02896298811986,8.412812900543212,70.80077378646187,17.755530029535294,28.011524200439453,63.51730728149414,0.0029392540454864,3.0456323623657227,True
Kenanga,2026-08-10,70.80077378646187,Sedang,50.538867473602295,39.02896298811986,8.412812900543212,70.80077378646187,17.755530029535294,28.011524200439453,63.51730728149414,0.0029392540454864,3.0456323623657227,True
Kenari,2026-08-10,70.80077378646187,Sedang,50.538867473602295,39.02896298811986,8.412812900543212,70.80077378646187,17.755530029535294,28.011524200439453,63.51730728149414,0.0029392540454864,3.0456323623657227,True
Keroncong,2026-08-10,60.4110918045044,Sedang,60.4110918045044,51.86191275715828,5.791807746887207,46.14844640096029,17.23035991191864,27.662168502807617,68.69087982177734,0.0543082132935524,2.2039060592651367,True
Ketapang,2026-08-10,70.80077378646187,Sedang,50.538867473602295,39.02896298811986,8.412812900543212,70.80077378646187,17.755530029535294,28.011524200439453,63.51730728149414,0.0029392540454864,3.0456323623657227,True
Klender,2026-08-10,75.3018860194994,Sedang,57.34569716453552,53.67030594497919,10.080851078033447,75.3018860194994,21.882464289665226,29.311017990112305,53.73805236816406,0.0,1.3062057495117188,True
Koang Jaya,2026-08-10,70.80077378646187,Sedang,50.538867473602295,39.02896298811986,8.412812900543212,70.80077378646187,17.755530029535294,28.011524200439453,63.51730728149414,0.0029392540454864,3.0456323623657227,True
Koja,2026-08-10,70.80077378646187,Sedang,50.538867473602295,39.02896298811986,8.412812900543212,70.80077378646187,17.755530029535294,28.011524200439453,63.51730728149414,0.0029392540454864,3.0456323623657227,True
Kota Bambu Selatan,2026-08-10,70.80077378646187,Sedang,50.538867473602295,39.02896298811986,8.412812900543212,70.80077378646187,17.755530029535294,28.011524200439453,63.51730728149414,0.0029392540454864,3.0456323623657227,True
Kota Bambu Utara,2026-08-10,70.80077378646187,Sedang,50.538867473602295,39.02896298811986,8.412812900543212,70.80077378646187,17.755530029535294,28.011524200439453,63.51730728149414,0.0029392540454864,3.0456323623657227,True
Kramat,2026-08-10,70.80077378646187,Sedang,50.538867473602295,39.02896298811986,8.412812900543212,70.80077378646187,17.755530029535294,28.011524200439453,63.51730728149414,0.0029392540454864,3.0456323623657227,True
Kramat Jati,2026-08-10,75.3018860194994,Sedang,57.34569716453552,53.67030594497919,10.080851078033447,75.3018860194994,21.882464289665226,29.311017990112305,53.73805236816406,0.0,1.3062057495117188,True
Kramat Pela,2026-08-10,75.3018860194994,Sedang,57.34569716453552,53.67030594497919,10.080851078033447,75.3018860194994,21.882464289665226,29.311017990112305,53.73805236816406,0.0,1.3062057495117188,True
Krendang,2026-08-10,70.80077378646187,Sedang,50.538867473602295,39.02896298811986,8.412812900543212,70.80077378646187,17.755530029535294,28.011524200439453,63.51730728149414,0.0029392540454864,3.0456323623657227,True
Kreo,2026-08-10,75.3018860194994,Sedang,57.34569716453552,53.67030594497919,10.080851078033447,75.3018860194994,21.882464289665226,29.311017990112305,53.73805236816406,0.0,1.3062057495117188,True
Kreo Selatan,2026-08-10,75.3018860194994,Sedang,57.34569716453552,53.67030594497919,10.080851078033447,75.3018860194994,21.882464289665226,29.311017990112305,53.73805236816406,0.0,1.3062057495117188,True
Krukut,2026-08-10,70.80077378646187,Sedang,50.538867473602295,39.02896298811986,8.412812900543212,70.80077378646187,17.755530029535294,28.011524200439453,63.51730728149414,0.0029392540454864,3.0456323623657227,True
Kunciran,2026-08-10,75.3018860194994,Sedang,57.34569716453552,53.67030594497919,10.080851078033447,75.3018860194994,21.882464289665226,29.311017990112305,53.73805236816406,0.0,1.3062057495117188,True
Kunciran Indah,2026-08-10,75.3018860194994,Sedang,57.34569716453552,53.67030594497919,10.080851078033447,75.3018860194994,21.882464289665226,29.311017990112305,53.73805236816406,0.0,1.3062057495117188,True
Kunciran Jaya,2026-08-10,75.3018860194994,Sedang,57.34569716453552,53.67030594497919,10.080851078033447,75.3018860194994,21.882464289665226,29.311017990112305,53.73805236816406,0.0,1.3062057495117188,True
Kuningan Barat,2026-08-10,75.3018860194994,Sedang,57.34569716453552,53.67030594497919,10.080851078033447,75.3018860194994,21.882464289665226,29.311017990112305,53.73805236816406,0.0,1.3062057495117188,True
Kuningan Timur,2026-08-10,75.3018860194994,Sedang,57.34569716453552,53.67030594497919,10.080851078033447,75.3018860194994,21.882464289665226,29.311017990112305,53.73805236816406,0.0,1.3062057495117188,True
Kwitang,2026-08-10,70.80077378646187,Sedang,50.538867473602295,39.02896298811986,8.412812900543212,70.80077378646187,17.755530029535294,28.011524200439453,63.51730728149414,0.0029392540454864,3.0456323623657227,True
Lagoa,2026-08-10,70.80077378646187,Sedang,50.538867473602295,39.02896298811986,8.412812900543212,70.80077378646187,17.755530029535294,28.011524200439453,63.51730728149414,0.0029392540454864,3.0456323623657227,True
Larangan Indah,2026-08-10,75.3018860194994,Sedang,57.34569716453552,53.67030594497919,10.080851078033447,75.3018860194994,21.882464289665226,29.311017990112305,53.73805236816406,0.0,1.3062057495117188,True
Larangan Utara,2026-08-10,75.3018860194994,Sedang,57.34569716453552,53.67030594497919,10.080851078033447,75.3018860194994,21.882464289665226,29.311017990112305,53.73805236816406,0.0,1.3062057495117188,True
Lebak Bulus,2026-08-10,75.3018860194994,Sedang,57.34569716453552,53.67030594497919,10.080851078033447,75.3018860194994,21.882464289665226,29.311017990112305,53.73805236816406,0.0,1.3062057495117188,True
Lenteng Agung,2026-08-10,75.3018860194994,Sedang,57.34569716453552,53.67030594497919,10.080851078033447,75.3018860194994,21.882464289665226,29.311017990112305,53.73805236816406,0.0,1.3062057495117188,True
Lubang Buaya,2026-08-10,75.3018860194994,Sedang,57.34569716453552,53.67030594497919,10.080851078033447,75.3018860194994,21.882464289665226,29.311017990112305,53.73805236816406,0.0,1.3062057495117188,True
Makasar,2026-08-10,75.3018860194994,Sedang,57.34569716453552,53.67030594497919,10.080851078033447,75.3018860194994,21.882464289665226,29.311017990112305,53.73805236816406,0.0,1.3062057495117188,True
Malaka Jaya,2026-08-10,75.3018860194994,Sedang,57.34569716453552,53.67030594497919,10.080851078033447,75.3018860194994,21.882464289665226,29.311017990112305,53.73805236816406,0.0,1.3062057495117188,True
Malaka Sari,2026-08-10,75.3018860194994,Sedang,57.34569716453552,53.67030594497919,10.080851078033447,75.3018860194994,21.882464289665226,29.311017990112305,53.73805236816406,0.0,1.3062057495117188,True
Mampang Prapatan,2026-08-10,75.3018860194994,Sedang,57.34569716453552,53.67030594497919,10.080851078033447,75.3018860194994,21.882464289665226,29.311017990112305,53.73805236816406,0.0,1.3062057495117188,True
Mangga Besar,2026-08-10,70.80077378646187,Sedang,50.538867473602295,39.02896298811986,8.412812900543212,70.80077378646187,17.755530029535294,28.011524200439453,63.51730728149414,0.0029392540454864,3.0456323623657227,True
Mangga Dua Selatan,2026-08-10,70.80077378646187,Sedang,50.538867473602295,39.02896298811986,8.412812900543212,70.80077378646187,17.755530029535294,28.011524200439453,63.51730728149414,0.0029392540454864,3.0456323623657227,True
Manggarai,2026-08-10,75.3018860194994,Sedang,57.34569716453552,53.67030594497919,10.080851078033447,75.3018860194994,21.882464289665226,29.311017990112305,53.73805236816406,0.0,1.3062057495117188,True
Manggarai Selatan,2026-08-10,75.3018860194994,Sedang,57.34569716453552,53.67030594497919,10.080851078033447,75.3018860194994,21.882464289665226,29.311017990112305,53.73805236816406,0.0,1.3062057495117188,True
Manis Jaya,2026-08-10,63.42610068943189,Sedang,54.206422328948975,51.01791322231293,5.5864341259002686,63.42610068943189,11.072333082556725,28.37059211730957,62.63878631591797,0.0565070658922195,1.3906131982803345,True
Maphar,2026-08-10,70.80077378646187,Sedang,50.538867473602295,39.02896298811986,8.412812900543212,70.80077378646187,17.755530029535294,28.011524200439453,63.51730728149414,0.0029392540454864,3.0456323623657227,True
Margasari,2026-08-10,70.80077378646187,Sedang,50.538867473602295,39.02896298811986,8.412812900543212,70.80077378646187,17.755530029535294,28.011524200439453,63.51730728149414,0.0029392540454864,3.0456323623657227,True
Marunda,2026-08-10,70.80077378646187,Sedang,50.538867473602295,39.02896298811986,8.412812900543212,70.80077378646187,17.755530029535294,28.011524200439453,63.51730728149414,0.0029392540454864,3.0456323623657227,True
Mekarsari,2026-08-10,70.80077378646187,Sedang,50.538867473602295,39.02896298811986,8.412812900543212,70.80077378646187,17.755530029535294,28.011524200439453,63.51730728149414,0.0029392540454864,3.0456323623657227,True
Melawai,2026-08-10,75.3018860194994,Sedang,57.34569716453552,53.67030594497919,10.080851078033447,75.3018860194994,21.882464289665226,29.311017990112305,53.73805236816406,0.0,1.3062057495117188,True
Menteng,2026-08-10,75.3018860194994,Sedang,57.34569716453552,53.67030594497919,10.080851078033447,75.3018860194994,21.882464289665226,29.311017990112305,53.73805236816406,0.0,1.3062057495117188,True
Menteng Atas,2026-08-10,75.3018860194994,Sedang,57.34569716453552,53.67030594497919,10.080851078033447,75.3018860194994,21.882464289665226,29.311017990112305,53.73805236816406,0.0,1.3062057495117188,True
Menteng Dalam,2026-08-10,75.3018860194994,Sedang,57.34569716453552,53.67030594497919,10.080851078033447,75.3018860194994,21.882464289665226,29.311017990112305,53.73805236816406,0.0,1.3062057495117188,True
Meruya Selatan,2026-08-10,75.3018860194994,Sedang,57.34569716453552,53.67030594497919,10.080851078033447,75.3018860194994,21.882464289665226,29.311017990112305,53.73805236816406,0.0,1.3062057495117188,True
Meruya Utara,2026-08-10,70.80077378646187,Sedang,50.538867473602295,39.02896298811986,8.412812900543212,70.80077378646187,17.755530029535294,28.011524200439453,63.51730728149414,0.0029392540454864,3.0456323623657227,True
Munjul,2026-08-10,75.3018860194994,Sedang,57.34569716453552,53.67030594497919,10.080851078033447,75.3018860194994,21.882464289665226,29.311017990112305,53.73805236816406,0.0,1.3062057495117188,True
Nambo Jaya,2026-08-10,70.80077378646187,Sedang,50.538867473602295,39.02896298811986,8.412812900543212,70.80077378646187,17.755530029535294,28.011524200439453,63.51730728149414,0.0029392540454864,3.0456323623657227,True
Neglasari,2026-08-10,70.80077378646187,Sedang,50.538867473602295,39.02896298811986,8.412812900543212,70.80077378646187,17.755530029535294,28.011524200439453,63.51730728149414,0.0029392540454864,3.0456323623657227,True
Nerogtog,2026-08-10,75.3018860194994,Sedang,57.34569716453552,53.67030594497919,10.080851078033447,75.3018860194994,21.882464289665226,29.311017990112305,53.73805236816406,0.0,1.3062057495117188,True
Nusa Jaya,2026-08-10,75.3018860194994,Sedang,57.34569716453552,53.67030594497919,10.080851078033447,75.3018860194994,21.882464289665226,29.311017990112305,53.73805236816406,0.0,1.3062057495117188,True
Pabuaran,2026-08-10,70.80077378646187,Sedang,50.538867473602295,39.02896298811986,8.412812900543212,70.80077378646187,17.755530029535294,28.011524200439453,63.51730728149414,0.0029392540454864,3.0456323623657227,True
Pabuaran Tumpeng,2026-08-10,70.80077378646187,Sedang,50.538867473602295,39.02896298811986,8.412812900543212,70.80077378646187,17.755530029535294,28.011524200439453,63.51730728149414,0.0029392540454864,3.0456323623657227,True
Pademangan Barat,2026-08-10,70.80077378646187,Sedang,50.538867473602295,39.02896298811986,8.412812900543212,70.80077378646187,17.755530029535294,28.011524200439453,63.51730728149414,0.0029392540454864,3.0456323623657227,True
Pademangan Timur,2026-08-10,70.80077378646187,Sedang,50.538867473602295,39.02896298811986,8.412812900543212,70.80077378646187,17.755530029535294,28.011524200439453,63.51730728149414,0.0029392540454864,3.0456323623657227,True
Pajang,2026-08-10,70.80077378646187,Sedang,50.538867473602295,39.02896298811986,8.412812900543212,70.80077378646187,17.755530029535294,28.011524200439453,63.51730728149414,0.0029392540454864,3.0456323623657227,True
Palmerah,2026-08-10,75.3018860194994,Sedang,57.34569716453552,53.67030594497919,10.080851078033447,75.3018860194994,21.882464289665226,29.311017990112305,53.73805236816406,0.0,1.3062057495117188,True
Palmeriam,2026-08-10,75.3018860194994,Sedang,57.34569716453552,53.67030594497919,10.080851078033447,75.3018860194994,21.882464289665226,29.311017990112305,53.73805236816406,0.0,1.3062057495117188,True
Pancoran,2026-08-10,75.3018860194994,Sedang,57.34569716453552,53.67030594497919,10.080851078033447,75.3018860194994,21.882464289665226,29.311017990112305,53.73805236816406,0.0,1.3062057495117188,True
Paninggilan,2026-08-10,75.3018860194994,Sedang,57.34569716453552,53.67030594497919,10.080851078033447,75.3018860194994,21.882464289665226,29.311017990112305,53.73805236816406,0.0,1.3062057495117188,True
Paninggilan Utara,2026-08-10,75.3018860194994,Sedang,57.34569716453552,53.67030594497919,10.080851078033447,75.3018860194994,21.882464289665226,29.311017990112305,53.73805236816406,0.0,1.3062057495117188,True
Panunggangan,2026-08-10,75.3018860194994,Sedang,57.34569716453552,53.67030594497919,10.080851078033447,75.3018860194994,21.882464289665226,29.311017990112305,53.73805236816406,0.0,1.3062057495117188,True
Panunggangan Barat,2026-08-10,75.3018860194994,Sedang,57.34569716453552,53.67030594497919,10.080851078033447,75.3018860194994,21.882464289665226,29.311017990112305,53.73805236816406,0.0,1.3062057495117188,True
Panunggangan Timur,2026-08-10,75.3018860194994,Sedang,57.34569716453552,53.67030594497919,10.080851078033447,75.3018860194994,21.882464289665226,29.311017990112305,53.73805236816406,0.0,1.3062057495117188,True
Panunggangan Utara,2026-08-10,75.3018860194994,Sedang,57.34569716453552,53.67030594497919,10.080851078033447,75.3018860194994,21.882464289665226,29.311017990112305,53.73805236816406,0.0,1.3062057495117188,True
Papanggo,2026-08-10,70.80077378646187,Sedang,50.538867473602295,39.02896298811986,8.412812900543212,70.80077378646187,17.755530029535294,28.011524200439453,63.51730728149414,0.0029392540454864,3.0456323623657227,True
Parung Jaya,2026-08-10,70.80077378646187,Sedang,50.538867473602295,39.02896298811986,8.412812900543212,70.80077378646187,17.755530029535294,28.011524200439453,63.51730728149414,0.0029392540454864,3.0456323623657227,True
Parung Serab,2026-08-10,75.3018860194994,Sedang,57.34569716453552,53.67030594497919,10.080851078033447,75.3018860194994,21.882464289665226,29.311017990112305,53.73805236816406,0.0,1.3062057495117188,True
Pasar Baru Jakarta,2026-08-10,70.80077378646187,Sedang,50.538867473602295,39.02896298811986,8.412812900543212,70.80077378646187,17.755530029535294,28.011524200439453,63.51730728149414,0.0029392540454864,3.0456323623657227,True
Pasar Baru Tangerang,2026-08-10,70.80077378646187,Sedang,50.538867473602295,39.02896298811986,8.412812900543212,70.80077378646187,17.755530029535294,28.011524200439453,63.51730728149414,0.0029392540454864,3.0456323623657227,True
Pasar Manggis,2026-08-10,75.3018860194994,Sedang,57.34569716453552,53.67030594497919,10.080851078033447,75.3018860194994,21.882464289665226,29.311017990112305,53.73805236816406,0.0,1.3062057495117188,True
Pasar Minggu,2026-08-10,75.3018860194994,Sedang,57.34569716453552,53.67030594497919,10.080851078033447,75.3018860194994,21.882464289665226,29.311017990112305,53.73805236816406,0.0,1.3062057495117188,True
Paseban,2026-08-10,70.80077378646187,Sedang,50.538867473602295,39.02896298811986,8.412812900543212,70.80077378646187,17.755530029535294,28.011524200439453,63.51730728149414,0.0029392540454864,3.0456323623657227,True
Pasir Jaya,2026-08-10,60.4110918045044,Sedang,60.4110918045044,51.86191275715828,5.791807746887207,46.14844640096029,17.23035991191864,27.662168502807617,68.69087982177734,0.0543082132935524,2.2039060592651367,True
Pedurenan,2026-08-10,75.3018860194994,Sedang,57.34569716453552,53.67030594497919,10.080851078033447,75.3018860194994,21.882464289665226,29.311017990112305,53.73805236816406,0.0,1.3062057495117188,True
Pegadungan,2026-08-10,70.80077378646187,Sedang,50.538867473602295,39.02896298811986,8.412812900543212,70.80077378646187,17.755530029535294,28.011524200439453,63.51730728149414,0.0029392540454864,3.0456323623657227,True
Pegangsaan,2026-08-10,75.3018860194994,Sedang,57.34569716453552,53.67030594497919,10.080851078033447,75.3018860194994,21.882464289665226,29.311017990112305,53.73805236816406,0.0,1.3062057495117188,True
Pegangsaan Dua,2026-08-10,70.80077378646187,Sedang,50.538867473602295,39.02896298811986,8.412812900543212,70.80077378646187,17.755530029535294,28.011524200439453,63.51730728149414,0.0029392540454864,3.0456323623657227,True
Pejagalan,2026-08-10,70.80077378646187,Sedang,50.538867473602295,39.02896298811986,8.412812900543212,70.80077378646187,17.755530029535294,28.011524200439453,63.51730728149414,0.0029392540454864,3.0456323623657227,True
Pejaten Barat,2026-08-10,75.3018860194994,Sedang,57.34569716453552,53.67030594497919,10.080851078033447,75.3018860194994,21.882464289665226,29.311017990112305,53.73805236816406,0.0,1.3062057495117188,True
Pejaten Timur,2026-08-10,75.3018860194994,Sedang,57.34569716453552,53.67030594497919,10.080851078033447,75.3018860194994,21.882464289665226,29.311017990112305,53.73805236816406,0.0,1.3062057495117188,True
Pekayon,2026-08-10,75.3018860194994,Sedang,57.34569716453552,53.67030594497919,10.080851078033447,75.3018860194994,21.882464289665226,29.311017990112305,53.73805236816406,0.0,1.3062057495117188,True
Pekojan Jakarta,2026-08-10,70.80077378646187,Sedang,50.538867473602295,39.02896298811986,8.412812900543212,70.80077378646187,17.755530029535294,28.011524200439453,63.51730728149414,0.0029392540454864,3.0456323623657227,True
Pekojan Tangerang,2026-08-10,75.3018860194994,Sedang,57.34569716453552,53.67030594497919,10.080851078033447,75.3018860194994,21.882464289665226,29.311017990112305,53.73805236816406,0.0,1.3062057495117188,True
Pela Mampang,2026-08-10,75.3018860194994,Sedang,57.34569716453552,53.67030594497919,10.080851078033447,75.3018860194994,21.882464289665226,29.311017990112305,53.73805236816406,0.0,1.3062057495117188,True
Pengadegan,2026-08-10,75.3018860194994,Sedang,57.34569716453552,53.67030594497919,10.080851078033447,75.3018860194994,21.882464289665226,29.311017990112305,53.73805236816406,0.0,1.3062057495117188,True
Penggilingan,2026-08-10,75.3018860194994,Sedang,57.34569716453552,53.67030594497919,10.080851078033447,75.3018860194994,21.882464289665226,29.311017990112305,53.73805236816406,0.0,1.3062057495117188,True
Penjaringan,2026-08-10,70.80077378646187,Sedang,50.538867473602295,39.02896298811986,8.412812900543212,70.80077378646187,17.755530029535294,28.011524200439453,63.51730728149414,0.0029392540454864,3.0456323623657227,True
Periuk,2026-08-10,60.4110918045044,Sedang,60.4110918045044,51.86191275715828,5.791807746887207,46.14844640096029,17.23035991191864,27.662168502807617,68.69087982177734,0.0543082132935524,2.2039060592651367,True
Periuk Jaya,2026-08-10,70.80077378646187,Sedang,50.538867473602295,39.02896298811986,8.412812900543212,70.80077378646187,17.755530029535294,28.011524200439453,63.51730728149414,0.0029392540454864,3.0456323623657227,True
Pesanggrahan,2026-08-10,75.3018860194994,Sedang,57.34569716453552,53.67030594497919,10.080851078033447,75.3018860194994,21.882464289665226,29.311017990112305,53.73805236816406,0.0,1.3062057495117188,True
Petamburan,2026-08-10,70.80077378646187,Sedang,50.538867473602295,39.02896298811986,8.412812900543212,70.80077378646187,17.755530029535294,28.011524200439453,63.51730728149414,0.0029392540454864,3.0456323623657227,True
Petir,2026-08-10,70.80077378646187,Sedang,50.538867473602295,39.02896298811986,8.412812900543212,70.80077378646187,17.755530029535294,28.011524200439453,63.51730728149414,0.0029392540454864,3.0456323623657227,True
Petogogan,2026-08-10,75.3018860194994,Sedang,57.34569716453552,53.67030594497919,10.080851078033447,75.3018860194994,21.882464289665226,29.311017990112305,53.73805236816406,0.0,1.3062057495117188,True
Petojo Selatan,2026-08-10,70.80077378646187,Sedang,50.538867473602295,39.02896298811986,8.412812900543212,70.80077378646187,17.755530029535294,28.011524200439453,63.51730728149414,0.0029392540454864,3.0456323623657227,True
Petojo Utara,2026-08-10,70.80077378646187,Sedang,50.538867473602295,39.02896298811986,8.412812900543212,70.80077378646187,17.755530029535294,28.011524200439453,63.51730728149414,0.0029392540454864,3.0456323623657227,True
Petukangan Selatan,2026-08-10,75.3018860194994,Sedang,57.34569716453552,53.67030594497919,10.080851078033447,75.3018860194994,21.882464289665226,29.311017990112305,53.73805236816406,0.0,1.3062057495117188,True
Petukangan Utara,2026-08-10,75.3018860194994,Sedang,57.34569716453552,53.67030594497919,10.080851078033447,75.3018860194994,21.882464289665226,29.311017990112305,53.73805236816406,0.0,1.3062057495117188,True
Pinang,2026-08-10,75.3018860194994,Sedang,57.34569716453552,53.67030594497919,10.080851078033447,75.3018860194994,21.882464289665226,29.311017990112305,53.73805236816406,0.0,1.3062057495117188,True
Pinang Ranti,2026-08-10,75.3018860194994,Sedang,57.34569716453552,53.67030594497919,10.080851078033447,75.3018860194994,21.882464289665226,29.311017990112305,53.73805236816406,0.0,1.3062057495117188,True
Pinangsia,2026-08-10,70.80077378646187,Sedang,50.538867473602295,39.02896298811986,8.412812900543212,70.80077378646187,17.755530029535294,28.011524200439453,63.51730728149414,0.0029392540454864,3.0456323623657227,True
Pisangan Baru,2026-08-10,75.3018860194994,Sedang,57.34569716453552,53.67030594497919,10.080851078033447,75.3018860194994,21.882464289665226,29.311017990112305,53.73805236816406,0.0,1.3062057495117188,True
Pisangan Timur,2026-08-10,75.3018860194994,Sedang,57.34569716453552,53.67030594497919,10.080851078033447,75.3018860194994,21.882464289665226,29.311017990112305,53.73805236816406,0.0,1.3062057495117188,True
Pluit,2026-08-10,70.80077378646187,Sedang,50.538867473602295,39.02896298811986,8.412812900543212,70.80077378646187,17.755530029535294,28.011524200439453,63.51730728149414,0.0029392540454864,3.0456323623657227,True
Pondok Bahar,2026-08-10,75.3018860194994,Sedang,57.34569716453552,53.67030594497919,10.080851078033447,75.3018860194994,21.882464289665226,29.311017990112305,53.73805236816406,0.0,1.3062057495117188,True
Pondok Bambu,2026-08-10,75.3018860194994,Sedang,57.34569716453552,53.67030594497919,10.080851078033447,75.3018860194994,21.882464289665226,29.311017990112305,53.73805236816406,0.0,1.3062057495117188,True
Pondok Kelapa,2026-08-10,75.3018860194994,Sedang,57.34569716453552,53.67030594497919,10.080851078033447,75.3018860194994,21.882464289665226,29.311017990112305,53.73805236816406,0.0,1.3062057495117188,True
Pondok Kopi,2026-08-10,75.3018860194994,Sedang,57.34569716453552,53.67030594497919,10.080851078033447,75.3018860194994,21.882464289665226,29.311017990112305,53.73805236816406,0.0,1.3062057495117188,True
Pondok Labu,2026-08-10,75.3018860194994,Sedang,57.34569716453552,53.67030594497919,10.080851078033447,75.3018860194994,21.882464289665226,29.311017990112305,53.73805236816406,0.0,1.3062057495117188,True
Pondok Pinang,2026-08-10,75.3018860194994,Sedang,57.34569716453552,53.67030594497919,10.080851078033447,75.3018860194994,21.882464289665226,29.311017990112305,53.73805236816406,0.0,1.3062057495117188,True
Pondok Pucung,2026-08-10,75.3018860194994,Sedang,57.34569716453552,53.67030594497919,10.080851078033447,75.3018860194994,21.882464289665226,29.311017990112305,53.73805236816406,0.0,1.3062057495117188,True
Pondok Ranggon,2026-08-10,75.3018860194994,Sedang,57.34569716453552,53.67030594497919,10.080851078033447,75.3018860194994,21.882464289665226,29.311017990112305,53.73805236816406,0.0,1.3062057495117188,True
Poris Gaga,2026-08-10,70.80077378646187,Sedang,50.538867473602295,39.02896298811986,8.412812900543212,70.80077378646187,17.755530029535294,28.011524200439453,63.51730728149414,0.0029392540454864,3.0456323623657227,True
Poris Gaga Baru,2026-08-10,70.80077378646187,Sedang,50.538867473602295,39.02896298811986,8.412812900543212,70.80077378646187,17.755530029535294,28.011524200439453,63.51730728149414,0.0029392540454864,3.0456323623657227,True
Poris Jaya,2026-08-10,70.80077378646187,Sedang,50.538867473602295,39.02896298811986,8.412812900543212,70.80077378646187,17.755530029535294,28.011524200439453,63.51730728149414,0.0029392540454864,3.0456323623657227,True
Poris Plawad,2026-08-10,70.80077378646187,Sedang,50.538867473602295,39.02896298811986,8.412812900543212,70.80077378646187,17.755530029535294,28.011524200439453,63.51730728149414,0.0029392540454864,3.0456323623657227,True
Poris Plawad Indah,2026-08-10,70.80077378646187,Sedang,50.538867473602295,39.02896298811986,8.412812900543212,70.80077378646187,17.755530029535294,28.011524200439453,63.51730728149414,0.0029392540454864,3.0456323623657227,True
Poris Plawad Utara,2026-08-10,70.80077378646187,Sedang,50.538867473602295,39.02896298811986,8.412812900543212,70.80077378646187,17.755530029535294,28.011524200439453,63.51730728149414,0.0029392540454864,3.0456323623657227,True
Pulau Harapan,2026-08-10,60.4110918045044,Sedang,60.4110918045044,51.86191275715828,5.791807746887207,46.14844640096029,17.23035991191864,27.662168502807617,68.69087982177734,0.0543082132935524,2.2039060592651367,True
Pulau Kelapa,2026-08-10,60.4110918045044,Sedang,60.4110918045044,51.86191275715828,5.791807746887207,46.14844640096029,17.23035991191864,27.662168502807617,68.69087982177734,0.0543082132935524,2.2039060592651367,True
Pulau Panggang,2026-08-10,70.80077378646187,Sedang,50.538867473602295,39.02896298811986,8.412812900543212,70.80077378646187,17.755530029535294,28.011524200439453,63.51730728149414,0.0029392540454864,3.0456323623657227,True
Pulau Pari,2026-08-10,70.80077378646187,Sedang,50.538867473602295,39.02896298811986,8.412812900543212,70.80077378646187,17.755530029535294,28.011524200439453,63.51730728149414,0.0029392540454864,3.0456323623657227,True
Pulau Tidung,2026-08-10,60.4110918045044,Sedang,60.4110918045044,51.86191275715828,5.791807746887207,46.14844640096029,17.23035991191864,27.662168502807617,68.69087982177734,0.0543082132935524,2.2039060592651367,True
Pulau Untung Jawa,2026-08-10,70.80077378646187,Sedang,50.538867473602295,39.02896298811986,8.412812900543212,70.80077378646187,17.755530029535294,28.011524200439453,63.51730728149414,0.0029392540454864,3.0456323623657227,True
Pulo,2026-08-10,75.3018860194994,Sedang,57.34569716453552,53.67030594497919,10.080851078033447,75.3018860194994,21.882464289665226,29.311017990112305,53.73805236816406,0.0,1.3062057495117188,True
Pulo Gadung,2026-08-10,70.80077378646187,Sedang,50.538867473602295,39.02896298811986,8.412812900543212,70.80077378646187,17.755530029535294,28.011524200439453,63.51730728149414,0.0029392540454864,3.0456323623657227,True
Pulo Gebang,2026-08-10,75.3018860194994,Sedang,57.34569716453552,53.67030594497919,10.080851078033447,75.3018860194994,21.882464289665226,29.311017990112305,53.73805236816406,0.0,1.3062057495117188,True
Ragunan,2026-08-10,75.3018860194994,Sedang,57.34569716453552,53.67030594497919,10.080851078033447,75.3018860194994,21.882464289665226,29.311017990112305,53.73805236816406,0.0,1.3062057495117188,True
Rambutan,2026-08-10,75.3018860194994,Sedang,57.34569716453552,53.67030594497919,10.080851078033447,75.3018860194994,21.882464289665226,29.311017990112305,53.73805236816406,0.0,1.3062057495117188,True
Rawa Badak Selatan,2026-08-10,70.80077378646187,Sedang,50.538867473602295,39.02896298811986,8.412812900543212,70.80077378646187,17.755530029535294,28.011524200439453,63.51730728149414,0.0029392540454864,3.0456323623657227,True
Rawa Badak Utara,2026-08-10,70.80077378646187,Sedang,50.538867473602295,39.02896298811986,8.412812900543212,70.80077378646187,17.755530029535294,28.011524200439453,63.51730728149414,0.0029392540454864,3.0456323623657227,True
Rawa Barat,2026-08-10,75.3018860194994,Sedang,57.34569716453552,53.67030594497919,10.080851078033447,75.3018860194994,21.882464289665226,29.311017990112305,53.73805236816406,0.0,1.3062057495117188,True
Rawa Buaya,2026-08-10,70.80077378646187,Sedang,50.538867473602295,39.02896298811986,8.412812900543212,70.80077378646187,17.755530029535294,28.011524200439453,63.51730728149414,0.0029392540454864,3.0456323623657227,True
Rawa Bunga,2026-08-10,75.3018860194994,Sedang,57.34569716453552,53.67030594497919,10.080851078033447,75.3018860194994,21.882464289665226,29.311017990112305,53.73805236816406,0.0,1.3062057495117188,True
Rawa Terate,2026-08-10,70.80077378646187,Sedang,50.538867473602295,39.02896298811986,8.412812900543212,70.80077378646187,17.755530029535294,28.011524200439453,63.51730728149414,0.0029392540454864,3.0456323623657227,True
Rawajati,2026-08-10,75.3018860194994,Sedang,57.34569716453552,53.67030594497919,10.080851078033447,75.3018860194994,21.882464289665226,29.311017990112305,53.73805236816406,0.0,1.3062057495117188,True
Rawamangun,2026-08-10,70.80077378646187,Sedang,50.538867473602295,39.02896298811986,8.412812900543212,70.80077378646187,17.755530029535294,28.011524200439453,63.51730728149414,0.0029392540454864,3.0456323623657227,True
Rawasari,2026-08-10,70.80077378646187,Sedang,50.538867473602295,39.02896298811986,8.412812900543212,70.80077378646187,17.755530029535294,28.011524200439453,63.51730728149414,0.0029392540454864,3.0456323623657227,True
Roa Malaka,2026-08-10,70.80077378646187,Sedang,50.538867473602295,39.02896298811986,8.412812900543212,70.80077378646187,17.755530029535294,28.011524200439453,63.51730728149414,0.0029392540454864,3.0456323623657227,True
Rorotan,2026-08-10,70.80077378646187,Sedang,50.538867473602295,39.02896298811986,8.412812900543212,70.80077378646187,17.755530029535294,28.011524200439453,63.51730728149414,0.0029392540454864,3.0456323623657227,True
Sangiang Jaya,2026-08-10,60.4110918045044,Sedang,60.4110918045044,51.86191275715828,5.791807746887207,46.14844640096029,17.23035991191864,27.662168502807617,68.69087982177734,0.0543082132935524,2.2039060592651367,True
Selapajang Jaya,2026-08-10,70.80077378646187,Sedang,50.538867473602295,39.02896298811986,8.412812900543212,70.80077378646187,17.755530029535294,28.011524200439453,63.51730728149414,0.0029392540454864,3.0456323623657227,True
Selong,2026-08-10,75.3018860194994,Sedang,57.34569716453552,53.67030594497919,10.080851078033447,75.3018860194994,21.882464289665226,29.311017990112305,53.73805236816406,0.0,1.3062057495117188,True
Semanan,2026-08-10,70.80077378646187,Sedang,50.538867473602295,39.02896298811986,8.412812900543212,70.80077378646187,17.755530029535294,28.011524200439453,63.51730728149414,0.0029392540454864,3.0456323623657227,True
Semper Barat,2026-08-10,70.80077378646187,Sedang,50.538867473602295,39.02896298811986,8.412812900543212,70.80077378646187,17.755530029535294,28.011524200439453,63.51730728149414,0.0029392540454864,3.0456323623657227,True
Semper Timur,2026-08-10,70.80077378646187,Sedang,50.538867473602295,39.02896298811986,8.412812900543212,70.80077378646187,17.755530029535294,28.011524200439453,63.51730728149414,0.0029392540454864,3.0456323623657227,True
Senayan,2026-08-10,75.3018860194994,Sedang,57.34569716453552,53.67030594497919,10.080851078033447,75.3018860194994,21.882464289665226,29.311017990112305,53.73805236816406,0.0,1.3062057495117188,True
Senen,2026-08-10,70.80077378646187,Sedang,50.538867473602295,39.02896298811986,8.412812900543212,70.80077378646187,17.755530029535294,28.011524200439453,63.51730728149414,0.0029392540454864,3.0456323623657227,True
Serdang,2026-08-10,70.80077378646187,Sedang,50.538867473602295,39.02896298811986,8.412812900543212,70.80077378646187,17.755530029535294,28.011524200439453,63.51730728149414,0.0029392540454864,3.0456323623657227,True
Setiabudi,2026-08-10,75.3018860194994,Sedang,57.34569716453552,53.67030594497919,10.080851078033447,75.3018860194994,21.882464289665226,29.311017990112305,53.73805236816406,0.0,1.3062057495117188,True
Setu,2026-08-10,75.3018860194994,Sedang,57.34569716453552,53.67030594497919,10.080851078033447,75.3018860194994,21.882464289665226,29.311017990112305,53.73805236816406,0.0,1.3062057495117188,True
Slipi,2026-08-10,70.80077378646187,Sedang,50.538867473602295,39.02896298811986,8.412812900543212,70.80077378646187,17.755530029535294,28.011524200439453,63.51730728149414,0.0029392540454864,3.0456323623657227,True
Srengseng,2026-08-10,75.3018860194994,Sedang,57.34569716453552,53.67030594497919,10.080851078033447,75.3018860194994,21.882464289665226,29.311017990112305,53.73805236816406,0.0,1.3062057495117188,True
Srengseng Sawah,2026-08-10,75.3018860194994,Sedang,57.34569716453552,53.67030594497919,10.080851078033447,75.3018860194994,21.882464289665226,29.311017990112305,53.73805236816406,0.0,1.3062057495117188,True
Sudimara Barat,2026-08-10,75.3018860194994,Sedang,57.34569716453552,53.67030594497919,10.080851078033447,75.3018860194994,21.882464289665226,29.311017990112305,53.73805236816406,0.0,1.3062057495117188,True
Sudimara Jaya,2026-08-10,75.3018860194994,Sedang,57.34569716453552,53.67030594497919,10.080851078033447,75.3018860194994,21.882464289665226,29.311017990112305,53.73805236816406,0.0,1.3062057495117188,True
Sudimara Pinang,2026-08-10,75.3018860194994,Sedang,57.34569716453552,53.67030594497919,10.080851078033447,75.3018860194994,21.882464289665226,29.311017990112305,53.73805236816406,0.0,1.3062057495117188,True
Sudimara Selatan,2026-08-10,75.3018860194994,Sedang,57.34569716453552,53.67030594497919,10.080851078033447,75.3018860194994,21.882464289665226,29.311017990112305,53.73805236816406,0.0,1.3062057495117188,True
Sudimara Timur,2026-08-10,75.3018860194994,Sedang,57.34569716453552,53.67030594497919,10.080851078033447,75.3018860194994,21.882464289665226,29.311017990112305,53.73805236816406,0.0,1.3062057495117188,True
Sukaasih,2026-08-10,70.80077378646187,Sedang,50.538867473602295,39.02896298811986,8.412812900543212,70.80077378646187,17.755530029535294,28.011524200439453,63.51730728149414,0.0029392540454864,3.0456323623657227,True
Sukabumi Selatan,2026-08-10,75.3018860194994,Sedang,57.34569716453552,53.67030594497919,10.080851078033447,75.3018860194994,21.882464289665226,29.311017990112305,53.73805236816406,0.0,1.3062057495117188,True
Sukabumi Utara,2026-08-10,75.3018860194994,Sedang,57.34569716453552,53.67030594497919,10.080851078033447,75.3018860194994,21.882464289665226,29.311017990112305,53.73805236816406,0.0,1.3062057495117188,True
Sukajadi,2026-08-10,70.80077378646187,Sedang,50.538867473602295,39.02896298811986,8.412812900543212,70.80077378646187,17.755530029535294,28.011524200439453,63.51730728149414,0.0029392540454864,3.0456323623657227,True
Sukapura,2026-08-10,70.80077378646187,Sedang,50.538867473602295,39.02896298811986,8.412812900543212,70.80077378646187,17.755530029535294,28.011524200439453,63.51730728149414,0.0029392540454864,3.0456323623657227,True
Sukarasa,2026-08-10,70.80077378646187,Sedang,50.538867473602295,39.02896298811986,8.412812900543212,70.80077378646187,17.755530029535294,28.011524200439453,63.51730728149414,0.0029392540454864,3.0456323623657227,True
Sukasari,2026-08-10,70.80077378646187,Sedang,50.538867473602295,39.02896298811986,8.412812900543212,70.80077378646187,17.755530029535294,28.011524200439453,63.51730728149414,0.0029392540454864,3.0456323623657227,True
Sumur Batu,2026-08-10,70.80077378646187,Sedang,50.538867473602295,39.02896298811986,8.412812900543212,70.80077378646187,17.755530029535294,28.011524200439453,63.51730728149414,0.0029392540454864,3.0456323623657227,True
Sumur Pacing,2026-08-10,70.80077378646187,Sedang,50.538867473602295,39.02896298811986,8.412812900543212,70.80077378646187,17.755530029535294,28.011524200439453,63.51730728149414,0.0029392540454864,3.0456323623657227,True
Sungai Bambu,2026-08-10,70.80077378646187,Sedang,50.538867473602295,39.02896298811986,8.412812900543212,70.80077378646187,17.755530029535294,28.011524200439453,63.51730728149414,0.0029392540454864,3.0456323623657227,True
Sunter Agung,2026-08-10,70.80077378646187,Sedang,50.538867473602295,39.02896298811986,8.412812900543212,70.80077378646187,17.755530029535294,28.011524200439453,63.51730728149414,0.0029392540454864,3.0456323623657227,True
Sunter Jaya,2026-08-10,70.80077378646187,Sedang,50.538867473602295,39.02896298811986,8.412812900543212,70.80077378646187,17.755530029535294,28.011524200439453,63.51730728149414,0.0029392540454864,3.0456323623657227,True
Susukan,2026-08-10,75.3018860194994,Sedang,57.34569716453552,53.67030594497919,10.080851078033447,75.3018860194994,21.882464289665226,29.311017990112305,53.73805236816406,0.0,1.3062057495117188,True
Tajur,2026-08-10,75.3018860194994,Sedang,57.34569716453552,53.67030594497919,10.080851078033447,75.3018860194994,21.882464289665226,29.311017990112305,53.73805236816406,0.0,1.3062057495117188,True
Taman Mini Indonesia Indah (TMII),2026-08-10,75.3018860194994,Sedang,57.34569716453552,53.67030594497919,10.080851078033447,75.3018860194994,21.882464289665226,29.311017990112305,53.73805236816406,0.0,1.3062057495117188,True
Taman Sari,2026-08-10,70.80077378646187,Sedang,50.538867473602295,39.02896298811986,8.412812900543212,70.80077378646187,17.755530029535294,28.011524200439453,63.51730728149414,0.0029392540454864,3.0456323623657227,True
Tambora,2026-08-10,70.80077378646187,Sedang,50.538867473602295,39.02896298811986,8.412812900543212,70.80077378646187,17.755530029535294,28.011524200439453,63.51730728149414,0.0029392540454864,3.0456323623657227,True
Tanah Sereal,2026-08-10,70.80077378646187,Sedang,50.538867473602295,39.02896298811986,8.412812900543212,70.80077378646187,17.755530029535294,28.011524200439453,63.51730728149414,0.0029392540454864,3.0456323623657227,True
Tanah Tinggi Jakarta,2026-08-10,70.80077378646187,Sedang,50.538867473602295,39.02896298811986,8.412812900543212,70.80077378646187,17.755530029535294,28.011524200439453,63.51730728149414,0.0029392540454864,3.0456323623657227,True
Tanah Tinggi Tangerang,2026-08-10,70.80077378646187,Sedang,50.538867473602295,39.02896298811986,8.412812900543212,70.80077378646187,17.755530029535294,28.011524200439453,63.51730728149414,0.0029392540454864,3.0456323623657227,True
Tangki,2026-08-10,70.80077378646187,Sedang,50.538867473602295,39.02896298811986,8.412812900543212,70.80077378646187,17.755530029535294,28.011524200439453,63.51730728149414,0.0029392540454864,3.0456323623657227,True
Tanjung Barat,2026-08-10,75.3018860194994,Sedang,57.34569716453552,53.67030594497919,10.080851078033447,75.3018860194994,21.882464289665226,29.311017990112305,53.73805236816406,0.0,1.3062057495117188,True
Tanjung Duren Selatan,2026-08-10,70.80077378646187,Sedang,50.538867473602295,39.02896298811986,8.412812900543212,70.80077378646187,17.755530029535294,28.011524200439453,63.51730728149414,0.0029392540454864,3.0456323623657227,True
Tanjung Duren Utara,2026-08-10,70.80077378646187,Sedang,50.538867473602295,39.02896298811986,8.412812900543212,70.80077378646187,17.755530029535294,28.011524200439453,63.51730728149414,0.0029392540454864,3.0456323623657227,True
Tanjung Priok,2026-08-10,70.80077378646187,Sedang,50.538867473602295,39.02896298811986,8.412812900543212,70.80077378646187,17.755530029535294,28.011524200439453,63.51730728149414,0.0029392540454864,3.0456323623657227,True
Tebet Barat,2026-08-10,75.3018860194994,Sedang,57.34569716453552,53.67030594497919,10.080851078033447,75.3018860194994,21.882464289665226,29.311017990112305,53.73805236816406,0.0,1.3062057495117188,True
Tebet Timur,2026-08-10,75.3018860194994,Sedang,57.34569716453552,53.67030594497919,10.080851078033447,75.3018860194994,21.882464289665226,29.311017990112305,53.73805236816406,0.0,1.3062057495117188,True
Tegal Alur,2026-08-10,70.80077378646187,Sedang,50.538867473602295,39.02896298811986,8.412812900543212,70.80077378646187,17.755530029535294,28.011524200439453,63.51730728149414,0.0029392540454864,3.0456323623657227,True
Tegal Parang,2026-08-10,75.3018860194994,Sedang,57.34569716453552,53.67030594497919,10.080851078033447,75.3018860194994,21.882464289665226,29.311017990112305,53.73805236816406,0.0,1.3062057495117188,True
Tomang,2026-08-10,70.80077378646187,Sedang,50.538867473602295,39.02896298811986,8.412812900543212,70.80077378646187,17.755530029535294,28.011524200439453,63.51730728149414,0.0029392540454864,3.0456323623657227,True
Tugu Selatan,2026-08-10,70.80077378646187,Sedang,50.538867473602295,39.02896298811986,8.412812900543212,70.80077378646187,17.755530029535294,28.011524200439453,63.51730728149414,0.0029392540454864,3.0456323623657227,True
Tugu Utara,2026-08-10,70.80077378646187,Sedang,50.538867473602295,39.02896298811986,8.412812900543212,70.80077378646187,17.755530029535294,28.011524200439453,63.51730728149414,0.0029392540454864,3.0456323623657227,True
Ujung Menteng,2026-08-10,70.80077378646187,Sedang,50.538867473602295,39.02896298811986,8.412812900543212,70.80077378646187,17.755530029535294,28.011524200439453,63.51730728149414,0.0029392540454864,3.0456323623657227,True
Ulujami,2026-08-10,75.3018860194994,Sedang,57.34569716453552,53.67030594497919,10.080851078033447,75.3018860194994,21.882464289665226,29.311017990112305,53.73805236816406,0.0,1.3062057495117188,True
Utan Kayu Selatan,2026-08-10,75.3018860194994,Sedang,57.34569716453552,53.67030594497919,10.080851078033447,75.3018860194994,21.882464289665226,29.311017990112305,53.73805236816406,0.0,1.3062057495117188,True
Utan Kayu Utara,2026-08-10,70.80077378646187,Sedang,50.538867473602295,39.02896298811986,8.412812900543212,70.80077378646187,17.755530029535294,28.011524200439453,63.51730728149414,0.0029392540454864,3.0456323623657227,True
Utan Panjang,2026-08-10,70.80077378646187,Sedang,50.538867473602295,39.02896298811986,8.412812900543212,70.80077378646187,17.755530029535294,28.011524200439453,63.51730728149414,0.0029392540454864,3.0456323623657227,True
Uwung Jaya,2026-08-10,60.4110918045044,Sedang,60.4110918045044,51.86191275715828,5.791807746887207,46.14844640096029,17.23035991191864,27.662168502807617,68.69087982177734,0.0543082132935524,2.2039060592651367,True
Warakas,2026-08-10,70.80077378646187,Sedang,50.538867473602295,39.02896298811986,8.412812900543212,70.80077378646187,17.755530029535294,28.011524200439453,63.51730728149414,0.0029392540454864,3.0456323623657227,True
Wijaya Kusuma,2026-08-10,70.80077378646187,Sedang,50.538867473602295,39.02896298811986,8.412812900543212,70.80077378646187,17.755530029535294,28.011524200439453,63.51730728149414,0.0029392540454864,3.0456323623657227,True
Alam Jaya,2026-08-11,68.98759261421534,Sedang,56.10755372047424,53.36524713784456,7.41221022605896,68.98759261421534,16.348594203591347,27.90591049194336,68.53587341308594,0.3237781524658203,3.1219429969787598,True
Alam Jaya,2026-08-12,66.98441497484842,Sedang,66.98441497484842,43.32534517997351,7.855143022537232,49.24069788720873,16.903809905052185,27.11531639099121,72.59671020507812,0.1665925532579422,3.4097652435302734,False
Alam Jaya,2026-08-13,67.89016254742941,Sedang,67.89016254742941,47.021704682937035,8.598527399698895,47.57301138506996,19.70889928440253,26.850255966186523,74.57172393798828,0.03733846917748451,3.0433502197265625,False
Alam Jaya,2026-08-14,70.48791797955832,Sedang,70.48791797955832,46.668350772979935,8.819194825490314,55.171888185584024,19.362924272815388,27.000463485717773,75.35112762451172,0.07174699753522873,2.615520715713501,False
Alam Jaya,2026-08-15,68.57522900899252,Sedang,68.57522900899252,46.23406147345519,7.676053794225057,60.93279327171436,15.459764475623768,27.074630737304688,77.34497833251953,0.4183608293533325,2.116962194442749,False
Ancol,2026-08-11,69.61930606676185,Sedang,54.68164277076721,39.150714186521675,8.901579570770263,69.61930606676185,17.64286607503891,28.323246002197266,63.92744064331055,0.013748166151344776,4.054355144500732,True
Ancol,2026-08-12,55.51760093371074,Sedang,55.51760093371074,34.44373263762547,7.0448393185933424,49.71221201949649,19.320119594534237,27.13053321838379,71.16356658935547,0.18225562572479248,4.196614742279053,False
Ancol,2026-08-13,53.297549168268844,Sedang,53.297549168268844,38.522188785748604,7.696153895060221,47.83944341871473,22.56938599050045,26.917428970336914,73.92442321777344,0.06092330813407898,3.78137469291687,False
Ancol,2026-08-14,57.81051325798035,Sedang,57.81051325798035,42.080656763834824,8.511796585718791,56.930595204450086,23.606164008378983,27.04608154296875,75.89056396484375,0.02819669246673584,3.1283035278320312,False
Ancol,2026-08-15,60.12150349824325,Sedang,57.630263010660805,41.238721975913414,9.037624231974284,60.12150349824325,22.57098471124967,27.285043716430664,75.94631958007812,0.23687945306301117,2.7158279418945312,False
Angke,2026-08-11,69.61930606676185,Sedang,54.68164277076721,39.150714186521675,8.901579570770263,69.61930606676185,17.64286607503891,28.323246002197266,63.92744064331055,0.013748166151344776,4.054355144500732,True
Angke,2026-08-12,55.51760093371074,Sedang,55.51760093371074,34.44373263762547,7.0448393185933424,49.71221201949649,19.320119594534237,27.13053321838379,71.16356658935547,0.18225562572479248,4.196614742279053,False
Angke,2026-08-13,53.297549168268844,Sedang,53.297549168268844,38.522188785748604,7.696153895060221,47.83944341871473,22.56938599050045,26.917428970336914,73.92442321777344,0.06092330813407898,3.78137469291687,False
Angke,2026-08-14,57.81051325798035,Sedang,57.81051325798035,42.080656763834824,8.511796585718791,56.930595204450086,23.606164008378983,27.04608154296875,75.89056396484375,0.02819669246673584,3.1283035278320312,False
Angke,2026-08-15,60.12150349824325,Sedang,57.630263010660805,41.238721975913414,9.037624231974284,60.12150349824325,22.57098471124967,27.285043716430664,75.94631958007812,0.23687945306301117,2.7158279418945312,False
Babakan,2026-08-11,69.61930606676185,Sedang,54.68164277076721,39.150714186521675,8.901579570770263,69.61930606676185,17.64286607503891,28.323246002197266,63.92744064331055,0.013748166151344776,4.054355144500732,True
Babakan,2026-08-12,55.51760093371074,Sedang,55.51760093371074,34.44373263762547,7.0448393185933424,49.71221201949649,19.320119594534237,27.13053321838379,71.16356658935547,0.18225562572479248,4.196614742279053,False
Babakan,2026-08-13,53.297549168268844,Sedang,53.297549168268844,38.522188785748604,7.696153895060221,47.83944341871473,22.56938599050045,26.917428970336914,73.92442321777344,0.06092330813407898,3.78137469291687,False
Babakan,2026-08-14,57.81051325798035,Sedang,57.81051325798035,42.080656763834824,8.511796585718791,56.930595204450086,23.606164008378983,27.04608154296875,75.89056396484375,0.02819669246673584,3.1283035278320312,False
Babakan,2026-08-15,60.12150349824325,Sedang,57.630263010660805,41.238721975913414,9.037624231974284,60.12150349824325,22.57098471124967,27.285043716430664,75.94631958007812,0.23687945306301117,2.7158279418945312,False
Bale Kambang,2026-08-11,77.27087933084239,Sedang,63.66243124008179,51.11113581806421,10.565989017486572,77.27087933084239,18.76606084406376,29.69847869873047,53.51408767700195,0.000821426510810852,1.7707951068878174,True
Bale Kambang,2026-08-12,72.44329142570496,Sedang,72.44329142570496,49.460540979336464,15.718972365061441,41.79727289411756,32.18080711861452,27.948091506958008,65.233642578125,0.02689419873058796,1.837357521057129,False
Bale Kambang,2026-08-13,74.90420134862265,Sedang,74.90420134862265,51.64715355883042,19.264214070638022,40.97539517614576,35.34249966343244,27.939382553100586,65.5433349609375,0.004883739165961742,1.7286304235458374,False
Bale Kambang,2026-08-14,76.82530649503073,Sedang,76.82530649503073,53.504787385463715,18.211936124165856,49.348720808823906,36.60350496570269,28.06331443786621,67.26807403564453,0.08363806456327438,1.5645118951797485,False
Bale Kambang,2026-08-15,71.8998039563497,Sedang,71.8998039563497,55.13875298202038,14.441930770874023,54.722534884577215,35.435503075520195,28.165685653686523,68.31732940673828,0.6905752420425415,1.2153081893920898,False
Bali Mester,2026-08-11,77.27087933084239,Sedang,63.66243124008179,51.11113581806421,10.565989017486572,77.27087933084239,18.76606084406376,29.69847869873047,53.51408767700195,0.000821426510810852,1.7707951068878174,True
Bali Mester,2026-08-12,72.44329142570496,Sedang,72.44329142570496,49.460540979336464,15.718972365061441,41.79727289411756,32.18080711861452,27.948091506958008,65.233642578125,0.02689419873058796,1.837357521057129,False
Bali Mester,2026-08-13,74.90420134862265,Sedang,74.90420134862265,51.64715355883042,19.264214070638022,40.97539517614576,35.34249966343244,27.939382553100586,65.5433349609375,0.004883739165961742,1.7286304235458374,False
Bali Mester,2026-08-14,76.82530649503073,Sedang,76.82530649503073,53.504787385463715,18.211936124165856,49.348720808823906,36.60350496570269,28.06331443786621,67.26807403564453,0.08363806456327438,1.5645118951797485,False
Bali Mester,2026-08-15,71.8998039563497,Sedang,71.8998039563497,55.13875298202038,14.441930770874023,54.722534884577215,35.435503075520195,28.165685653686523,68.31732940673828,0.6905752420425415,1.2153081893920898,False
Bambu Apus,2026-08-11,77.27087933084239,Sedang,63.66243124008179,51.11113581806421,10.565989017486572,77.27087933084239,18.76606084406376,29.69847869873047,53.51408767700195,0.000821426510810852,1.7707951068878174,True
Bambu Apus,2026-08-12,72.44329142570496,Sedang,72.44329142570496,49.460540979336464,15.718972365061441,41.79727289411756,32.18080711861452,27.948091506958008,65.233642578125,0.02689419873058796,1.837357521057129,False
Bambu Apus,2026-08-13,74.90420134862265,Sedang,74.90420134862265,51.64715355883042,19.264214070638022,40.97539517614576,35.34249966343244,27.939382553100586,65.5433349609375,0.004883739165961742,1.7286304235458374,False
Bambu Apus,2026-08-14,76.82530649503073,Sedang,76.82530649503073,53.504787385463715,18.211936124165856,49.348720808823906,36.60350496570269,28.06331443786621,67.26807403564453,0.08363806456327438,1.5645118951797485,False
Bambu Apus,2026-08-15,71.8998039563497,Sedang,71.8998039563497,55.13875298202038,14.441930770874023,54.722534884577215,35.435503075520195,28.165685653686523,68.31732940673828,0.6905752420425415,1.2153081893920898,False
Bangka,2026-08-11,77.27087933084239,Sedang,63.66243124008179,51.11113581806421,10.565989017486572,77.27087933084239,18.76606084406376,29.69847869873047,53.51408767700195,0.000821426510810852,1.7707951068878174,True
Bangka,2026-08-12,72.44329142570496,Sedang,72.44329142570496,49.460540979336464,15.718972365061441,41.79727289411756,32.18080711861452,27.948091506958008,65.233642578125,0.02689419873058796,1.837357521057129,False
Bangka,2026-08-13,74.90420134862265,Sedang,74.90420134862265,51.64715355883042,19.264214070638022,40.97539517614576,35.34249966343244,27.939382553100586,65.5433349609375,0.004883739165961742,1.7286304235458374,False
Bangka,2026-08-14,76.82530649503073,Sedang,76.82530649503073,53.504787385463715,18.211936124165856,49.348720808823906,36.60350496570269,28.06331443786621,67.26807403564453,0.08363806456327438,1.5645118951797485,False
Bangka,2026-08-15,71.8998039563497,Sedang,71.8998039563497,55.13875298202038,14.441930770874023,54.722534884577215,35.435503075520195,28.165685653686523,68.31732940673828,0.6905752420425415,1.2153081893920898,False
Baru,2026-08-11,77.27087933084239,Sedang,63.66243124008179,51.11113581806421,10.565989017486572,77.27087933084239,18.76606084406376,29.69847869873047,53.51408767700195,0.000821426510810852,1.7707951068878174,True
Baru,2026-08-12,72.44329142570496,Sedang,72.44329142570496,49.460540979336464,15.718972365061441,41.79727289411756,32.18080711861452,27.948091506958008,65.233642578125,0.02689419873058796,1.837357521057129,False
Baru,2026-08-13,74.90420134862265,Sedang,74.90420134862265,51.64715355883042,19.264214070638022,40.97539517614576,35.34249966343244,27.939382553100586,65.5433349609375,0.004883739165961742,1.7286304235458374,False
Baru,2026-08-14,76.82530649503073,Sedang,76.82530649503073,53.504787385463715,18.211936124165856,49.348720808823906,36.60350496570269,28.06331443786621,67.26807403564453,0.08363806456327438,1.5645118951797485,False
Baru,2026-08-15,71.8998039563497,Sedang,71.8998039563497,55.13875298202038,14.441930770874023,54.722534884577215,35.435503075520195,28.165685653686523,68.31732940673828,0.6905752420425415,1.2153081893920898,False
Batu Ampar,2026-08-11,77.27087933084239,Sedang,63.66243124008179,51.11113581806421,10.565989017486572,77.27087933084239,18.76606084406376,29.69847869873047,53.51408767700195,0.000821426510810852,1.7707951068878174,True
Batu Ampar,2026-08-12,72.44329142570496,Sedang,72.44329142570496,49.460540979336464,15.718972365061441,41.79727289411756,32.18080711861452,27.948091506958008,65.233642578125,0.02689419873058796,1.837357521057129,False
Batu Ampar,2026-08-13,74.90420134862265,Sedang,74.90420134862265,51.64715355883042,19.264214070638022,40.97539517614576,35.34249966343244,27.939382553100586,65.5433349609375,0.004883739165961742,1.7286304235458374,False
Batu Ampar,2026-08-14,76.82530649503073,Sedang,76.82530649503073,53.504787385463715,18.211936124165856,49.348720808823906,36.60350496570269,28.06331443786621,67.26807403564453,0.08363806456327438,1.5645118951797485,False
Batu Ampar,2026-08-15,71.8998039563497,Sedang,71.8998039563497,55.13875298202038,14.441930770874023,54.722534884577215,35.435503075520195,28.165685653686523,68.31732940673828,0.6905752420425415,1.2153081893920898,False
Batuceper,2026-08-11,69.61930606676185,Sedang,54.68164277076721,39.150714186521675,8.901579570770263,69.61930606676185,17.64286607503891,28.323246002197266,63.92744064331055,0.013748166151344776,4.054355144500732,True
Batuceper,2026-08-12,55.51760093371074,Sedang,55.51760093371074,34.44373263762547,7.0448393185933424,49.71221201949649,19.320119594534237,27.13053321838379,71.16356658935547,0.18225562572479248,4.196614742279053,False
Batuceper,2026-08-13,53.297549168268844,Sedang,53.297549168268844,38.522188785748604,7.696153895060221,47.83944341871473,22.56938599050045,26.917428970336914,73.92442321777344,0.06092330813407898,3.78137469291687,False
Batuceper,2026-08-14,57.81051325798035,Sedang,57.81051325798035,42.080656763834824,8.511796585718791,56.930595204450086,23.606164008378983,27.04608154296875,75.89056396484375,0.02819669246673584,3.1283035278320312,False
Batuceper,2026-08-15,60.12150349824325,Sedang,57.630263010660805,41.238721975913414,9.037624231974284,60.12150349824325,22.57098471124967,27.285043716430664,75.94631958007812,0.23687945306301117,2.7158279418945312,False
Batujaya,2026-08-11,69.61930606676185,Sedang,54.68164277076721,39.150714186521675,8.901579570770263,69.61930606676185,17.64286607503891,28.323246002197266,63.92744064331055,0.013748166151344776,4.054355144500732,True
Batujaya,2026-08-12,55.51760093371074,Sedang,55.51760093371074,34.44373263762547,7.0448393185933424,49.71221201949649,19.320119594534237,27.13053321838379,71.16356658935547,0.18225562572479248,4.196614742279053,False
Batujaya,2026-08-13,53.297549168268844,Sedang,53.297549168268844,38.522188785748604,7.696153895060221,47.83944341871473,22.56938599050045,26.917428970336914,73.92442321777344,0.06092330813407898,3.78137469291687,False
Batujaya,2026-08-14,57.81051325798035,Sedang,57.81051325798035,42.080656763834824,8.511796585718791,56.930595204450086,23.606164008378983,27.04608154296875,75.89056396484375,0.02819669246673584,3.1283035278320312,False
Batujaya,2026-08-15,60.12150349824325,Sedang,57.630263010660805,41.238721975913414,9.037624231974284,60.12150349824325,22.57098471124967,27.285043716430664,75.94631958007812,0.23687945306301117,2.7158279418945312,False
Batusari,2026-08-11,69.61930606676185,Sedang,54.68164277076721,39.150714186521675,8.901579570770263,69.61930606676185,17.64286607503891,28.323246002197266,63.92744064331055,0.013748166151344776,4.054355144500732,True
Batusari,2026-08-12,55.51760093371074,Sedang,55.51760093371074,34.44373263762547,7.0448393185933424,49.71221201949649,19.320119594534237,27.13053321838379,71.16356658935547,0.18225562572479248,4.196614742279053,False
Batusari,2026-08-13,53.297549168268844,Sedang,53.297549168268844,38.522188785748604,7.696153895060221,47.83944341871473,22.56938599050045,26.917428970336914,73.92442321777344,0.06092330813407898,3.78137469291687,False
Batusari,2026-08-14,57.81051325798035,Sedang,57.81051325798035,42.080656763834824,8.511796585718791,56.930595204450086,23.606164008378983,27.04608154296875,75.89056396484375,0.02819669246673584,3.1283035278320312,False
Batusari,2026-08-15,60.12150349824325,Sedang,57.630263010660805,41.238721975913414,9.037624231974284,60.12150349824325,22.57098471124967,27.285043716430664,75.94631958007812,0.23687945306301117,2.7158279418945312,False
Belendung,2026-08-11,69.61930606676185,Sedang,54.68164277076721,39.150714186521675,8.901579570770263,69.61930606676185,17.64286607503891,28.323246002197266,63.92744064331055,0.013748166151344776,4.054355144500732,True
Belendung,2026-08-12,55.51760093371074,Sedang,55.51760093371074,34.44373263762547,7.0448393185933424,49.71221201949649,19.320119594534237,27.13053321838379,71.16356658935547,0.18225562572479248,4.196614742279053,False
Belendung,2026-08-13,53.297549168268844,Sedang,53.297549168268844,38.522188785748604,7.696153895060221,47.83944341871473,22.56938599050045,26.917428970336914,73.92442321777344,0.06092330813407898,3.78137469291687,False
Belendung,2026-08-14,57.81051325798035,Sedang,57.81051325798035,42.080656763834824,8.511796585718791,56.930595204450086,23.606164008378983,27.04608154296875,75.89056396484375,0.02819669246673584,3.1283035278320312,False
Belendung,2026-08-15,60.12150349824325,Sedang,57.630263010660805,41.238721975913414,9.037624231974284,60.12150349824325,22.57098471124967,27.285043716430664,75.94631958007812,0.23687945306301117,2.7158279418945312,False
Benda,2026-08-11,69.61930606676185,Sedang,54.68164277076721,39.150714186521675,8.901579570770263,69.61930606676185,17.64286607503891,28.323246002197266,63.92744064331055,0.013748166151344776,4.054355144500732,True
Benda,2026-08-12,55.51760093371074,Sedang,55.51760093371074,34.44373263762547,7.0448393185933424,49.71221201949649,19.320119594534237,27.13053321838379,71.16356658935547,0.18225562572479248,4.196614742279053,False
Benda,2026-08-13,53.297549168268844,Sedang,53.297549168268844,38.522188785748604,7.696153895060221,47.83944341871473,22.56938599050045,26.917428970336914,73.92442321777344,0.06092330813407898,3.78137469291687,False
Benda,2026-08-14,57.81051325798035,Sedang,57.81051325798035,42.080656763834824,8.511796585718791,56.930595204450086,23.606164008378983,27.04608154296875,75.89056396484375,0.02819669246673584,3.1283035278320312,False
Benda,2026-08-15,60.12150349824325,Sedang,57.630263010660805,41.238721975913414,9.037624231974284,60.12150349824325,22.57098471124967,27.285043716430664,75.94631958007812,0.23687945306301117,2.7158279418945312,False
Bendungan Hilir,2026-08-11,77.27087933084239,Sedang,63.66243124008179,51.11113581806421,10.565989017486572,77.27087933084239,18.76606084406376,29.69847869873047,53.51408767700195,0.000821426510810852,1.7707951068878174,True
Bendungan Hilir,2026-08-12,72.44329142570496,Sedang,72.44329142570496,49.460540979336464,15.718972365061441,41.79727289411756,32.18080711861452,27.948091506958008,65.233642578125,0.02689419873058796,1.837357521057129,False
Bendungan Hilir,2026-08-13,74.90420134862265,Sedang,74.90420134862265,51.64715355883042,19.264214070638022,40.97539517614576,35.34249966343244,27.939382553100586,65.5433349609375,0.004883739165961742,1.7286304235458374,False
Bendungan Hilir,2026-08-14,76.82530649503073,Sedang,76.82530649503073,53.504787385463715,18.211936124165856,49.348720808823906,36.60350496570269,28.06331443786621,67.26807403564453,0.08363806456327438,1.5645118951797485,False
Bendungan Hilir,2026-08-15,71.8998039563497,Sedang,71.8998039563497,55.13875298202038,14.441930770874023,54.722534884577215,35.435503075520195,28.165685653686523,68.31732940673828,0.6905752420425415,1.2153081893920898,False
Bidara Cina,2026-08-11,77.27087933084239,Sedang,63.66243124008179,51.11113581806421,10.565989017486572,77.27087933084239,18.76606084406376,29.69847869873047,53.51408767700195,0.000821426510810852,1.7707951068878174,True
Bidara Cina,2026-08-12,72.44329142570496,Sedang,72.44329142570496,49.460540979336464,15.718972365061441,41.79727289411756,32.18080711861452,27.948091506958008,65.233642578125,0.02689419873058796,1.837357521057129,False
Bidara Cina,2026-08-13,74.90420134862265,Sedang,74.90420134862265,51.64715355883042,19.264214070638022,40.97539517614576,35.34249966343244,27.939382553100586,65.5433349609375,0.004883739165961742,1.7286304235458374,False
Bidara Cina,2026-08-14,76.82530649503073,Sedang,76.82530649503073,53.504787385463715,18.211936124165856,49.348720808823906,36.60350496570269,28.06331443786621,67.26807403564453,0.08363806456327438,1.5645118951797485,False
Bidara Cina,2026-08-15,71.8998039563497,Sedang,71.8998039563497,55.13875298202038,14.441930770874023,54.722534884577215,35.435503075520195,28.165685653686523,68.31732940673828,0.6905752420425415,1.2153081893920898,False
Bintaro,2026-08-11,77.27087933084239,Sedang,63.66243124008179,51.11113581806421,10.565989017486572,77.27087933084239,18.76606084406376,29.69847869873047,53.51408767700195,0.000821426510810852,1.7707951068878174,True
Bintaro,2026-08-12,72.44329142570496,Sedang,72.44329142570496,49.460540979336464,15.718972365061441,41.79727289411756,32.18080711861452,27.948091506958008,65.233642578125,0.02689419873058796,1.837357521057129,False
Bintaro,2026-08-13,74.90420134862265,Sedang,74.90420134862265,51.64715355883042,19.264214070638022,40.97539517614576,35.34249966343244,27.939382553100586,65.5433349609375,0.004883739165961742,1.7286304235458374,False
Bintaro,2026-08-14,76.82530649503073,Sedang,76.82530649503073,53.504787385463715,18.211936124165856,49.348720808823906,36.60350496570269,28.06331443786621,67.26807403564453,0.08363806456327438,1.5645118951797485,False
Bintaro,2026-08-15,71.8998039563497,Sedang,71.8998039563497,55.13875298202038,14.441930770874023,54.722534884577215,35.435503075520195,28.165685653686523,68.31732940673828,0.6905752420425415,1.2153081893920898,False
Bojong Jaya,2026-08-11,77.27087933084239,Sedang,63.66243124008179,51.11113581806421,10.565989017486572,77.27087933084239,18.76606084406376,29.69847869873047,53.51408767700195,0.000821426510810852,1.7707951068878174,True
Bojong Jaya,2026-08-12,72.44329142570496,Sedang,72.44329142570496,49.460540979336464,15.718972365061441,41.79727289411756,32.18080711861452,27.948091506958008,65.233642578125,0.02689419873058796,1.837357521057129,False
Bojong Jaya,2026-08-13,74.90420134862265,Sedang,74.90420134862265,51.64715355883042,19.264214070638022,40.97539517614576,35.34249966343244,27.939382553100586,65.5433349609375,0.004883739165961742,1.7286304235458374,False
Bojong Jaya,2026-08-14,76.82530649503073,Sedang,76.82530649503073,53.504787385463715,18.211936124165856,49.348720808823906,36.60350496570269,28.06331443786621,67.26807403564453,0.08363806456327438,1.5645118951797485,False
Bojong Jaya,2026-08-15,71.8998039563497,Sedang,71.8998039563497,55.13875298202038,14.441930770874023,54.722534884577215,35.435503075520195,28.165685653686523,68.31732940673828,0.6905752420425415,1.2153081893920898,False
Buaran Indah,2026-08-11,69.61930606676185,Sedang,54.68164277076721,39.150714186521675,8.901579570770263,69.61930606676185,17.64286607503891,28.323246002197266,63.92744064331055,0.013748166151344776,4.054355144500732,True
Buaran Indah,2026-08-12,55.51760093371074,Sedang,55.51760093371074,34.44373263762547,7.0448393185933424,49.71221201949649,19.320119594534237,27.13053321838379,71.16356658935547,0.18225562572479248,4.196614742279053,False
Buaran Indah,2026-08-13,53.297549168268844,Sedang,53.297549168268844,38.522188785748604,7.696153895060221,47.83944341871473,22.56938599050045,26.917428970336914,73.92442321777344,0.06092330813407898,3.78137469291687,False
Buaran Indah,2026-08-14,57.81051325798035,Sedang,57.81051325798035,42.080656763834824,8.511796585718791,56.930595204450086,23.606164008378983,27.04608154296875,75.89056396484375,0.02819669246673584,3.1283035278320312,False
Buaran Indah,2026-08-15,60.12150349824325,Sedang,57.630263010660805,41.238721975913414,9.037624231974284,60.12150349824325,22.57098471124967,27.285043716430664,75.94631958007812,0.23687945306301117,2.7158279418945312,False
Bugel,2026-08-11,69.61930606676185,Sedang,54.68164277076721,39.150714186521675,8.901579570770263,69.61930606676185,17.64286607503891,28.323246002197266,63.92744064331055,0.013748166151344776,4.054355144500732,True
Bugel,2026-08-12,55.51760093371074,Sedang,55.51760093371074,34.44373263762547,7.0448393185933424,49.71221201949649,19.320119594534237,27.13053321838379,71.16356658935547,0.18225562572479248,4.196614742279053,False
Bugel,2026-08-13,53.297549168268844,Sedang,53.297549168268844,38.522188785748604,7.696153895060221,47.83944341871473,22.56938599050045,26.917428970336914,73.92442321777344,0.06092330813407898,3.78137469291687,False
Bugel,2026-08-14,57.81051325798035,Sedang,57.81051325798035,42.080656763834824,8.511796585718791,56.930595204450086,23.606164008378983,27.04608154296875,75.89056396484375,0.02819669246673584,3.1283035278320312,False
Bugel,2026-08-15,60.12150349824325,Sedang,57.630263010660805,41.238721975913414,9.037624231974284,60.12150349824325,22.57098471124967,27.285043716430664,75.94631958007812,0.23687945306301117,2.7158279418945312,False
Bukit Duri,2026-08-11,77.27087933084239,Sedang,63.66243124008179,51.11113581806421,10.565989017486572,77.27087933084239,18.76606084406376,29.69847869873047,53.51408767700195,0.000821426510810852,1.7707951068878174,True
Bukit Duri,2026-08-12,72.44329142570496,Sedang,72.44329142570496,49.460540979336464,15.718972365061441,41.79727289411756,32.18080711861452,27.948091506958008,65.233642578125,0.02689419873058796,1.837357521057129,False
Bukit Duri,2026-08-13,74.90420134862265,Sedang,74.90420134862265,51.64715355883042,19.264214070638022,40.97539517614576,35.34249966343244,27.939382553100586,65.5433349609375,0.004883739165961742,1.7286304235458374,False
Bukit Duri,2026-08-14,76.82530649503073,Sedang,76.82530649503073,53.504787385463715,18.211936124165856,49.348720808823906,36.60350496570269,28.06331443786621,67.26807403564453,0.08363806456327438,1.5645118951797485,False
Bukit Duri,2026-08-15,71.8998039563497,Sedang,71.8998039563497,55.13875298202038,14.441930770874023,54.722534884577215,35.435503075520195,28.165685653686523,68.31732940673828,0.6905752420425415,1.2153081893920898,False
Bungur,2026-08-11,69.61930606676185,Sedang,54.68164277076721,39.150714186521675,8.901579570770263,69.61930606676185,17.64286607503891,28.323246002197266,63.92744064331055,0.013748166151344776,4.054355144500732,True
Bungur,2026-08-12,55.51760093371074,Sedang,55.51760093371074,34.44373263762547,7.0448393185933424,49.71221201949649,19.320119594534237,27.13053321838379,71.16356658935547,0.18225562572479248,4.196614742279053,False
Bungur,2026-08-13,53.297549168268844,Sedang,53.297549168268844,38.522188785748604,7.696153895060221,47.83944341871473,22.56938599050045,26.917428970336914,73.92442321777344,0.06092330813407898,3.78137469291687,False
Bungur,2026-08-14,57.81051325798035,Sedang,57.81051325798035,42.080656763834824,8.511796585718791,56.930595204450086,23.606164008378983,27.04608154296875,75.89056396484375,0.02819669246673584,3.1283035278320312,False
Bungur,2026-08-15,60.12150349824325,Sedang,57.630263010660805,41.238721975913414,9.037624231974284,60.12150349824325,22.57098471124967,27.285043716430664,75.94631958007812,0.23687945306301117,2.7158279418945312,False
Cakung Barat,2026-08-11,69.61930606676185,Sedang,54.68164277076721,39.150714186521675,8.901579570770263,69.61930606676185,17.64286607503891,28.323246002197266,63.92744064331055,0.013748166151344776,4.054355144500732,True
Cakung Barat,2026-08-12,55.51760093371074,Sedang,55.51760093371074,34.44373263762547,7.0448393185933424,49.71221201949649,19.320119594534237,27.13053321838379,71.16356658935547,0.18225562572479248,4.196614742279053,False
Cakung Barat,2026-08-13,53.297549168268844,Sedang,53.297549168268844,38.522188785748604,7.696153895060221,47.83944341871473,22.56938599050045,26.917428970336914,73.92442321777344,0.06092330813407898,3.78137469291687,False
Cakung Barat,2026-08-14,57.81051325798035,Sedang,57.81051325798035,42.080656763834824,8.511796585718791,56.930595204450086,23.606164008378983,27.04608154296875,75.89056396484375,0.02819669246673584,3.1283035278320312,False
Cakung Barat,2026-08-15,60.12150349824325,Sedang,57.630263010660805,41.238721975913414,9.037624231974284,60.12150349824325,22.57098471124967,27.285043716430664,75.94631958007812,0.23687945306301117,2.7158279418945312,False
Cakung Timur,2026-08-11,69.61930606676185,Sedang,54.68164277076721,39.150714186521675,8.901579570770263,69.61930606676185,17.64286607503891,28.323246002197266,63.92744064331055,0.013748166151344776,4.054355144500732,True
Cakung Timur,2026-08-12,55.51760093371074,Sedang,55.51760093371074,34.44373263762547,7.0448393185933424,49.71221201949649,19.320119594534237,27.13053321838379,71.16356658935547,0.18225562572479248,4.196614742279053,False
Cakung Timur,2026-08-13,53.297549168268844,Sedang,53.297549168268844,38.522188785748604,7.696153895060221,47.83944341871473,22.56938599050045,26.917428970336914,73.92442321777344,0.06092330813407898,3.78137469291687,False
Cakung Timur,2026-08-14,57.81051325798035,Sedang,57.81051325798035,42.080656763834824,8.511796585718791,56.930595204450086,23.606164008378983,27.04608154296875,75.89056396484375,0.02819669246673584,3.1283035278320312,False
Cakung Timur,2026-08-15,60.12150349824325,Sedang,57.630263010660805,41.238721975913414,9.037624231974284,60.12150349824325,22.57098471124967,27.285043716430664,75.94631958007812,0.23687945306301117,2.7158279418945312,False
Cawang,2026-08-11,77.27087933084239,Sedang,63.66243124008179,51.11113581806421,10.565989017486572,77.27087933084239,18.76606084406376,29.69847869873047,53.51408767700195,0.000821426510810852,1.7707951068878174,True
Cawang,2026-08-12,72.44329142570496,Sedang,72.44329142570496,49.460540979336464,15.718972365061441,41.79727289411756,32.18080711861452,27.948091506958008,65.233642578125,0.02689419873058796,1.837357521057129,False
Cawang,2026-08-13,74.90420134862265,Sedang,74.90420134862265,51.64715355883042,19.264214070638022,40.97539517614576,35.34249966343244,27.939382553100586,65.5433349609375,0.004883739165961742,1.7286304235458374,False
Cawang,2026-08-14,76.82530649503073,Sedang,76.82530649503073,53.504787385463715,18.211936124165856,49.348720808823906,36.60350496570269,28.06331443786621,67.26807403564453,0.08363806456327438,1.5645118951797485,False
Cawang,2026-08-15,71.8998039563497,Sedang,71.8998039563497,55.13875298202038,14.441930770874023,54.722534884577215,35.435503075520195,28.165685653686523,68.31732940673828,0.6905752420425415,1.2153081893920898,False
Ceger,2026-08-11,77.27087933084239,Sedang,63.66243124008179,51.11113581806421,10.565989017486572,77.27087933084239,18.76606084406376,29.69847869873047,53.51408767700195,0.000821426510810852,1.7707951068878174,True
Ceger,2026-08-12,72.44329142570496,Sedang,72.44329142570496,49.460540979336464,15.718972365061441,41.79727289411756,32.18080711861452,27.948091506958008,65.233642578125,0.02689419873058796,1.837357521057129,False
Ceger,2026-08-13,74.90420134862265,Sedang,74.90420134862265,51.64715355883042,19.264214070638022,40.97539517614576,35.34249966343244,27.939382553100586,65.5433349609375,0.004883739165961742,1.7286304235458374,False
Ceger,2026-08-14,76.82530649503073,Sedang,76.82530649503073,53.504787385463715,18.211936124165856,49.348720808823906,36.60350496570269,28.06331443786621,67.26807403564453,0.08363806456327438,1.5645118951797485,False
Ceger,2026-08-15,71.8998039563497,Sedang,71.8998039563497,55.13875298202038,14.441930770874023,54.722534884577215,35.435503075520195,28.165685653686523,68.31732940673828,0.6905752420425415,1.2153081893920898,False
Cempaka Baru,2026-08-11,69.61930606676185,Sedang,54.68164277076721,39.150714186521675,8.901579570770263,69.61930606676185,17.64286607503891,28.323246002197266,63.92744064331055,0.013748166151344776,4.054355144500732,True
Cempaka Baru,2026-08-12,55.51760093371074,Sedang,55.51760093371074,34.44373263762547,7.0448393185933424,49.71221201949649,19.320119594534237,27.13053321838379,71.16356658935547,0.18225562572479248,4.196614742279053,False
Cempaka Baru,2026-08-13,53.297549168268844,Sedang,53.297549168268844,38.522188785748604,7.696153895060221,47.83944341871473,22.56938599050045,26.917428970336914,73.92442321777344,0.06092330813407898,3.78137469291687,False
Cempaka Baru,2026-08-14,57.81051325798035,Sedang,57.81051325798035,42.080656763834824,8.511796585718791,56.930595204450086,23.606164008378983,27.04608154296875,75.89056396484375,0.02819669246673584,3.1283035278320312,False
Cempaka Baru,2026-08-15,60.12150349824325,Sedang,57.630263010660805,41.238721975913414,9.037624231974284,60.12150349824325,22.57098471124967,27.285043716430664,75.94631958007812,0.23687945306301117,2.7158279418945312,False
Cempaka Putih Barat,2026-08-11,69.61930606676185,Sedang,54.68164277076721,39.150714186521675,8.901579570770263,69.61930606676185,17.64286607503891,28.323246002197266,63.92744064331055,0.013748166151344776,4.054355144500732,True
Cempaka Putih Barat,2026-08-12,55.51760093371074,Sedang,55.51760093371074,34.44373263762547,7.0448393185933424,49.71221201949649,19.320119594534237,27.13053321838379,71.16356658935547,0.18225562572479248,4.196614742279053,False
Cempaka Putih Barat,2026-08-13,53.297549168268844,Sedang,53.297549168268844,38.522188785748604,7.696153895060221,47.83944341871473,22.56938599050045,26.917428970336914,73.92442321777344,0.06092330813407898,3.78137469291687,False
Cempaka Putih Barat,2026-08-14,57.81051325798035,Sedang,57.81051325798035,42.080656763834824,8.511796585718791,56.930595204450086,23.606164008378983,27.04608154296875,75.89056396484375,0.02819669246673584,3.1283035278320312,False
Cempaka Putih Barat,2026-08-15,60.12150349824325,Sedang,57.630263010660805,41.238721975913414,9.037624231974284,60.12150349824325,22.57098471124967,27.285043716430664,75.94631958007812,0.23687945306301117,2.7158279418945312,False
Cempaka Putih Timur,2026-08-11,69.61930606676185,Sedang,54.68164277076721,39.150714186521675,8.901579570770263,69.61930606676185,17.64286607503891,28.323246002197266,63.92744064331055,0.013748166151344776,4.054355144500732,True
Cempaka Putih Timur,2026-08-12,55.51760093371074,Sedang,55.51760093371074,34.44373263762547,7.0448393185933424,49.71221201949649,19.320119594534237,27.13053321838379,71.16356658935547,0.18225562572479248,4.196614742279053,False
Cempaka Putih Timur,2026-08-13,53.297549168268844,Sedang,53.297549168268844,38.522188785748604,7.696153895060221,47.83944341871473,22.56938599050045,26.917428970336914,73.92442321777344,0.06092330813407898,3.78137469291687,False
Cempaka Putih Timur,2026-08-14,57.81051325798035,Sedang,57.81051325798035,42.080656763834824,8.511796585718791,56.930595204450086,23.606164008378983,27.04608154296875,75.89056396484375,0.02819669246673584,3.1283035278320312,False
Cempaka Putih Timur,2026-08-15,60.12150349824325,Sedang,57.630263010660805,41.238721975913414,9.037624231974284,60.12150349824325,22.57098471124967,27.285043716430664,75.94631958007812,0.23687945306301117,2.7158279418945312,False
Cengkareng Barat,2026-08-11,69.61930606676185,Sedang,54.68164277076721,39.150714186521675,8.901579570770263,69.61930606676185,17.64286607503891,28.323246002197266,63.92744064331055,0.013748166151344776,4.054355144500732,True
Cengkareng Barat,2026-08-12,55.51760093371074,Sedang,55.51760093371074,34.44373263762547,7.0448393185933424,49.71221201949649,19.320119594534237,27.13053321838379,71.16356658935547,0.18225562572479248,4.196614742279053,False
Cengkareng Barat,2026-08-13,53.297549168268844,Sedang,53.297549168268844,38.522188785748604,7.696153895060221,47.83944341871473,22.56938599050045,26.917428970336914,73.92442321777344,0.06092330813407898,3.78137469291687,False
Cengkareng Barat,2026-08-14,57.81051325798035,Sedang,57.81051325798035,42.080656763834824,8.511796585718791,56.930595204450086,23.606164008378983,27.04608154296875,75.89056396484375,0.02819669246673584,3.1283035278320312,False
Cengkareng Barat,2026-08-15,60.12150349824325,Sedang,57.630263010660805,41.238721975913414,9.037624231974284,60.12150349824325,22.57098471124967,27.285043716430664,75.94631958007812,0.23687945306301117,2.7158279418945312,False
Cengkareng Timur,2026-08-11,69.61930606676185,Sedang,54.68164277076721,39.150714186521675,8.901579570770263,69.61930606676185,17.64286607503891,28.323246002197266,63.92744064331055,0.013748166151344776,4.054355144500732,True
Cengkareng Timur,2026-08-12,55.51760093371074,Sedang,55.51760093371074,34.44373263762547,7.0448393185933424,49.71221201949649,19.320119594534237,27.13053321838379,71.16356658935547,0.18225562572479248,4.196614742279053,False
Cengkareng Timur,2026-08-13,53.297549168268844,Sedang,53.297549168268844,38.522188785748604,7.696153895060221,47.83944341871473,22.56938599050045,26.917428970336914,73.92442321777344,0.06092330813407898,3.78137469291687,False
Cengkareng Timur,2026-08-14,57.81051325798035,Sedang,57.81051325798035,42.080656763834824,8.511796585718791,56.930595204450086,23.606164008378983,27.04608154296875,75.89056396484375,0.02819669246673584,3.1283035278320312,False
Cengkareng Timur,2026-08-15,60.12150349824325,Sedang,57.630263010660805,41.238721975913414,9.037624231974284,60.12150349824325,22.57098471124967,27.285043716430664,75.94631958007812,0.23687945306301117,2.7158279418945312,False
Cibodas,2026-08-11,69.61930606676185,Sedang,54.68164277076721,39.150714186521675,8.901579570770263,69.61930606676185,17.64286607503891,28.323246002197266,63.92744064331055,0.013748166151344776,4.054355144500732,True
Cibodas,2026-08-12,55.51760093371074,Sedang,55.51760093371074,34.44373263762547,7.0448393185933424,49.71221201949649,19.320119594534237,27.13053321838379,71.16356658935547,0.18225562572479248,4.196614742279053,False
Cibodas,2026-08-13,53.297549168268844,Sedang,53.297549168268844,38.522188785748604,7.696153895060221,47.83944341871473,22.56938599050045,26.917428970336914,73.92442321777344,0.06092330813407898,3.78137469291687,False
Cibodas,2026-08-14,57.81051325798035,Sedang,57.81051325798035,42.080656763834824,8.511796585718791,56.930595204450086,23.606164008378983,27.04608154296875,75.89056396484375,0.02819669246673584,3.1283035278320312,False
Cibodas,2026-08-15,60.12150349824325,Sedang,57.630263010660805,41.238721975913414,9.037624231974284,60.12150349824325,22.57098471124967,27.285043716430664,75.94631958007812,0.23687945306301117,2.7158279418945312,False
Cibodas Baru,2026-08-11,77.27087933084239,Sedang,63.66243124008179,51.11113581806421,10.565989017486572,77.27087933084239,18.76606084406376,29.69847869873047,53.51408767700195,0.000821426510810852,1.7707951068878174,True
Cibodas Baru,2026-08-12,72.44329142570496,Sedang,72.44329142570496,49.460540979336464,15.718972365061441,41.79727289411756,32.18080711861452,27.948091506958008,65.233642578125,0.02689419873058796,1.837357521057129,False
Cibodas Baru,2026-08-13,74.90420134862265,Sedang,74.90420134862265,51.64715355883042,19.264214070638022,40.97539517614576,35.34249966343244,27.939382553100586,65.5433349609375,0.004883739165961742,1.7286304235458374,False
Cibodas Baru,2026-08-14,76.82530649503073,Sedang,76.82530649503073,53.504787385463715,18.211936124165856,49.348720808823906,36.60350496570269,28.06331443786621,67.26807403564453,0.08363806456327438,1.5645118951797485,False
Cibodas Baru,2026-08-15,71.8998039563497,Sedang,71.8998039563497,55.13875298202038,14.441930770874023,54.722534884577215,35.435503075520195,28.165685653686523,68.31732940673828,0.6905752420425415,1.2153081893920898,False
Cibodasari,2026-08-11,77.27087933084239,Sedang,63.66243124008179,51.11113581806421,10.565989017486572,77.27087933084239,18.76606084406376,29.69847869873047,53.51408767700195,0.000821426510810852,1.7707951068878174,True
Cibodasari,2026-08-12,72.44329142570496,Sedang,72.44329142570496,49.460540979336464,15.718972365061441,41.79727289411756,32.18080711861452,27.948091506958008,65.233642578125,0.02689419873058796,1.837357521057129,False
Cibodasari,2026-08-13,74.90420134862265,Sedang,74.90420134862265,51.64715355883042,19.264214070638022,40.97539517614576,35.34249966343244,27.939382553100586,65.5433349609375,0.004883739165961742,1.7286304235458374,False
Cibodasari,2026-08-14,76.82530649503073,Sedang,76.82530649503073,53.504787385463715,18.211936124165856,49.348720808823906,36.60350496570269,28.06331443786621,67.26807403564453,0.08363806456327438,1.5645118951797485,False
Cibodasari,2026-08-15,71.8998039563497,Sedang,71.8998039563497,55.13875298202038,14.441930770874023,54.722534884577215,35.435503075520195,28.165685653686523,68.31732940673828,0.6905752420425415,1.2153081893920898,False
Cibubur,2026-08-11,77.27087933084239,Sedang,63.66243124008179,51.11113581806421,10.565989017486572,77.27087933084239,18.76606084406376,29.69847869873047,53.51408767700195,0.000821426510810852,1.7707951068878174,True
Cibubur,2026-08-12,72.44329142570496,Sedang,72.44329142570496,49.460540979336464,15.718972365061441,41.79727289411756,32.18080711861452,27.948091506958008,65.233642578125,0.02689419873058796,1.837357521057129,False
Cibubur,2026-08-13,74.90420134862265,Sedang,74.90420134862265,51.64715355883042,19.264214070638022,40.97539517614576,35.34249966343244,27.939382553100586,65.5433349609375,0.004883739165961742,1.7286304235458374,False
Cibubur,2026-08-14,76.82530649503073,Sedang,76.82530649503073,53.504787385463715,18.211936124165856,49.348720808823906,36.60350496570269,28.06331443786621,67.26807403564453,0.08363806456327438,1.5645118951797485,False
Cibubur,2026-08-15,71.8998039563497,Sedang,71.8998039563497,55.13875298202038,14.441930770874023,54.722534884577215,35.435503075520195,28.165685653686523,68.31732940673828,0.6905752420425415,1.2153081893920898,False
Cideng,2026-08-11,69.61930606676185,Sedang,54.68164277076721,39.150714186521675,8.901579570770263,69.61930606676185,17.64286607503891,28.323246002197266,63.92744064331055,0.013748166151344776,4.054355144500732,True
Cideng,2026-08-12,55.51760093371074,Sedang,55.51760093371074,34.44373263762547,7.0448393185933424,49.71221201949649,19.320119594534237,27.13053321838379,71.16356658935547,0.18225562572479248,4.196614742279053,False
Cideng,2026-08-13,53.297549168268844,Sedang,53.297549168268844,38.522188785748604,7.696153895060221,47.83944341871473,22.56938599050045,26.917428970336914,73.92442321777344,0.06092330813407898,3.78137469291687,False
Cideng,2026-08-14,57.81051325798035,Sedang,57.81051325798035,42.080656763834824,8.511796585718791,56.930595204450086,23.606164008378983,27.04608154296875,75.89056396484375,0.02819669246673584,3.1283035278320312,False
Cideng,2026-08-15,60.12150349824325,Sedang,57.630263010660805,41.238721975913414,9.037624231974284,60.12150349824325,22.57098471124967,27.285043716430664,75.94631958007812,0.23687945306301117,2.7158279418945312,False
Ciganjur,2026-08-11,77.27087933084239,Sedang,63.66243124008179,51.11113581806421,10.565989017486572,77.27087933084239,18.76606084406376,29.69847869873047,53.51408767700195,0.000821426510810852,1.7707951068878174,True
Ciganjur,2026-08-12,72.44329142570496,Sedang,72.44329142570496,49.460540979336464,15.718972365061441,41.79727289411756,32.18080711861452,27.948091506958008,65.233642578125,0.02689419873058796,1.837357521057129,False
Ciganjur,2026-08-13,74.90420134862265,Sedang,74.90420134862265,51.64715355883042,19.264214070638022,40.97539517614576,35.34249966343244,27.939382553100586,65.5433349609375,0.004883739165961742,1.7286304235458374,False
Ciganjur,2026-08-14,76.82530649503073,Sedang,76.82530649503073,53.504787385463715,18.211936124165856,49.348720808823906,36.60350496570269,28.06331443786621,67.26807403564453,0.08363806456327438,1.5645118951797485,False
Ciganjur,2026-08-15,71.8998039563497,Sedang,71.8998039563497,55.13875298202038,14.441930770874023,54.722534884577215,35.435503075520195,28.165685653686523,68.31732940673828,0.6905752420425415,1.2153081893920898,False
Cijantung,2026-08-11,77.27087933084239,Sedang,63.66243124008179,51.11113581806421,10.565989017486572,77.27087933084239,18.76606084406376,29.69847869873047,53.51408767700195,0.000821426510810852,1.7707951068878174,True
Cijantung,2026-08-12,72.44329142570496,Sedang,72.44329142570496,49.460540979336464,15.718972365061441,41.79727289411756,32.18080711861452,27.948091506958008,65.233642578125,0.02689419873058796,1.837357521057129,False
Cijantung,2026-08-13,74.90420134862265,Sedang,74.90420134862265,51.64715355883042,19.264214070638022,40.97539517614576,35.34249966343244,27.939382553100586,65.5433349609375,0.004883739165961742,1.7286304235458374,False
Cijantung,2026-08-14,76.82530649503073,Sedang,76.82530649503073,53.504787385463715,18.211936124165856,49.348720808823906,36.60350496570269,28.06331443786621,67.26807403564453,0.08363806456327438,1.5645118951797485,False
Cijantung,2026-08-15,71.8998039563497,Sedang,71.8998039563497,55.13875298202038,14.441930770874023,54.722534884577215,35.435503075520195,28.165685653686523,68.31732940673828,0.6905752420425415,1.2153081893920898,False
Cikini,2026-08-11,69.61930606676185,Sedang,54.68164277076721,39.150714186521675,8.901579570770263,69.61930606676185,17.64286607503891,28.323246002197266,63.92744064331055,0.013748166151344776,4.054355144500732,True
Cikini,2026-08-12,55.51760093371074,Sedang,55.51760093371074,34.44373263762547,7.0448393185933424,49.71221201949649,19.320119594534237,27.13053321838379,71.16356658935547,0.18225562572479248,4.196614742279053,False
Cikini,2026-08-13,53.297549168268844,Sedang,53.297549168268844,38.522188785748604,7.696153895060221,47.83944341871473,22.56938599050045,26.917428970336914,73.92442321777344,0.06092330813407898,3.78137469291687,False
Cikini,2026-08-14,57.81051325798035,Sedang,57.81051325798035,42.080656763834824,8.511796585718791,56.930595204450086,23.606164008378983,27.04608154296875,75.89056396484375,0.02819669246673584,3.1283035278320312,False
Cikini,2026-08-15,60.12150349824325,Sedang,57.630263010660805,41.238721975913414,9.037624231974284,60.12150349824325,22.57098471124967,27.285043716430664,75.94631958007812,0.23687945306301117,2.7158279418945312,False
Cikoko,2026-08-11,77.27087933084239,Sedang,63.66243124008179,51.11113581806421,10.565989017486572,77.27087933084239,18.76606084406376,29.69847869873047,53.51408767700195,0.000821426510810852,1.7707951068878174,True
Cikoko,2026-08-12,72.44329142570496,Sedang,72.44329142570496,49.460540979336464,15.718972365061441,41.79727289411756,32.18080711861452,27.948091506958008,65.233642578125,0.02689419873058796,1.837357521057129,False
Cikoko,2026-08-13,74.90420134862265,Sedang,74.90420134862265,51.64715355883042,19.264214070638022,40.97539517614576,35.34249966343244,27.939382553100586,65.5433349609375,0.004883739165961742,1.7286304235458374,False
Cikoko,2026-08-14,76.82530649503073,Sedang,76.82530649503073,53.504787385463715,18.211936124165856,49.348720808823906,36.60350496570269,28.06331443786621,67.26807403564453,0.08363806456327438,1.5645118951797485,False
Cikoko,2026-08-15,71.8998039563497,Sedang,71.8998039563497,55.13875298202038,14.441930770874023,54.722534884577215,35.435503075520195,28.165685653686523,68.31732940673828,0.6905752420425415,1.2153081893920898,False
Cikokol,2026-08-11,77.27087933084239,Sedang,63.66243124008179,51.11113581806421,10.565989017486572,77.27087933084239,18.76606084406376,29.69847869873047,53.51408767700195,0.000821426510810852,1.7707951068878174,True
Cikokol,2026-08-12,72.44329142570496,Sedang,72.44329142570496,49.460540979336464,15.718972365061441,41.79727289411756,32.18080711861452,27.948091506958008,65.233642578125,0.02689419873058796,1.837357521057129,False
Cikokol,2026-08-13,74.90420134862265,Sedang,74.90420134862265,51.64715355883042,19.264214070638022,40.97539517614576,35.34249966343244,27.939382553100586,65.5433349609375,0.004883739165961742,1.7286304235458374,False
Cikokol,2026-08-14,76.82530649503073,Sedang,76.82530649503073,53.504787385463715,18.211936124165856,49.348720808823906,36.60350496570269,28.06331443786621,67.26807403564453,0.08363806456327438,1.5645118951797485,False
Cikokol,2026-08-15,71.8998039563497,Sedang,71.8998039563497,55.13875298202038,14.441930770874023,54.722534884577215,35.435503075520195,28.165685653686523,68.31732940673828,0.6905752420425415,1.2153081893920898,False
Cilandak Barat,2026-08-11,77.27087933084239,Sedang,63.66243124008179,51.11113581806421,10.565989017486572,77.27087933084239,18.76606084406376,29.69847869873047,53.51408767700195,0.000821426510810852,1.7707951068878174,True
Cilandak Barat,2026-08-12,72.44329142570496,Sedang,72.44329142570496,49.460540979336464,15.718972365061441,41.79727289411756,32.18080711861452,27.948091506958008,65.233642578125,0.02689419873058796,1.837357521057129,False
Cilandak Barat,2026-08-13,74.90420134862265,Sedang,74.90420134862265,51.64715355883042,19.264214070638022,40.97539517614576,35.34249966343244,27.939382553100586,65.5433349609375,0.004883739165961742,1.7286304235458374,False
Cilandak Barat,2026-08-14,76.82530649503073,Sedang,76.82530649503073,53.504787385463715,18.211936124165856,49.348720808823906,36.60350496570269,28.06331443786621,67.26807403564453,0.08363806456327438,1.5645118951797485,False
Cilandak Barat,2026-08-15,71.8998039563497,Sedang,71.8998039563497,55.13875298202038,14.441930770874023,54.722534884577215,35.435503075520195,28.165685653686523,68.31732940673828,0.6905752420425415,1.2153081893920898,False
Cilandak Timur,2026-08-11,77.27087933084239,Sedang,63.66243124008179,51.11113581806421,10.565989017486572,77.27087933084239,18.76606084406376,29.69847869873047,53.51408767700195,0.000821426510810852,1.7707951068878174,True
Cilandak Timur,2026-08-12,72.44329142570496,Sedang,72.44329142570496,49.460540979336464,15.718972365061441,41.79727289411756,32.18080711861452,27.948091506958008,65.233642578125,0.02689419873058796,1.837357521057129,False
Cilandak Timur,2026-08-13,74.90420134862265,Sedang,74.90420134862265,51.64715355883042,19.264214070638022,40.97539517614576,35.34249966343244,27.939382553100586,65.5433349609375,0.004883739165961742,1.7286304235458374,False
Cilandak Timur,2026-08-14,76.82530649503073,Sedang,76.82530649503073,53.504787385463715,18.211936124165856,49.348720808823906,36.60350496570269,28.06331443786621,67.26807403564453,0.08363806456327438,1.5645118951797485,False
Cilandak Timur,2026-08-15,71.8998039563497,Sedang,71.8998039563497,55.13875298202038,14.441930770874023,54.722534884577215,35.435503075520195,28.165685653686523,68.31732940673828,0.6905752420425415,1.2153081893920898,False
Cilangkap,2026-08-11,77.27087933084239,Sedang,63.66243124008179,51.11113581806421,10.565989017486572,77.27087933084239,18.76606084406376,29.69847869873047,53.51408767700195,0.000821426510810852,1.7707951068878174,True
Cilangkap,2026-08-12,72.44329142570496,Sedang,72.44329142570496,49.460540979336464,15.718972365061441,41.79727289411756,32.18080711861452,27.948091506958008,65.233642578125,0.02689419873058796,1.837357521057129,False
Cilangkap,2026-08-13,74.90420134862265,Sedang,74.90420134862265,51.64715355883042,19.264214070638022,40.97539517614576,35.34249966343244,27.939382553100586,65.5433349609375,0.004883739165961742,1.7286304235458374,False
Cilangkap,2026-08-14,76.82530649503073,Sedang,76.82530649503073,53.504787385463715,18.211936124165856,49.348720808823906,36.60350496570269,28.06331443786621,67.26807403564453,0.08363806456327438,1.5645118951797485,False
Cilangkap,2026-08-15,71.8998039563497,Sedang,71.8998039563497,55.13875298202038,14.441930770874023,54.722534884577215,35.435503075520195,28.165685653686523,68.31732940673828,0.6905752420425415,1.2153081893920898,False
Cililitan,2026-08-11,77.27087933084239,Sedang,63.66243124008179,51.11113581806421,10.565989017486572,77.27087933084239,18.76606084406376,29.69847869873047,53.51408767700195,0.000821426510810852,1.7707951068878174,True
Cililitan,2026-08-12,72.44329142570496,Sedang,72.44329142570496,49.460540979336464,15.718972365061441,41.79727289411756,32.18080711861452,27.948091506958008,65.233642578125,0.02689419873058796,1.837357521057129,False
Cililitan,2026-08-13,74.90420134862265,Sedang,74.90420134862265,51.64715355883042,19.264214070638022,40.97539517614576,35.34249966343244,27.939382553100586,65.5433349609375,0.004883739165961742,1.7286304235458374,False
Cililitan,2026-08-14,76.82530649503073,Sedang,76.82530649503073,53.504787385463715,18.211936124165856,49.348720808823906,36.60350496570269,28.06331443786621,67.26807403564453,0.08363806456327438,1.5645118951797485,False
Cililitan,2026-08-15,71.8998039563497,Sedang,71.8998039563497,55.13875298202038,14.441930770874023,54.722534884577215,35.435503075520195,28.165685653686523,68.31732940673828,0.6905752420425415,1.2153081893920898,False
Cilincing,2026-08-11,69.61930606676185,Sedang,54.68164277076721,39.150714186521675,8.901579570770263,69.61930606676185,17.64286607503891,28.323246002197266,63.92744064331055,0.013748166151344776,4.054355144500732,True
Cilincing,2026-08-12,55.51760093371074,Sedang,55.51760093371074,34.44373263762547,7.0448393185933424,49.71221201949649,19.320119594534237,27.13053321838379,71.16356658935547,0.18225562572479248,4.196614742279053,False
Cilincing,2026-08-13,53.297549168268844,Sedang,53.297549168268844,38.522188785748604,7.696153895060221,47.83944341871473,22.56938599050045,26.917428970336914,73.92442321777344,0.06092330813407898,3.78137469291687,False
Cilincing,2026-08-14,57.81051325798035,Sedang,57.81051325798035,42.080656763834824,8.511796585718791,56.930595204450086,23.606164008378983,27.04608154296875,75.89056396484375,0.02819669246673584,3.1283035278320312,False
Cilincing,2026-08-15,60.12150349824325,Sedang,57.630263010660805,41.238721975913414,9.037624231974284,60.12150349824325,22.57098471124967,27.285043716430664,75.94631958007812,0.23687945306301117,2.7158279418945312,False
Cimone,2026-08-11,69.61930606676185,Sedang,54.68164277076721,39.150714186521675,8.901579570770263,69.61930606676185,17.64286607503891,28.323246002197266,63.92744064331055,0.013748166151344776,4.054355144500732,True
Cimone,2026-08-12,55.51760093371074,Sedang,55.51760093371074,34.44373263762547,7.0448393185933424,49.71221201949649,19.320119594534237,27.13053321838379,71.16356658935547,0.18225562572479248,4.196614742279053,False
Cimone,2026-08-13,53.297549168268844,Sedang,53.297549168268844,38.522188785748604,7.696153895060221,47.83944341871473,22.56938599050045,26.917428970336914,73.92442321777344,0.06092330813407898,3.78137469291687,False
Cimone,2026-08-14,57.81051325798035,Sedang,57.81051325798035,42.080656763834824,8.511796585718791,56.930595204450086,23.606164008378983,27.04608154296875,75.89056396484375,0.02819669246673584,3.1283035278320312,False
Cimone,2026-08-15,60.12150349824325,Sedang,57.630263010660805,41.238721975913414,9.037624231974284,60.12150349824325,22.57098471124967,27.285043716430664,75.94631958007812,0.23687945306301117,2.7158279418945312,False
Cimone Jaya,2026-08-11,69.61930606676185,Sedang,54.68164277076721,39.150714186521675,8.901579570770263,69.61930606676185,17.64286607503891,28.323246002197266,63.92744064331055,0.013748166151344776,4.054355144500732,True
Cimone Jaya,2026-08-12,55.51760093371074,Sedang,55.51760093371074,34.44373263762547,7.0448393185933424,49.71221201949649,19.320119594534237,27.13053321838379,71.16356658935547,0.18225562572479248,4.196614742279053,False
Cimone Jaya,2026-08-13,53.297549168268844,Sedang,53.297549168268844,38.522188785748604,7.696153895060221,47.83944341871473,22.56938599050045,26.917428970336914,73.92442321777344,0.06092330813407898,3.78137469291687,False
Cimone Jaya,2026-08-14,57.81051325798035,Sedang,57.81051325798035,42.080656763834824,8.511796585718791,56.930595204450086,23.606164008378983,27.04608154296875,75.89056396484375,0.02819669246673584,3.1283035278320312,False
Cimone Jaya,2026-08-15,60.12150349824325,Sedang,57.630263010660805,41.238721975913414,9.037624231974284,60.12150349824325,22.57098471124967,27.285043716430664,75.94631958007812,0.23687945306301117,2.7158279418945312,False
Cipadu,2026-08-11,77.27087933084239,Sedang,63.66243124008179,51.11113581806421,10.565989017486572,77.27087933084239,18.76606084406376,29.69847869873047,53.51408767700195,0.000821426510810852,1.7707951068878174,True
Cipadu,2026-08-12,72.44329142570496,Sedang,72.44329142570496,49.460540979336464,15.718972365061441,41.79727289411756,32.18080711861452,27.948091506958008,65.233642578125,0.02689419873058796,1.837357521057129,False
Cipadu,2026-08-13,74.90420134862265,Sedang,74.90420134862265,51.64715355883042,19.264214070638022,40.97539517614576,35.34249966343244,27.939382553100586,65.5433349609375,0.004883739165961742,1.7286304235458374,False
Cipadu,2026-08-14,76.82530649503073,Sedang,76.82530649503073,53.504787385463715,18.211936124165856,49.348720808823906,36.60350496570269,28.06331443786621,67.26807403564453,0.08363806456327438,1.5645118951797485,False
Cipadu,2026-08-15,71.8998039563497,Sedang,71.8998039563497,55.13875298202038,14.441930770874023,54.722534884577215,35.435503075520195,28.165685653686523,68.31732940673828,0.6905752420425415,1.2153081893920898,False
Cipadu Jaya,2026-08-11,77.27087933084239,Sedang,63.66243124008179,51.11113581806421,10.565989017486572,77.27087933084239,18.76606084406376,29.69847869873047,53.51408767700195,0.000821426510810852,1.7707951068878174,True
Cipadu Jaya,2026-08-12,72.44329142570496,Sedang,72.44329142570496,49.460540979336464,15.718972365061441,41.79727289411756,32.18080711861452,27.948091506958008,65.233642578125,0.02689419873058796,1.837357521057129,False
Cipadu Jaya,2026-08-13,74.90420134862265,Sedang,74.90420134862265,51.64715355883042,19.264214070638022,40.97539517614576,35.34249966343244,27.939382553100586,65.5433349609375,0.004883739165961742,1.7286304235458374,False
Cipadu Jaya,2026-08-14,76.82530649503073,Sedang,76.82530649503073,53.504787385463715,18.211936124165856,49.348720808823906,36.60350496570269,28.06331443786621,67.26807403564453,0.08363806456327438,1.5645118951797485,False
Cipadu Jaya,2026-08-15,71.8998039563497,Sedang,71.8998039563497,55.13875298202038,14.441930770874023,54.722534884577215,35.435503075520195,28.165685653686523,68.31732940673828,0.6905752420425415,1.2153081893920898,False
Cipayung,2026-08-11,77.27087933084239,Sedang,63.66243124008179,51.11113581806421,10.565989017486572,77.27087933084239,18.76606084406376,29.69847869873047,53.51408767700195,0.000821426510810852,1.7707951068878174,True
Cipayung,2026-08-12,72.44329142570496,Sedang,72.44329142570496,49.460540979336464,15.718972365061441,41.79727289411756,32.18080711861452,27.948091506958008,65.233642578125,0.02689419873058796,1.837357521057129,False
Cipayung,2026-08-13,74.90420134862265,Sedang,74.90420134862265,51.64715355883042,19.264214070638022,40.97539517614576,35.34249966343244,27.939382553100586,65.5433349609375,0.004883739165961742,1.7286304235458374,False
Cipayung,2026-08-14,76.82530649503073,Sedang,76.82530649503073,53.504787385463715,18.211936124165856,49.348720808823906,36.60350496570269,28.06331443786621,67.26807403564453,0.08363806456327438,1.5645118951797485,False
Cipayung,2026-08-15,71.8998039563497,Sedang,71.8998039563497,55.13875298202038,14.441930770874023,54.722534884577215,35.435503075520195,28.165685653686523,68.31732940673828,0.6905752420425415,1.2153081893920898,False
Cipedak,2026-08-11,77.27087933084239,Sedang,63.66243124008179,51.11113581806421,10.565989017486572,77.27087933084239,18.76606084406376,29.69847869873047,53.51408767700195,0.000821426510810852,1.7707951068878174,True
Cipedak,2026-08-12,72.44329142570496,Sedang,72.44329142570496,49.460540979336464,15.718972365061441,41.79727289411756,32.18080711861452,27.948091506958008,65.233642578125,0.02689419873058796,1.837357521057129,False
Cipedak,2026-08-13,74.90420134862265,Sedang,74.90420134862265,51.64715355883042,19.264214070638022,40.97539517614576,35.34249966343244,27.939382553100586,65.5433349609375,0.004883739165961742,1.7286304235458374,False
Cipedak,2026-08-14,76.82530649503073,Sedang,76.82530649503073,53.504787385463715,18.211936124165856,49.348720808823906,36.60350496570269,28.06331443786621,67.26807403564453,0.08363806456327438,1.5645118951797485,False
Cipedak,2026-08-15,71.8998039563497,Sedang,71.8998039563497,55.13875298202038,14.441930770874023,54.722534884577215,35.435503075520195,28.165685653686523,68.31732940673828,0.6905752420425415,1.2153081893920898,False
Cipete,2026-08-11,77.27087933084239,Sedang,63.66243124008179,51.11113581806421,10.565989017486572,77.27087933084239,18.76606084406376,29.69847869873047,53.51408767700195,0.000821426510810852,1.7707951068878174,True
Cipete,2026-08-12,72.44329142570496,Sedang,72.44329142570496,49.460540979336464,15.718972365061441,41.79727289411756,32.18080711861452,27.948091506958008,65.233642578125,0.02689419873058796,1.837357521057129,False
Cipete,2026-08-13,74.90420134862265,Sedang,74.90420134862265,51.64715355883042,19.264214070638022,40.97539517614576,35.34249966343244,27.939382553100586,65.5433349609375,0.004883739165961742,1.7286304235458374,False
Cipete,2026-08-14,76.82530649503073,Sedang,76.82530649503073,53.504787385463715,18.211936124165856,49.348720808823906,36.60350496570269,28.06331443786621,67.26807403564453,0.08363806456327438,1.5645118951797485,False
Cipete,2026-08-15,71.8998039563497,Sedang,71.8998039563497,55.13875298202038,14.441930770874023,54.722534884577215,35.435503075520195,28.165685653686523,68.31732940673828,0.6905752420425415,1.2153081893920898,False
Cipete Selatan,2026-08-11,77.27087933084239,Sedang,63.66243124008179,51.11113581806421,10.565989017486572,77.27087933084239,18.76606084406376,29.69847869873047,53.51408767700195,0.000821426510810852,1.7707951068878174,True
Cipete Selatan,2026-08-12,72.44329142570496,Sedang,72.44329142570496,49.460540979336464,15.718972365061441,41.79727289411756,32.18080711861452,27.948091506958008,65.233642578125,0.02689419873058796,1.837357521057129,False
Cipete Selatan,2026-08-13,74.90420134862265,Sedang,74.90420134862265,51.64715355883042,19.264214070638022,40.97539517614576,35.34249966343244,27.939382553100586,65.5433349609375,0.004883739165961742,1.7286304235458374,False
Cipete Selatan,2026-08-14,76.82530649503073,Sedang,76.82530649503073,53.504787385463715,18.211936124165856,49.348720808823906,36.60350496570269,28.06331443786621,67.26807403564453,0.08363806456327438,1.5645118951797485,False
Cipete Selatan,2026-08-15,71.8998039563497,Sedang,71.8998039563497,55.13875298202038,14.441930770874023,54.722534884577215,35.435503075520195,28.165685653686523,68.31732940673828,0.6905752420425415,1.2153081893920898,False
Cipete Utara,2026-08-11,77.27087933084239,Sedang,63.66243124008179,51.11113581806421,10.565989017486572,77.27087933084239,18.76606084406376,29.69847869873047,53.51408767700195,0.000821426510810852,1.7707951068878174,True
Cipete Utara,2026-08-12,72.44329142570496,Sedang,72.44329142570496,49.460540979336464,15.718972365061441,41.79727289411756,32.18080711861452,27.948091506958008,65.233642578125,0.02689419873058796,1.837357521057129,False
Cipete Utara,2026-08-13,74.90420134862265,Sedang,74.90420134862265,51.64715355883042,19.264214070638022,40.97539517614576,35.34249966343244,27.939382553100586,65.5433349609375,0.004883739165961742,1.7286304235458374,False
Cipete Utara,2026-08-14,76.82530649503073,Sedang,76.82530649503073,53.504787385463715,18.211936124165856,49.348720808823906,36.60350496570269,28.06331443786621,67.26807403564453,0.08363806456327438,1.5645118951797485,False
Cipete Utara,2026-08-15,71.8998039563497,Sedang,71.8998039563497,55.13875298202038,14.441930770874023,54.722534884577215,35.435503075520195,28.165685653686523,68.31732940673828,0.6905752420425415,1.2153081893920898,False
Cipinang,2026-08-11,77.27087933084239,Sedang,63.66243124008179,51.11113581806421,10.565989017486572,77.27087933084239,18.76606084406376,29.69847869873047,53.51408767700195,0.000821426510810852,1.7707951068878174,True
Cipinang,2026-08-12,72.44329142570496,Sedang,72.44329142570496,49.460540979336464,15.718972365061441,41.79727289411756,32.18080711861452,27.948091506958008,65.233642578125,0.02689419873058796,1.837357521057129,False
Cipinang,2026-08-13,74.90420134862265,Sedang,74.90420134862265,51.64715355883042,19.264214070638022,40.97539517614576,35.34249966343244,27.939382553100586,65.5433349609375,0.004883739165961742,1.7286304235458374,False
Cipinang,2026-08-14,76.82530649503073,Sedang,76.82530649503073,53.504787385463715,18.211936124165856,49.348720808823906,36.60350496570269,28.06331443786621,67.26807403564453,0.08363806456327438,1.5645118951797485,False
Cipinang,2026-08-15,71.8998039563497,Sedang,71.8998039563497,55.13875298202038,14.441930770874023,54.722534884577215,35.435503075520195,28.165685653686523,68.31732940673828,0.6905752420425415,1.2153081893920898,False
Cipinang Besar Selatan,2026-08-11,77.27087933084239,Sedang,63.66243124008179,51.11113581806421,10.565989017486572,77.27087933084239,18.76606084406376,29.69847869873047,53.51408767700195,0.000821426510810852,1.7707951068878174,True
Cipinang Besar Selatan,2026-08-12,72.44329142570496,Sedang,72.44329142570496,49.460540979336464,15.718972365061441,41.79727289411756,32.18080711861452,27.948091506958008,65.233642578125,0.02689419873058796,1.837357521057129,False
Cipinang Besar Selatan,2026-08-13,74.90420134862265,Sedang,74.90420134862265,51.64715355883042,19.264214070638022,40.97539517614576,35.34249966343244,27.939382553100586,65.5433349609375,0.004883739165961742,1.7286304235458374,False
Cipinang Besar Selatan,2026-08-14,76.82530649503073,Sedang,76.82530649503073,53.504787385463715,18.211936124165856,49.348720808823906,36.60350496570269,28.06331443786621,67.26807403564453,0.08363806456327438,1.5645118951797485,False
Cipinang Besar Selatan,2026-08-15,71.8998039563497,Sedang,71.8998039563497,55.13875298202038,14.441930770874023,54.722534884577215,35.435503075520195,28.165685653686523,68.31732940673828,0.6905752420425415,1.2153081893920898,False
Cipinang Besar Utara,2026-08-11,77.27087933084239,Sedang,63.66243124008179,51.11113581806421,10.565989017486572,77.27087933084239,18.76606084406376,29.69847869873047,53.51408767700195,0.000821426510810852,1.7707951068878174,True
Cipinang Besar Utara,2026-08-12,72.44329142570496,Sedang,72.44329142570496,49.460540979336464,15.718972365061441,41.79727289411756,32.18080711861452,27.948091506958008,65.233642578125,0.02689419873058796,1.837357521057129,False
Cipinang Besar Utara,2026-08-13,74.90420134862265,Sedang,74.90420134862265,51.64715355883042,19.264214070638022,40.97539517614576,35.34249966343244,27.939382553100586,65.5433349609375,0.004883739165961742,1.7286304235458374,False
Cipinang Besar Utara,2026-08-14,76.82530649503073,Sedang,76.82530649503073,53.504787385463715,18.211936124165856,49.348720808823906,36.60350496570269,28.06331443786621,67.26807403564453,0.08363806456327438,1.5645118951797485,False
Cipinang Besar Utara,2026-08-15,71.8998039563497,Sedang,71.8998039563497,55.13875298202038,14.441930770874023,54.722534884577215,35.435503075520195,28.165685653686523,68.31732940673828,0.6905752420425415,1.2153081893920898,False
Cipinang Cempedak,2026-08-11,77.27087933084239,Sedang,63.66243124008179,51.11113581806421,10.565989017486572,77.27087933084239,18.76606084406376,29.69847869873047,53.51408767700195,0.000821426510810852,1.7707951068878174,True
Cipinang Cempedak,2026-08-12,72.44329142570496,Sedang,72.44329142570496,49.460540979336464,15.718972365061441,41.79727289411756,32.18080711861452,27.948091506958008,65.233642578125,0.02689419873058796,1.837357521057129,False
Cipinang Cempedak,2026-08-13,74.90420134862265,Sedang,74.90420134862265,51.64715355883042,19.264214070638022,40.97539517614576,35.34249966343244,27.939382553100586,65.5433349609375,0.004883739165961742,1.7286304235458374,False
Cipinang Cempedak,2026-08-14,76.82530649503073,Sedang,76.82530649503073,53.504787385463715,18.211936124165856,49.348720808823906,36.60350496570269,28.06331443786621,67.26807403564453,0.08363806456327438,1.5645118951797485,False
Cipinang Cempedak,2026-08-15,71.8998039563497,Sedang,71.8998039563497,55.13875298202038,14.441930770874023,54.722534884577215,35.435503075520195,28.165685653686523,68.31732940673828,0.6905752420425415,1.2153081893920898,False
Cipinang Melayu,2026-08-11,77.27087933084239,Sedang,63.66243124008179,51.11113581806421,10.565989017486572,77.27087933084239,18.76606084406376,29.69847869873047,53.51408767700195,0.000821426510810852,1.7707951068878174,True
Cipinang Melayu,2026-08-12,72.44329142570496,Sedang,72.44329142570496,49.460540979336464,15.718972365061441,41.79727289411756,32.18080711861452,27.948091506958008,65.233642578125,0.02689419873058796,1.837357521057129,False
Cipinang Melayu,2026-08-13,74.90420134862265,Sedang,74.90420134862265,51.64715355883042,19.264214070638022,40.97539517614576,35.34249966343244,27.939382553100586,65.5433349609375,0.004883739165961742,1.7286304235458374,False
Cipinang Melayu,2026-08-14,76.82530649503073,Sedang,76.82530649503073,53.504787385463715,18.211936124165856,49.348720808823906,36.60350496570269,28.06331443786621,67.26807403564453,0.08363806456327438,1.5645118951797485,False
Cipinang Melayu,2026-08-15,71.8998039563497,Sedang,71.8998039563497,55.13875298202038,14.441930770874023,54.722534884577215,35.435503075520195,28.165685653686523,68.31732940673828,0.6905752420425415,1.2153081893920898,False
Cipinang Muara,2026-08-11,77.27087933084239,Sedang,63.66243124008179,51.11113581806421,10.565989017486572,77.27087933084239,18.76606084406376,29.69847869873047,53.51408767700195,0.000821426510810852,1.7707951068878174,True
Cipinang Muara,2026-08-12,72.44329142570496,Sedang,72.44329142570496,49.460540979336464,15.718972365061441,41.79727289411756,32.18080711861452,27.948091506958008,65.233642578125,0.02689419873058796,1.837357521057129,False
Cipinang Muara,2026-08-13,74.90420134862265,Sedang,74.90420134862265,51.64715355883042,19.264214070638022,40.97539517614576,35.34249966343244,27.939382553100586,65.5433349609375,0.004883739165961742,1.7286304235458374,False
Cipinang Muara,2026-08-14,76.82530649503073,Sedang,76.82530649503073,53.504787385463715,18.211936124165856,49.348720808823906,36.60350496570269,28.06331443786621,67.26807403564453,0.08363806456327438,1.5645118951797485,False
Cipinang Muara,2026-08-15,71.8998039563497,Sedang,71.8998039563497,55.13875298202038,14.441930770874023,54.722534884577215,35.435503075520195,28.165685653686523,68.31732940673828,0.6905752420425415,1.2153081893920898,False
Cipondoh,2026-08-11,69.61930606676185,Sedang,54.68164277076721,39.150714186521675,8.901579570770263,69.61930606676185,17.64286607503891,28.323246002197266,63.92744064331055,0.013748166151344776,4.054355144500732,True
Cipondoh,2026-08-12,55.51760093371074,Sedang,55.51760093371074,34.44373263762547,7.0448393185933424,49.71221201949649,19.320119594534237,27.13053321838379,71.16356658935547,0.18225562572479248,4.196614742279053,False
Cipondoh,2026-08-13,53.297549168268844,Sedang,53.297549168268844,38.522188785748604,7.696153895060221,47.83944341871473,22.56938599050045,26.917428970336914,73.92442321777344,0.06092330813407898,3.78137469291687,False
Cipondoh,2026-08-14,57.81051325798035,Sedang,57.81051325798035,42.080656763834824,8.511796585718791,56.930595204450086,23.606164008378983,27.04608154296875,75.89056396484375,0.02819669246673584,3.1283035278320312,False
Cipondoh,2026-08-15,60.12150349824325,Sedang,57.630263010660805,41.238721975913414,9.037624231974284,60.12150349824325,22.57098471124967,27.285043716430664,75.94631958007812,0.23687945306301117,2.7158279418945312,False
Cipondoh Indah,2026-08-11,69.61930606676185,Sedang,54.68164277076721,39.150714186521675,8.901579570770263,69.61930606676185,17.64286607503891,28.323246002197266,63.92744064331055,0.013748166151344776,4.054355144500732,True
Cipondoh Indah,2026-08-12,55.51760093371074,Sedang,55.51760093371074,34.44373263762547,7.0448393185933424,49.71221201949649,19.320119594534237,27.13053321838379,71.16356658935547,0.18225562572479248,4.196614742279053,False
Cipondoh Indah,2026-08-13,53.297549168268844,Sedang,53.297549168268844,38.522188785748604,7.696153895060221,47.83944341871473,22.56938599050045,26.917428970336914,73.92442321777344,0.06092330813407898,3.78137469291687,False
Cipondoh Indah,2026-08-14,57.81051325798035,Sedang,57.81051325798035,42.080656763834824,8.511796585718791,56.930595204450086,23.606164008378983,27.04608154296875,75.89056396484375,0.02819669246673584,3.1283035278320312,False
Cipondoh Indah,2026-08-15,60.12150349824325,Sedang,57.630263010660805,41.238721975913414,9.037624231974284,60.12150349824325,22.57098471124967,27.285043716430664,75.94631958007812,0.23687945306301117,2.7158279418945312,False
Cipondoh Makmur,2026-08-11,69.61930606676185,Sedang,54.68164277076721,39.150714186521675,8.901579570770263,69.61930606676185,17.64286607503891,28.323246002197266,63.92744064331055,0.013748166151344776,4.054355144500732,True
Cipondoh Makmur,2026-08-12,55.51760093371074,Sedang,55.51760093371074,34.44373263762547,7.0448393185933424,49.71221201949649,19.320119594534237,27.13053321838379,71.16356658935547,0.18225562572479248,4.196614742279053,False
Cipondoh Makmur,2026-08-13,53.297549168268844,Sedang,53.297549168268844,38.522188785748604,7.696153895060221,47.83944341871473,22.56938599050045,26.917428970336914,73.92442321777344,0.06092330813407898,3.78137469291687,False
Cipondoh Makmur,2026-08-14,57.81051325798035,Sedang,57.81051325798035,42.080656763834824,8.511796585718791,56.930595204450086,23.606164008378983,27.04608154296875,75.89056396484375,0.02819669246673584,3.1283035278320312,False
Cipondoh Makmur,2026-08-15,60.12150349824325,Sedang,57.630263010660805,41.238721975913414,9.037624231974284,60.12150349824325,22.57098471124967,27.285043716430664,75.94631958007812,0.23687945306301117,2.7158279418945312,False
Cipulir,2026-08-11,77.27087933084239,Sedang,63.66243124008179,51.11113581806421,10.565989017486572,77.27087933084239,18.76606084406376,29.69847869873047,53.51408767700195,0.000821426510810852,1.7707951068878174,True
Cipulir,2026-08-12,72.44329142570496,Sedang,72.44329142570496,49.460540979336464,15.718972365061441,41.79727289411756,32.18080711861452,27.948091506958008,65.233642578125,0.02689419873058796,1.837357521057129,False
Cipulir,2026-08-13,74.90420134862265,Sedang,74.90420134862265,51.64715355883042,19.264214070638022,40.97539517614576,35.34249966343244,27.939382553100586,65.5433349609375,0.004883739165961742,1.7286304235458374,False
Cipulir,2026-08-14,76.82530649503073,Sedang,76.82530649503073,53.504787385463715,18.211936124165856,49.348720808823906,36.60350496570269,28.06331443786621,67.26807403564453,0.08363806456327438,1.5645118951797485,False
Cipulir,2026-08-15,71.8998039563497,Sedang,71.8998039563497,55.13875298202038,14.441930770874023,54.722534884577215,35.435503075520195,28.165685653686523,68.31732940673828,0.6905752420425415,1.2153081893920898,False
Ciracas,2026-08-11,77.27087933084239,Sedang,63.66243124008179,51.11113581806421,10.565989017486572,77.27087933084239,18.76606084406376,29.69847869873047,53.51408767700195,0.000821426510810852,1.7707951068878174,True
Ciracas,2026-08-12,72.44329142570496,Sedang,72.44329142570496,49.460540979336464,15.718972365061441,41.79727289411756,32.18080711861452,27.948091506958008,65.233642578125,0.02689419873058796,1.837357521057129,False
Ciracas,2026-08-13,74.90420134862265,Sedang,74.90420134862265,51.64715355883042,19.264214070638022,40.97539517614576,35.34249966343244,27.939382553100586,65.5433349609375,0.004883739165961742,1.7286304235458374,False
Ciracas,2026-08-14,76.82530649503073,Sedang,76.82530649503073,53.504787385463715,18.211936124165856,49.348720808823906,36.60350496570269,28.06331443786621,67.26807403564453,0.08363806456327438,1.5645118951797485,False
Ciracas,2026-08-15,71.8998039563497,Sedang,71.8998039563497,55.13875298202038,14.441930770874023,54.722534884577215,35.435503075520195,28.165685653686523,68.31732940673828,0.6905752420425415,1.2153081893920898,False
Dukuh,2026-08-11,77.27087933084239,Sedang,63.66243124008179,51.11113581806421,10.565989017486572,77.27087933084239,18.76606084406376,29.69847869873047,53.51408767700195,0.000821426510810852,1.7707951068878174,True
Dukuh,2026-08-12,72.44329142570496,Sedang,72.44329142570496,49.460540979336464,15.718972365061441,41.79727289411756,32.18080711861452,27.948091506958008,65.233642578125,0.02689419873058796,1.837357521057129,False
Dukuh,2026-08-13,74.90420134862265,Sedang,74.90420134862265,51.64715355883042,19.264214070638022,40.97539517614576,35.34249966343244,27.939382553100586,65.5433349609375,0.004883739165961742,1.7286304235458374,False
Dukuh,2026-08-14,76.82530649503073,Sedang,76.82530649503073,53.504787385463715,18.211936124165856,49.348720808823906,36.60350496570269,28.06331443786621,67.26807403564453,0.08363806456327438,1.5645118951797485,False
Dukuh,2026-08-15,71.8998039563497,Sedang,71.8998039563497,55.13875298202038,14.441930770874023,54.722534884577215,35.435503075520195,28.165685653686523,68.31732940673828,0.6905752420425415,1.2153081893920898,False
Duren Sawit,2026-08-11,77.27087933084239,Sedang,63.66243124008179,51.11113581806421,10.565989017486572,77.27087933084239,18.76606084406376,29.69847869873047,53.51408767700195,0.000821426510810852,1.7707951068878174,True
Duren Sawit,2026-08-12,72.44329142570496,Sedang,72.44329142570496,49.460540979336464,15.718972365061441,41.79727289411756,32.18080711861452,27.948091506958008,65.233642578125,0.02689419873058796,1.837357521057129,False
Duren Sawit,2026-08-13,74.90420134862265,Sedang,74.90420134862265,51.64715355883042,19.264214070638022,40.97539517614576,35.34249966343244,27.939382553100586,65.5433349609375,0.004883739165961742,1.7286304235458374,False
Duren Sawit,2026-08-14,76.82530649503073,Sedang,76.82530649503073,53.504787385463715,18.211936124165856,49.348720808823906,36.60350496570269,28.06331443786621,67.26807403564453,0.08363806456327438,1.5645118951797485,False
Duren Sawit,2026-08-15,71.8998039563497,Sedang,71.8998039563497,55.13875298202038,14.441930770874023,54.722534884577215,35.435503075520195,28.165685653686523,68.31732940673828,0.6905752420425415,1.2153081893920898,False
Duren Tiga,2026-08-11,77.27087933084239,Sedang,63.66243124008179,51.11113581806421,10.565989017486572,77.27087933084239,18.76606084406376,29.69847869873047,53.51408767700195,0.000821426510810852,1.7707951068878174,True
Duren Tiga,2026-08-12,72.44329142570496,Sedang,72.44329142570496,49.460540979336464,15.718972365061441,41.79727289411756,32.18080711861452,27.948091506958008,65.233642578125,0.02689419873058796,1.837357521057129,False
Duren Tiga,2026-08-13,74.90420134862265,Sedang,74.90420134862265,51.64715355883042,19.264214070638022,40.97539517614576,35.34249966343244,27.939382553100586,65.5433349609375,0.004883739165961742,1.7286304235458374,False
Duren Tiga,2026-08-14,76.82530649503073,Sedang,76.82530649503073,53.504787385463715,18.211936124165856,49.348720808823906,36.60350496570269,28.06331443786621,67.26807403564453,0.08363806456327438,1.5645118951797485,False
Duren Tiga,2026-08-15,71.8998039563497,Sedang,71.8998039563497,55.13875298202038,14.441930770874023,54.722534884577215,35.435503075520195,28.165685653686523,68.31732940673828,0.6905752420425415,1.2153081893920898,False
Duri Kepa,2026-08-11,69.61930606676185,Sedang,54.68164277076721,39.150714186521675,8.901579570770263,69.61930606676185,17.64286607503891,28.323246002197266,63.92744064331055,0.013748166151344776,4.054355144500732,True
Duri Kepa,2026-08-12,55.51760093371074,Sedang,55.51760093371074,34.44373263762547,7.0448393185933424,49.71221201949649,19.320119594534237,27.13053321838379,71.16356658935547,0.18225562572479248,4.196614742279053,False
Duri Kepa,2026-08-13,53.297549168268844,Sedang,53.297549168268844,38.522188785748604,7.696153895060221,47.83944341871473,22.56938599050045,26.917428970336914,73.92442321777344,0.06092330813407898,3.78137469291687,False
Duri Kepa,2026-08-14,57.81051325798035,Sedang,57.81051325798035,42.080656763834824,8.511796585718791,56.930595204450086,23.606164008378983,27.04608154296875,75.89056396484375,0.02819669246673584,3.1283035278320312,False
Duri Kepa,2026-08-15,60.12150349824325,Sedang,57.630263010660805,41.238721975913414,9.037624231974284,60.12150349824325,22.57098471124967,27.285043716430664,75.94631958007812,0.23687945306301117,2.7158279418945312,False
Duri Kosambi,2026-08-11,69.61930606676185,Sedang,54.68164277076721,39.150714186521675,8.901579570770263,69.61930606676185,17.64286607503891,28.323246002197266,63.92744064331055,0.013748166151344776,4.054355144500732,True
Duri Kosambi,2026-08-12,55.51760093371074,Sedang,55.51760093371074,34.44373263762547,7.0448393185933424,49.71221201949649,19.320119594534237,27.13053321838379,71.16356658935547,0.18225562572479248,4.196614742279053,False
Duri Kosambi,2026-08-13,53.297549168268844,Sedang,53.297549168268844,38.522188785748604,7.696153895060221,47.83944341871473,22.56938599050045,26.917428970336914,73.92442321777344,0.06092330813407898,3.78137469291687,False
Duri Kosambi,2026-08-14,57.81051325798035,Sedang,57.81051325798035,42.080656763834824,8.511796585718791,56.930595204450086,23.606164008378983,27.04608154296875,75.89056396484375,0.02819669246673584,3.1283035278320312,False
Duri Kosambi,2026-08-15,60.12150349824325,Sedang,57.630263010660805,41.238721975913414,9.037624231974284,60.12150349824325,22.57098471124967,27.285043716430664,75.94631958007812,0.23687945306301117,2.7158279418945312,False
Duri Pulo,2026-08-11,69.61930606676185,Sedang,54.68164277076721,39.150714186521675,8.901579570770263,69.61930606676185,17.64286607503891,28.323246002197266,63.92744064331055,0.013748166151344776,4.054355144500732,True
Duri Pulo,2026-08-12,55.51760093371074,Sedang,55.51760093371074,34.44373263762547,7.0448393185933424,49.71221201949649,19.320119594534237,27.13053321838379,71.16356658935547,0.18225562572479248,4.196614742279053,False
Duri Pulo,2026-08-13,53.297549168268844,Sedang,53.297549168268844,38.522188785748604,7.696153895060221,47.83944341871473,22.56938599050045,26.917428970336914,73.92442321777344,0.06092330813407898,3.78137469291687,False
Duri Pulo,2026-08-14,57.81051325798035,Sedang,57.81051325798035,42.080656763834824,8.511796585718791,56.930595204450086,23.606164008378983,27.04608154296875,75.89056396484375,0.02819669246673584,3.1283035278320312,False
Duri Pulo,2026-08-15,60.12150349824325,Sedang,57.630263010660805,41.238721975913414,9.037624231974284,60.12150349824325,22.57098471124967,27.285043716430664,75.94631958007812,0.23687945306301117,2.7158279418945312,False
Duri Selatan,2026-08-11,69.61930606676185,Sedang,54.68164277076721,39.150714186521675,8.901579570770263,69.61930606676185,17.64286607503891,28.323246002197266,63.92744064331055,0.013748166151344776,4.054355144500732,True
Duri Selatan,2026-08-12,55.51760093371074,Sedang,55.51760093371074,34.44373263762547,7.0448393185933424,49.71221201949649,19.320119594534237,27.13053321838379,71.16356658935547,0.18225562572479248,4.196614742279053,False
Duri Selatan,2026-08-13,53.297549168268844,Sedang,53.297549168268844,38.522188785748604,7.696153895060221,47.83944341871473,22.56938599050045,26.917428970336914,73.92442321777344,0.06092330813407898,3.78137469291687,False
Duri Selatan,2026-08-14,57.81051325798035,Sedang,57.81051325798035,42.080656763834824,8.511796585718791,56.930595204450086,23.606164008378983,27.04608154296875,75.89056396484375,0.02819669246673584,3.1283035278320312,False
Duri Selatan,2026-08-15,60.12150349824325,Sedang,57.630263010660805,41.238721975913414,9.037624231974284,60.12150349824325,22.57098471124967,27.285043716430664,75.94631958007812,0.23687945306301117,2.7158279418945312,False
Duri Utara,2026-08-11,69.61930606676185,Sedang,54.68164277076721,39.150714186521675,8.901579570770263,69.61930606676185,17.64286607503891,28.323246002197266,63.92744064331055,0.013748166151344776,4.054355144500732,True
Duri Utara,2026-08-12,55.51760093371074,Sedang,55.51760093371074,34.44373263762547,7.0448393185933424,49.71221201949649,19.320119594534237,27.13053321838379,71.16356658935547,0.18225562572479248,4.196614742279053,False
Duri Utara,2026-08-13,53.297549168268844,Sedang,53.297549168268844,38.522188785748604,7.696153895060221,47.83944341871473,22.56938599050045,26.917428970336914,73.92442321777344,0.06092330813407898,3.78137469291687,False
Duri Utara,2026-08-14,57.81051325798035,Sedang,57.81051325798035,42.080656763834824,8.511796585718791,56.930595204450086,23.606164008378983,27.04608154296875,75.89056396484375,0.02819669246673584,3.1283035278320312,False
Duri Utara,2026-08-15,60.12150349824325,Sedang,57.630263010660805,41.238721975913414,9.037624231974284,60.12150349824325,22.57098471124967,27.285043716430664,75.94631958007812,0.23687945306301117,2.7158279418945312,False
Gaga,2026-08-11,77.27087933084239,Sedang,63.66243124008179,51.11113581806421,10.565989017486572,77.27087933084239,18.76606084406376,29.69847869873047,53.51408767700195,0.000821426510810852,1.7707951068878174,True
Gaga,2026-08-12,72.44329142570496,Sedang,72.44329142570496,49.460540979336464,15.718972365061441,41.79727289411756,32.18080711861452,27.948091506958008,65.233642578125,0.02689419873058796,1.837357521057129,False
Gaga,2026-08-13,74.90420134862265,Sedang,74.90420134862265,51.64715355883042,19.264214070638022,40.97539517614576,35.34249966343244,27.939382553100586,65.5433349609375,0.004883739165961742,1.7286304235458374,False
Gaga,2026-08-14,76.82530649503073,Sedang,76.82530649503073,53.504787385463715,18.211936124165856,49.348720808823906,36.60350496570269,28.06331443786621,67.26807403564453,0.08363806456327438,1.5645118951797485,False
Gaga,2026-08-15,71.8998039563497,Sedang,71.8998039563497,55.13875298202038,14.441930770874023,54.722534884577215,35.435503075520195,28.165685653686523,68.31732940673828,0.6905752420425415,1.2153081893920898,False
Galur,2026-08-11,69.61930606676185,Sedang,54.68164277076721,39.150714186521675,8.901579570770263,69.61930606676185,17.64286607503891,28.323246002197266,63.92744064331055,0.013748166151344776,4.054355144500732,True
Galur,2026-08-12,55.51760093371074,Sedang,55.51760093371074,34.44373263762547,7.0448393185933424,49.71221201949649,19.320119594534237,27.13053321838379,71.16356658935547,0.18225562572479248,4.196614742279053,False
Galur,2026-08-13,53.297549168268844,Sedang,53.297549168268844,38.522188785748604,7.696153895060221,47.83944341871473,22.56938599050045,26.917428970336914,73.92442321777344,0.06092330813407898,3.78137469291687,False
Galur,2026-08-14,57.81051325798035,Sedang,57.81051325798035,42.080656763834824,8.511796585718791,56.930595204450086,23.606164008378983,27.04608154296875,75.89056396484375,0.02819669246673584,3.1283035278320312,False
Galur,2026-08-15,60.12150349824325,Sedang,57.630263010660805,41.238721975913414,9.037624231974284,60.12150349824325,22.57098471124967,27.285043716430664,75.94631958007812,0.23687945306301117,2.7158279418945312,False
Gambir,2026-08-11,69.61930606676185,Sedang,54.68164277076721,39.150714186521675,8.901579570770263,69.61930606676185,17.64286607503891,28.323246002197266,63.92744064331055,0.013748166151344776,4.054355144500732,True
Gambir,2026-08-12,55.51760093371074,Sedang,55.51760093371074,34.44373263762547,7.0448393185933424,49.71221201949649,19.320119594534237,27.13053321838379,71.16356658935547,0.18225562572479248,4.196614742279053,False
Gambir,2026-08-13,53.297549168268844,Sedang,53.297549168268844,38.522188785748604,7.696153895060221,47.83944341871473,22.56938599050045,26.917428970336914,73.92442321777344,0.06092330813407898,3.78137469291687,False
Gambir,2026-08-14,57.81051325798035,Sedang,57.81051325798035,42.080656763834824,8.511796585718791,56.930595204450086,23.606164008378983,27.04608154296875,75.89056396484375,0.02819669246673584,3.1283035278320312,False
Gambir,2026-08-15,60.12150349824325,Sedang,57.630263010660805,41.238721975913414,9.037624231974284,60.12150349824325,22.57098471124967,27.285043716430664,75.94631958007812,0.23687945306301117,2.7158279418945312,False
Gandaria Selatan,2026-08-11,77.27087933084239,Sedang,63.66243124008179,51.11113581806421,10.565989017486572,77.27087933084239,18.76606084406376,29.69847869873047,53.51408767700195,0.000821426510810852,1.7707951068878174,True
Gandaria Selatan,2026-08-12,72.44329142570496,Sedang,72.44329142570496,49.460540979336464,15.718972365061441,41.79727289411756,32.18080711861452,27.948091506958008,65.233642578125,0.02689419873058796,1.837357521057129,False
Gandaria Selatan,2026-08-13,74.90420134862265,Sedang,74.90420134862265,51.64715355883042,19.264214070638022,40.97539517614576,35.34249966343244,27.939382553100586,65.5433349609375,0.004883739165961742,1.7286304235458374,False
Gandaria Selatan,2026-08-14,76.82530649503073,Sedang,76.82530649503073,53.504787385463715,18.211936124165856,49.348720808823906,36.60350496570269,28.06331443786621,67.26807403564453,0.08363806456327438,1.5645118951797485,False
Gandaria Selatan,2026-08-15,71.8998039563497,Sedang,71.8998039563497,55.13875298202038,14.441930770874023,54.722534884577215,35.435503075520195,28.165685653686523,68.31732940673828,0.6905752420425415,1.2153081893920898,False
Gandaria Utara,2026-08-11,77.27087933084239,Sedang,63.66243124008179,51.11113581806421,10.565989017486572,77.27087933084239,18.76606084406376,29.69847869873047,53.51408767700195,0.000821426510810852,1.7707951068878174,True
Gandaria Utara,2026-08-12,72.44329142570496,Sedang,72.44329142570496,49.460540979336464,15.718972365061441,41.79727289411756,32.18080711861452,27.948091506958008,65.233642578125,0.02689419873058796,1.837357521057129,False
Gandaria Utara,2026-08-13,74.90420134862265,Sedang,74.90420134862265,51.64715355883042,19.264214070638022,40.97539517614576,35.34249966343244,27.939382553100586,65.5433349609375,0.004883739165961742,1.7286304235458374,False
Gandaria Utara,2026-08-14,76.82530649503073,Sedang,76.82530649503073,53.504787385463715,18.211936124165856,49.348720808823906,36.60350496570269,28.06331443786621,67.26807403564453,0.08363806456327438,1.5645118951797485,False
Gandaria Utara,2026-08-15,71.8998039563497,Sedang,71.8998039563497,55.13875298202038,14.441930770874023,54.722534884577215,35.435503075520195,28.165685653686523,68.31732940673828,0.6905752420425415,1.2153081893920898,False
Gandasari,2026-08-11,74.40814225570016,Sedang,62.04842138290405,53.715015947818756,8.020267963409424,74.40814225570016,12.585856840014458,28.77914810180664,62.5135383605957,0.2827306389808655,1.529908537864685,True
Gandasari,2026-08-12,80.6316564877828,Sedang,80.6316564877828,43.71858231532268,13.010529232025146,45.33482247756588,20.36535801986853,27.76420783996582,70.55138397216797,0.043343402445316315,1.1820839643478394,False
Gandasari,2026-08-13,89.5680406888326,Sedang,89.5680406888326,48.40066860883663,16.988379669189452,46.9242106936872,25.642088651657104,27.458654403686523,72.06690216064453,0.07256481051445007,1.325615644454956,False
Gandasari,2026-08-14,89.14602931340535,Sedang,89.14602931340535,49.68993052458153,14.796560192108155,50.30501108238663,23.343221669395767,27.682662963867188,72.36480712890625,0.050885312259197235,1.287695050239563,False
Gandasari,2026-08-15,84.67676957448325,Sedang,84.67676957448325,49.948223737569954,13.019147523244223,54.24675861994426,19.50490524371465,27.623071670532227,75.3393325805664,0.7431092262268066,1.1340667009353638,False
Gebang Raya,2026-08-11,68.98759261421534,Sedang,56.10755372047424,53.36524713784456,7.41221022605896,68.98759261421534,16.348594203591347,27.90591049194336,68.53587341308594,0.3237781524658203,3.1219429969787598,True
Gebang Raya,2026-08-12,66.98441497484842,Sedang,66.98441497484842,43.32534517997351,7.855143022537232,49.24069788720873,16.903809905052185,27.11531639099121,72.59671020507812,0.1665925532579422,3.4097652435302734,False
Gebang Raya,2026-08-13,67.89016254742941,Sedang,67.89016254742941,47.021704682937035,8.598527399698895,47.57301138506996,19.70889928440253,26.850255966186523,74.57172393798828,0.03733846917748451,3.0433502197265625,False
Gebang Raya,2026-08-14,70.48791797955832,Sedang,70.48791797955832,46.668350772979935,8.819194825490314,55.171888185584024,19.362924272815388,27.000463485717773,75.35112762451172,0.07174699753522873,2.615520715713501,False
Gebang Raya,2026-08-15,68.57522900899252,Sedang,68.57522900899252,46.23406147345519,7.676053794225057,60.93279327171436,15.459764475623768,27.074630737304688,77.34497833251953,0.4183608293533325,2.116962194442749,False
Gedong,2026-08-11,77.27087933084239,Sedang,63.66243124008179,51.11113581806421,10.565989017486572,77.27087933084239,18.76606084406376,29.69847869873047,53.51408767700195,0.000821426510810852,1.7707951068878174,True
Gedong,2026-08-12,72.44329142570496,Sedang,72.44329142570496,49.460540979336464,15.718972365061441,41.79727289411756,32.18080711861452,27.948091506958008,65.233642578125,0.02689419873058796,1.837357521057129,False
Gedong,2026-08-13,74.90420134862265,Sedang,74.90420134862265,51.64715355883042,19.264214070638022,40.97539517614576,35.34249966343244,27.939382553100586,65.5433349609375,0.004883739165961742,1.7286304235458374,False
Gedong,2026-08-14,76.82530649503073,Sedang,76.82530649503073,53.504787385463715,18.211936124165856,49.348720808823906,36.60350496570269,28.06331443786621,67.26807403564453,0.08363806456327438,1.5645118951797485,False
Gedong,2026-08-15,71.8998039563497,Sedang,71.8998039563497,55.13875298202038,14.441930770874023,54.722534884577215,35.435503075520195,28.165685653686523,68.31732940673828,0.6905752420425415,1.2153081893920898,False
Gelora,2026-08-11,77.27087933084239,Sedang,63.66243124008179,51.11113581806421,10.565989017486572,77.27087933084239,18.76606084406376,29.69847869873047,53.51408767700195,0.000821426510810852,1.7707951068878174,True
Gelora,2026-08-12,72.44329142570496,Sedang,72.44329142570496,49.460540979336464,15.718972365061441,41.79727289411756,32.18080711861452,27.948091506958008,65.233642578125,0.02689419873058796,1.837357521057129,False
Gelora,2026-08-13,74.90420134862265,Sedang,74.90420134862265,51.64715355883042,19.264214070638022,40.97539517614576,35.34249966343244,27.939382553100586,65.5433349609375,0.004883739165961742,1.7286304235458374,False
Gelora,2026-08-14,76.82530649503073,Sedang,76.82530649503073,53.504787385463715,18.211936124165856,49.348720808823906,36.60350496570269,28.06331443786621,67.26807403564453,0.08363806456327438,1.5645118951797485,False
Gelora,2026-08-15,71.8998039563497,Sedang,71.8998039563497,55.13875298202038,14.441930770874023,54.722534884577215,35.435503075520195,28.165685653686523,68.31732940673828,0.6905752420425415,1.2153081893920898,False
Gembor,2026-08-11,68.98759261421534,Sedang,56.10755372047424,53.36524713784456,7.41221022605896,68.98759261421534,16.348594203591347,27.90591049194336,68.53587341308594,0.3237781524658203,3.1219429969787598,True
Gembor,2026-08-12,66.98441497484842,Sedang,66.98441497484842,43.32534517997351,7.855143022537232,49.24069788720873,16.903809905052185,27.11531639099121,72.59671020507812,0.1665925532579422,3.4097652435302734,False
Gembor,2026-08-13,67.89016254742941,Sedang,67.89016254742941,47.021704682937035,8.598527399698895,47.57301138506996,19.70889928440253,26.850255966186523,74.57172393798828,0.03733846917748451,3.0433502197265625,False
Gembor,2026-08-14,70.48791797955832,Sedang,70.48791797955832,46.668350772979935,8.819194825490314,55.171888185584024,19.362924272815388,27.000463485717773,75.35112762451172,0.07174699753522873,2.615520715713501,False
Gembor,2026-08-15,68.57522900899252,Sedang,68.57522900899252,46.23406147345519,7.676053794225057,60.93279327171436,15.459764475623768,27.074630737304688,77.34497833251953,0.4183608293533325,2.116962194442749,False
Gerendeng,2026-08-11,69.61930606676185,Sedang,54.68164277076721,39.150714186521675,8.901579570770263,69.61930606676185,17.64286607503891,28.323246002197266,63.92744064331055,0.013748166151344776,4.054355144500732,True
Gerendeng,2026-08-12,55.51760093371074,Sedang,55.51760093371074,34.44373263762547,7.0448393185933424,49.71221201949649,19.320119594534237,27.13053321838379,71.16356658935547,0.18225562572479248,4.196614742279053,False
Gerendeng,2026-08-13,53.297549168268844,Sedang,53.297549168268844,38.522188785748604,7.696153895060221,47.83944341871473,22.56938599050045,26.917428970336914,73.92442321777344,0.06092330813407898,3.78137469291687,False
Gerendeng,2026-08-14,57.81051325798035,Sedang,57.81051325798035,42.080656763834824,8.511796585718791,56.930595204450086,23.606164008378983,27.04608154296875,75.89056396484375,0.02819669246673584,3.1283035278320312,False
Gerendeng,2026-08-15,60.12150349824325,Sedang,57.630263010660805,41.238721975913414,9.037624231974284,60.12150349824325,22.57098471124967,27.285043716430664,75.94631958007812,0.23687945306301117,2.7158279418945312,False
Glodok,2026-08-11,69.61930606676185,Sedang,54.68164277076721,39.150714186521675,8.901579570770263,69.61930606676185,17.64286607503891,28.323246002197266,63.92744064331055,0.013748166151344776,4.054355144500732,True
Glodok,2026-08-12,55.51760093371074,Sedang,55.51760093371074,34.44373263762547,7.0448393185933424,49.71221201949649,19.320119594534237,27.13053321838379,71.16356658935547,0.18225562572479248,4.196614742279053,False
Glodok,2026-08-13,53.297549168268844,Sedang,53.297549168268844,38.522188785748604,7.696153895060221,47.83944341871473,22.56938599050045,26.917428970336914,73.92442321777344,0.06092330813407898,3.78137469291687,False
Glodok,2026-08-14,57.81051325798035,Sedang,57.81051325798035,42.080656763834824,8.511796585718791,56.930595204450086,23.606164008378983,27.04608154296875,75.89056396484375,0.02819669246673584,3.1283035278320312,False
Glodok,2026-08-15,60.12150349824325,Sedang,57.630263010660805,41.238721975913414,9.037624231974284,60.12150349824325,22.57098471124967,27.285043716430664,75.94631958007812,0.23687945306301117,2.7158279418945312,False
Gondangdia,2026-08-11,69.61930606676185,Sedang,54.68164277076721,39.150714186521675,8.901579570770263,69.61930606676185,17.64286607503891,28.323246002197266,63.92744064331055,0.013748166151344776,4.054355144500732,True
Gondangdia,2026-08-12,55.51760093371074,Sedang,55.51760093371074,34.44373263762547,7.0448393185933424,49.71221201949649,19.320119594534237,27.13053321838379,71.16356658935547,0.18225562572479248,4.196614742279053,False
Gondangdia,2026-08-13,53.297549168268844,Sedang,53.297549168268844,38.522188785748604,7.696153895060221,47.83944341871473,22.56938599050045,26.917428970336914,73.92442321777344,0.06092330813407898,3.78137469291687,False
Gondangdia,2026-08-14,57.81051325798035,Sedang,57.81051325798035,42.080656763834824,8.511796585718791,56.930595204450086,23.606164008378983,27.04608154296875,75.89056396484375,0.02819669246673584,3.1283035278320312,False
Gondangdia,2026-08-15,60.12150349824325,Sedang,57.630263010660805,41.238721975913414,9.037624231974284,60.12150349824325,22.57098471124967,27.285043716430664,75.94631958007812,0.23687945306301117,2.7158279418945312,False
Gondrong,2026-08-11,69.61930606676185,Sedang,54.68164277076721,39.150714186521675,8.901579570770263,69.61930606676185,17.64286607503891,28.323246002197266,63.92744064331055,0.013748166151344776,4.054355144500732,True
Gondrong,2026-08-12,55.51760093371074,Sedang,55.51760093371074,34.44373263762547,7.0448393185933424,49.71221201949649,19.320119594534237,27.13053321838379,71.16356658935547,0.18225562572479248,4.196614742279053,False
Gondrong,2026-08-13,53.297549168268844,Sedang,53.297549168268844,38.522188785748604,7.696153895060221,47.83944341871473,22.56938599050045,26.917428970336914,73.92442321777344,0.06092330813407898,3.78137469291687,False
Gondrong,2026-08-14,57.81051325798035,Sedang,57.81051325798035,42.080656763834824,8.511796585718791,56.930595204450086,23.606164008378983,27.04608154296875,75.89056396484375,0.02819669246673584,3.1283035278320312,False
Gondrong,2026-08-15,60.12150349824325,Sedang,57.630263010660805,41.238721975913414,9.037624231974284,60.12150349824325,22.57098471124967,27.285043716430664,75.94631958007812,0.23687945306301117,2.7158279418945312,False
Grogol,2026-08-11,69.61930606676185,Sedang,54.68164277076721,39.150714186521675,8.901579570770263,69.61930606676185,17.64286607503891,28.323246002197266,63.92744064331055,0.013748166151344776,4.054355144500732,True
Grogol,2026-08-12,55.51760093371074,Sedang,55.51760093371074,34.44373263762547,7.0448393185933424,49.71221201949649,19.320119594534237,27.13053321838379,71.16356658935547,0.18225562572479248,4.196614742279053,False
Grogol,2026-08-13,53.297549168268844,Sedang,53.297549168268844,38.522188785748604,7.696153895060221,47.83944341871473,22.56938599050045,26.917428970336914,73.92442321777344,0.06092330813407898,3.78137469291687,False
Grogol,2026-08-14,57.81051325798035,Sedang,57.81051325798035,42.080656763834824,8.511796585718791,56.930595204450086,23.606164008378983,27.04608154296875,75.89056396484375,0.02819669246673584,3.1283035278320312,False
Grogol,2026-08-15,60.12150349824325,Sedang,57.630263010660805,41.238721975913414,9.037624231974284,60.12150349824325,22.57098471124967,27.285043716430664,75.94631958007812,0.23687945306301117,2.7158279418945312,False
Grogol Selatan,2026-08-11,77.27087933084239,Sedang,63.66243124008179,51.11113581806421,10.565989017486572,77.27087933084239,18.76606084406376,29.69847869873047,53.51408767700195,0.000821426510810852,1.7707951068878174,True
Grogol Selatan,2026-08-12,72.44329142570496,Sedang,72.44329142570496,49.460540979336464,15.718972365061441,41.79727289411756,32.18080711861452,27.948091506958008,65.233642578125,0.02689419873058796,1.837357521057129,False
Grogol Selatan,2026-08-13,74.90420134862265,Sedang,74.90420134862265,51.64715355883042,19.264214070638022,40.97539517614576,35.34249966343244,27.939382553100586,65.5433349609375,0.004883739165961742,1.7286304235458374,False
Grogol Selatan,2026-08-14,76.82530649503073,Sedang,76.82530649503073,53.504787385463715,18.211936124165856,49.348720808823906,36.60350496570269,28.06331443786621,67.26807403564453,0.08363806456327438,1.5645118951797485,False
Grogol Selatan,2026-08-15,71.8998039563497,Sedang,71.8998039563497,55.13875298202038,14.441930770874023,54.722534884577215,35.435503075520195,28.165685653686523,68.31732940673828,0.6905752420425415,1.2153081893920898,False
Grogol Utara,2026-08-11,77.27087933084239,Sedang,63.66243124008179,51.11113581806421,10.565989017486572,77.27087933084239,18.76606084406376,29.69847869873047,53.51408767700195,0.000821426510810852,1.7707951068878174,True
Grogol Utara,2026-08-12,72.44329142570496,Sedang,72.44329142570496,49.460540979336464,15.718972365061441,41.79727289411756,32.18080711861452,27.948091506958008,65.233642578125,0.02689419873058796,1.837357521057129,False
Grogol Utara,2026-08-13,74.90420134862265,Sedang,74.90420134862265,51.64715355883042,19.264214070638022,40.97539517614576,35.34249966343244,27.939382553100586,65.5433349609375,0.004883739165961742,1.7286304235458374,False
Grogol Utara,2026-08-14,76.82530649503073,Sedang,76.82530649503073,53.504787385463715,18.211936124165856,49.348720808823906,36.60350496570269,28.06331443786621,67.26807403564453,0.08363806456327438,1.5645118951797485,False
Grogol Utara,2026-08-15,71.8998039563497,Sedang,71.8998039563497,55.13875298202038,14.441930770874023,54.722534884577215,35.435503075520195,28.165685653686523,68.31732940673828,0.6905752420425415,1.2153081893920898,False
Guntur,2026-08-11,77.27087933084239,Sedang,63.66243124008179,51.11113581806421,10.565989017486572,77.27087933084239,18.76606084406376,29.69847869873047,53.51408767700195,0.000821426510810852,1.7707951068878174,True
Guntur,2026-08-12,72.44329142570496,Sedang,72.44329142570496,49.460540979336464,15.718972365061441,41.79727289411756,32.18080711861452,27.948091506958008,65.233642578125,0.02689419873058796,1.837357521057129,False
Guntur,2026-08-13,74.90420134862265,Sedang,74.90420134862265,51.64715355883042,19.264214070638022,40.97539517614576,35.34249966343244,27.939382553100586,65.5433349609375,0.004883739165961742,1.7286304235458374,False
Guntur,2026-08-14,76.82530649503073,Sedang,76.82530649503073,53.504787385463715,18.211936124165856,49.348720808823906,36.60350496570269,28.06331443786621,67.26807403564453,0.08363806456327438,1.5645118951797485,False
Guntur,2026-08-15,71.8998039563497,Sedang,71.8998039563497,55.13875298202038,14.441930770874023,54.722534884577215,35.435503075520195,28.165685653686523,68.31732940673828,0.6905752420425415,1.2153081893920898,False
Gunung,2026-08-11,77.27087933084239,Sedang,63.66243124008179,51.11113581806421,10.565989017486572,77.27087933084239,18.76606084406376,29.69847869873047,53.51408767700195,0.000821426510810852,1.7707951068878174,True
Gunung,2026-08-12,72.44329142570496,Sedang,72.44329142570496,49.460540979336464,15.718972365061441,41.79727289411756,32.18080711861452,27.948091506958008,65.233642578125,0.02689419873058796,1.837357521057129,False
Gunung,2026-08-13,74.90420134862265,Sedang,74.90420134862265,51.64715355883042,19.264214070638022,40.97539517614576,35.34249966343244,27.939382553100586,65.5433349609375,0.004883739165961742,1.7286304235458374,False
Gunung,2026-08-14,76.82530649503073,Sedang,76.82530649503073,53.504787385463715,18.211936124165856,49.348720808823906,36.60350496570269,28.06331443786621,67.26807403564453,0.08363806456327438,1.5645118951797485,False
Gunung,2026-08-15,71.8998039563497,Sedang,71.8998039563497,55.13875298202038,14.441930770874023,54.722534884577215,35.435503075520195,28.165685653686523,68.31732940673828,0.6905752420425415,1.2153081893920898,False
Gunung Sahari Selatan,2026-08-11,69.61930606676185,Sedang,54.68164277076721,39.150714186521675,8.901579570770263,69.61930606676185,17.64286607503891,28.323246002197266,63.92744064331055,0.013748166151344776,4.054355144500732,True
Gunung Sahari Selatan,2026-08-12,55.51760093371074,Sedang,55.51760093371074,34.44373263762547,7.0448393185933424,49.71221201949649,19.320119594534237,27.13053321838379,71.16356658935547,0.18225562572479248,4.196614742279053,False
Gunung Sahari Selatan,2026-08-13,53.297549168268844,Sedang,53.297549168268844,38.522188785748604,7.696153895060221,47.83944341871473,22.56938599050045,26.917428970336914,73.92442321777344,0.06092330813407898,3.78137469291687,False
Gunung Sahari Selatan,2026-08-14,57.81051325798035,Sedang,57.81051325798035,42.080656763834824,8.511796585718791,56.930595204450086,23.606164008378983,27.04608154296875,75.89056396484375,0.02819669246673584,3.1283035278320312,False
Gunung Sahari Selatan,2026-08-15,60.12150349824325,Sedang,57.630263010660805,41.238721975913414,9.037624231974284,60.12150349824325,22.57098471124967,27.285043716430664,75.94631958007812,0.23687945306301117,2.7158279418945312,False
Gunung Sahari Utara,2026-08-11,69.61930606676185,Sedang,54.68164277076721,39.150714186521675,8.901579570770263,69.61930606676185,17.64286607503891,28.323246002197266,63.92744064331055,0.013748166151344776,4.054355144500732,True
Gunung Sahari Utara,2026-08-12,55.51760093371074,Sedang,55.51760093371074,34.44373263762547,7.0448393185933424,49.71221201949649,19.320119594534237,27.13053321838379,71.16356658935547,0.18225562572479248,4.196614742279053,False
Gunung Sahari Utara,2026-08-13,53.297549168268844,Sedang,53.297549168268844,38.522188785748604,7.696153895060221,47.83944341871473,22.56938599050045,26.917428970336914,73.92442321777344,0.06092330813407898,3.78137469291687,False
Gunung Sahari Utara,2026-08-14,57.81051325798035,Sedang,57.81051325798035,42.080656763834824,8.511796585718791,56.930595204450086,23.606164008378983,27.04608154296875,75.89056396484375,0.02819669246673584,3.1283035278320312,False
Gunung Sahari Utara,2026-08-15,60.12150349824325,Sedang,57.630263010660805,41.238721975913414,9.037624231974284,60.12150349824325,22.57098471124967,27.285043716430664,75.94631958007812,0.23687945306301117,2.7158279418945312,False
Halim Perdana Kusuma,2026-08-11,77.27087933084239,Sedang,63.66243124008179,51.11113581806421,10.565989017486572,77.27087933084239,18.76606084406376,29.69847869873047,53.51408767700195,0.000821426510810852,1.7707951068878174,True
Halim Perdana Kusuma,2026-08-12,72.44329142570496,Sedang,72.44329142570496,49.460540979336464,15.718972365061441,41.79727289411756,32.18080711861452,27.948091506958008,65.233642578125,0.02689419873058796,1.837357521057129,False
Halim Perdana Kusuma,2026-08-13,74.90420134862265,Sedang,74.90420134862265,51.64715355883042,19.264214070638022,40.97539517614576,35.34249966343244,27.939382553100586,65.5433349609375,0.004883739165961742,1.7286304235458374,False
Halim Perdana Kusuma,2026-08-14,76.82530649503073,Sedang,76.82530649503073,53.504787385463715,18.211936124165856,49.348720808823906,36.60350496570269,28.06331443786621,67.26807403564453,0.08363806456327438,1.5645118951797485,False
Halim Perdana Kusuma,2026-08-15,71.8998039563497,Sedang,71.8998039563497,55.13875298202038,14.441930770874023,54.722534884577215,35.435503075520195,28.165685653686523,68.31732940673828,0.6905752420425415,1.2153081893920898,False
Harapan Mulya,2026-08-11,69.61930606676185,Sedang,54.68164277076721,39.150714186521675,8.901579570770263,69.61930606676185,17.64286607503891,28.323246002197266,63.92744064331055,0.013748166151344776,4.054355144500732,True
Harapan Mulya,2026-08-12,55.51760093371074,Sedang,55.51760093371074,34.44373263762547,7.0448393185933424,49.71221201949649,19.320119594534237,27.13053321838379,71.16356658935547,0.18225562572479248,4.196614742279053,False
Harapan Mulya,2026-08-13,53.297549168268844,Sedang,53.297549168268844,38.522188785748604,7.696153895060221,47.83944341871473,22.56938599050045,26.917428970336914,73.92442321777344,0.06092330813407898,3.78137469291687,False
Harapan Mulya,2026-08-14,57.81051325798035,Sedang,57.81051325798035,42.080656763834824,8.511796585718791,56.930595204450086,23.606164008378983,27.04608154296875,75.89056396484375,0.02819669246673584,3.1283035278320312,False
Harapan Mulya,2026-08-15,60.12150349824325,Sedang,57.630263010660805,41.238721975913414,9.037624231974284,60.12150349824325,22.57098471124967,27.285043716430664,75.94631958007812,0.23687945306301117,2.7158279418945312,False
Jagakarsa,2026-08-11,77.27087933084239,Sedang,63.66243124008179,51.11113581806421,10.565989017486572,77.27087933084239,18.76606084406376,29.69847869873047,53.51408767700195,0.000821426510810852,1.7707951068878174,True
Jagakarsa,2026-08-12,72.44329142570496,Sedang,72.44329142570496,49.460540979336464,15.718972365061441,41.79727289411756,32.18080711861452,27.948091506958008,65.233642578125,0.02689419873058796,1.837357521057129,False
Jagakarsa,2026-08-13,74.90420134862265,Sedang,74.90420134862265,51.64715355883042,19.264214070638022,40.97539517614576,35.34249966343244,27.939382553100586,65.5433349609375,0.004883739165961742,1.7286304235458374,False
Jagakarsa,2026-08-14,76.82530649503073,Sedang,76.82530649503073,53.504787385463715,18.211936124165856,49.348720808823906,36.60350496570269,28.06331443786621,67.26807403564453,0.08363806456327438,1.5645118951797485,False
Jagakarsa,2026-08-15,71.8998039563497,Sedang,71.8998039563497,55.13875298202038,14.441930770874023,54.722534884577215,35.435503075520195,28.165685653686523,68.31732940673828,0.6905752420425415,1.2153081893920898,False
Jatake,2026-08-11,74.40814225570016,Sedang,62.04842138290405,53.715015947818756,8.020267963409424,74.40814225570016,12.585856840014458,28.77914810180664,62.5135383605957,0.2827306389808655,1.529908537864685,True
Jatake,2026-08-12,80.6316564877828,Sedang,80.6316564877828,43.71858231532268,13.010529232025146,45.33482247756588,20.36535801986853,27.76420783996582,70.55138397216797,0.043343402445316315,1.1820839643478394,False
Jatake,2026-08-13,89.5680406888326,Sedang,89.5680406888326,48.40066860883663,16.988379669189452,46.9242106936872,25.642088651657104,27.458654403686523,72.06690216064453,0.07256481051445007,1.325615644454956,False
Jatake,2026-08-14,89.14602931340535,Sedang,89.14602931340535,49.68993052458153,14.796560192108155,50.30501108238663,23.343221669395767,27.682662963867188,72.36480712890625,0.050885312259197235,1.287695050239563,False
Jatake,2026-08-15,84.67676957448325,Sedang,84.67676957448325,49.948223737569954,13.019147523244223,54.24675861994426,19.50490524371465,27.623071670532227,75.3393325805664,0.7431092262268066,1.1340667009353638,False
Jati,2026-08-11,69.61930606676185,Sedang,54.68164277076721,39.150714186521675,8.901579570770263,69.61930606676185,17.64286607503891,28.323246002197266,63.92744064331055,0.013748166151344776,4.054355144500732,True
Jati,2026-08-12,55.51760093371074,Sedang,55.51760093371074,34.44373263762547,7.0448393185933424,49.71221201949649,19.320119594534237,27.13053321838379,71.16356658935547,0.18225562572479248,4.196614742279053,False
Jati,2026-08-13,53.297549168268844,Sedang,53.297549168268844,38.522188785748604,7.696153895060221,47.83944341871473,22.56938599050045,26.917428970336914,73.92442321777344,0.06092330813407898,3.78137469291687,False
Jati,2026-08-14,57.81051325798035,Sedang,57.81051325798035,42.080656763834824,8.511796585718791,56.930595204450086,23.606164008378983,27.04608154296875,75.89056396484375,0.02819669246673584,3.1283035278320312,False
Jati,2026-08-15,60.12150349824325,Sedang,57.630263010660805,41.238721975913414,9.037624231974284,60.12150349824325,22.57098471124967,27.285043716430664,75.94631958007812,0.23687945306301117,2.7158279418945312,False
Jati Padang,2026-08-11,77.27087933084239,Sedang,63.66243124008179,51.11113581806421,10.565989017486572,77.27087933084239,18.76606084406376,29.69847869873047,53.51408767700195,0.000821426510810852,1.7707951068878174,True
Jati Padang,2026-08-12,72.44329142570496,Sedang,72.44329142570496,49.460540979336464,15.718972365061441,41.79727289411756,32.18080711861452,27.948091506958008,65.233642578125,0.02689419873058796,1.837357521057129,False
Jati Padang,2026-08-13,74.90420134862265,Sedang,74.90420134862265,51.64715355883042,19.264214070638022,40.97539517614576,35.34249966343244,27.939382553100586,65.5433349609375,0.004883739165961742,1.7286304235458374,False
Jati Padang,2026-08-14,76.82530649503073,Sedang,76.82530649503073,53.504787385463715,18.211936124165856,49.348720808823906,36.60350496570269,28.06331443786621,67.26807403564453,0.08363806456327438,1.5645118951797485,False
Jati Padang,2026-08-15,71.8998039563497,Sedang,71.8998039563497,55.13875298202038,14.441930770874023,54.722534884577215,35.435503075520195,28.165685653686523,68.31732940673828,0.6905752420425415,1.2153081893920898,False
Jati Pulo,2026-08-11,69.61930606676185,Sedang,54.68164277076721,39.150714186521675,8.901579570770263,69.61930606676185,17.64286607503891,28.323246002197266,63.92744064331055,0.013748166151344776,4.054355144500732,True
Jati Pulo,2026-08-12,55.51760093371074,Sedang,55.51760093371074,34.44373263762547,7.0448393185933424,49.71221201949649,19.320119594534237,27.13053321838379,71.16356658935547,0.18225562572479248,4.196614742279053,False
Jati Pulo,2026-08-13,53.297549168268844,Sedang,53.297549168268844,38.522188785748604,7.696153895060221,47.83944341871473,22.56938599050045,26.917428970336914,73.92442321777344,0.06092330813407898,3.78137469291687,False
Jati Pulo,2026-08-14,57.81051325798035,Sedang,57.81051325798035,42.080656763834824,8.511796585718791,56.930595204450086,23.606164008378983,27.04608154296875,75.89056396484375,0.02819669246673584,3.1283035278320312,False
Jati Pulo,2026-08-15,60.12150349824325,Sedang,57.630263010660805,41.238721975913414,9.037624231974284,60.12150349824325,22.57098471124967,27.285043716430664,75.94631958007812,0.23687945306301117,2.7158279418945312,False
Jatinegara,2026-08-11,77.27087933084239,Sedang,63.66243124008179,51.11113581806421,10.565989017486572,77.27087933084239,18.76606084406376,29.69847869873047,53.51408767700195,0.000821426510810852,1.7707951068878174,True
Jatinegara,2026-08-12,72.44329142570496,Sedang,72.44329142570496,49.460540979336464,15.718972365061441,41.79727289411756,32.18080711861452,27.948091506958008,65.233642578125,0.02689419873058796,1.837357521057129,False
Jatinegara,2026-08-13,74.90420134862265,Sedang,74.90420134862265,51.64715355883042,19.264214070638022,40.97539517614576,35.34249966343244,27.939382553100586,65.5433349609375,0.004883739165961742,1.7286304235458374,False
Jatinegara,2026-08-14,76.82530649503073,Sedang,76.82530649503073,53.504787385463715,18.211936124165856,49.348720808823906,36.60350496570269,28.06331443786621,67.26807403564453,0.08363806456327438,1.5645118951797485,False
Jatinegara,2026-08-15,71.8998039563497,Sedang,71.8998039563497,55.13875298202038,14.441930770874023,54.722534884577215,35.435503075520195,28.165685653686523,68.31732940673828,0.6905752420425415,1.2153081893920898,False
Jatinegara Kaum,2026-08-11,77.27087933084239,Sedang,63.66243124008179,51.11113581806421,10.565989017486572,77.27087933084239,18.76606084406376,29.69847869873047,53.51408767700195,0.000821426510810852,1.7707951068878174,True
Jatinegara Kaum,2026-08-12,72.44329142570496,Sedang,72.44329142570496,49.460540979336464,15.718972365061441,41.79727289411756,32.18080711861452,27.948091506958008,65.233642578125,0.02689419873058796,1.837357521057129,False
Jatinegara Kaum,2026-08-13,74.90420134862265,Sedang,74.90420134862265,51.64715355883042,19.264214070638022,40.97539517614576,35.34249966343244,27.939382553100586,65.5433349609375,0.004883739165961742,1.7286304235458374,False
Jatinegara Kaum,2026-08-14,76.82530649503073,Sedang,76.82530649503073,53.504787385463715,18.211936124165856,49.348720808823906,36.60350496570269,28.06331443786621,67.26807403564453,0.08363806456327438,1.5645118951797485,False
Jatinegara Kaum,2026-08-15,71.8998039563497,Sedang,71.8998039563497,55.13875298202038,14.441930770874023,54.722534884577215,35.435503075520195,28.165685653686523,68.31732940673828,0.6905752420425415,1.2153081893920898,False
Jatiuwung,2026-08-11,68.98759261421534,Sedang,56.10755372047424,53.36524713784456,7.41221022605896,68.98759261421534,16.348594203591347,27.90591049194336,68.53587341308594,0.3237781524658203,3.1219429969787598,True
Jatiuwung,2026-08-12,66.98441497484842,Sedang,66.98441497484842,43.32534517997351,7.855143022537232,49.24069788720873,16.903809905052185,27.11531639099121,72.59671020507812,0.1665925532579422,3.4097652435302734,False
Jatiuwung,2026-08-13,67.89016254742941,Sedang,67.89016254742941,47.021704682937035,8.598527399698895,47.57301138506996,19.70889928440253,26.850255966186523,74.57172393798828,0.03733846917748451,3.0433502197265625,False
Jatiuwung,2026-08-14,70.48791797955832,Sedang,70.48791797955832,46.668350772979935,8.819194825490314,55.171888185584024,19.362924272815388,27.000463485717773,75.35112762451172,0.07174699753522873,2.615520715713501,False
Jatiuwung,2026-08-15,68.57522900899252,Sedang,68.57522900899252,46.23406147345519,7.676053794225057,60.93279327171436,15.459764475623768,27.074630737304688,77.34497833251953,0.4183608293533325,2.116962194442749,False
Jelambar,2026-08-11,69.61930606676185,Sedang,54.68164277076721,39.150714186521675,8.901579570770263,69.61930606676185,17.64286607503891,28.323246002197266,63.92744064331055,0.013748166151344776,4.054355144500732,True
Jelambar,2026-08-12,55.51760093371074,Sedang,55.51760093371074,34.44373263762547,7.0448393185933424,49.71221201949649,19.320119594534237,27.13053321838379,71.16356658935547,0.18225562572479248,4.196614742279053,False
Jelambar,2026-08-13,53.297549168268844,Sedang,53.297549168268844,38.522188785748604,7.696153895060221,47.83944341871473,22.56938599050045,26.917428970336914,73.92442321777344,0.06092330813407898,3.78137469291687,False
Jelambar,2026-08-14,57.81051325798035,Sedang,57.81051325798035,42.080656763834824,8.511796585718791,56.930595204450086,23.606164008378983,27.04608154296875,75.89056396484375,0.02819669246673584,3.1283035278320312,False
Jelambar,2026-08-15,60.12150349824325,Sedang,57.630263010660805,41.238721975913414,9.037624231974284,60.12150349824325,22.57098471124967,27.285043716430664,75.94631958007812,0.23687945306301117,2.7158279418945312,False
Jelambar Baru,2026-08-11,69.61930606676185,Sedang,54.68164277076721,39.150714186521675,8.901579570770263,69.61930606676185,17.64286607503891,28.323246002197266,63.92744064331055,0.013748166151344776,4.054355144500732,True
Jelambar Baru,2026-08-12,55.51760093371074,Sedang,55.51760093371074,34.44373263762547,7.0448393185933424,49.71221201949649,19.320119594534237,27.13053321838379,71.16356658935547,0.18225562572479248,4.196614742279053,False
Jelambar Baru,2026-08-13,53.297549168268844,Sedang,53.297549168268844,38.522188785748604,7.696153895060221,47.83944341871473,22.56938599050045,26.917428970336914,73.92442321777344,0.06092330813407898,3.78137469291687,False
Jelambar Baru,2026-08-14,57.81051325798035,Sedang,57.81051325798035,42.080656763834824,8.511796585718791,56.930595204450086,23.606164008378983,27.04608154296875,75.89056396484375,0.02819669246673584,3.1283035278320312,False
Jelambar Baru,2026-08-15,60.12150349824325,Sedang,57.630263010660805,41.238721975913414,9.037624231974284,60.12150349824325,22.57098471124967,27.285043716430664,75.94631958007812,0.23687945306301117,2.7158279418945312,False
Jembatan Besi,2026-08-11,69.61930606676185,Sedang,54.68164277076721,39.150714186521675,8.901579570770263,69.61930606676185,17.64286607503891,28.323246002197266,63.92744064331055,0.013748166151344776,4.054355144500732,True
Jembatan Besi,2026-08-12,55.51760093371074,Sedang,55.51760093371074,34.44373263762547,7.0448393185933424,49.71221201949649,19.320119594534237,27.13053321838379,71.16356658935547,0.18225562572479248,4.196614742279053,False
Jembatan Besi,2026-08-13,53.297549168268844,Sedang,53.297549168268844,38.522188785748604,7.696153895060221,47.83944341871473,22.56938599050045,26.917428970336914,73.92442321777344,0.06092330813407898,3.78137469291687,False
Jembatan Besi,2026-08-14,57.81051325798035,Sedang,57.81051325798035,42.080656763834824,8.511796585718791,56.930595204450086,23.606164008378983,27.04608154296875,75.89056396484375,0.02819669246673584,3.1283035278320312,False
Jembatan Besi,2026-08-15,60.12150349824325,Sedang,57.630263010660805,41.238721975913414,9.037624231974284,60.12150349824325,22.57098471124967,27.285043716430664,75.94631958007812,0.23687945306301117,2.7158279418945312,False
Jembatan Lima,2026-08-11,69.61930606676185,Sedang,54.68164277076721,39.150714186521675,8.901579570770263,69.61930606676185,17.64286607503891,28.323246002197266,63.92744064331055,0.013748166151344776,4.054355144500732,True
Jembatan Lima,2026-08-12,55.51760093371074,Sedang,55.51760093371074,34.44373263762547,7.0448393185933424,49.71221201949649,19.320119594534237,27.13053321838379,71.16356658935547,0.18225562572479248,4.196614742279053,False
Jembatan Lima,2026-08-13,53.297549168268844,Sedang,53.297549168268844,38.522188785748604,7.696153895060221,47.83944341871473,22.56938599050045,26.917428970336914,73.92442321777344,0.06092330813407898,3.78137469291687,False
Jembatan Lima,2026-08-14,57.81051325798035,Sedang,57.81051325798035,42.080656763834824,8.511796585718791,56.930595204450086,23.606164008378983,27.04608154296875,75.89056396484375,0.02819669246673584,3.1283035278320312,False
Jembatan Lima,2026-08-15,60.12150349824325,Sedang,57.630263010660805,41.238721975913414,9.037624231974284,60.12150349824325,22.57098471124967,27.285043716430664,75.94631958007812,0.23687945306301117,2.7158279418945312,False
Joglo,2026-08-11,77.27087933084239,Sedang,63.66243124008179,51.11113581806421,10.565989017486572,77.27087933084239,18.76606084406376,29.69847869873047,53.51408767700195,0.000821426510810852,1.7707951068878174,True
Joglo,2026-08-12,72.44329142570496,Sedang,72.44329142570496,49.460540979336464,15.718972365061441,41.79727289411756,32.18080711861452,27.948091506958008,65.233642578125,0.02689419873058796,1.837357521057129,False
Joglo,2026-08-13,74.90420134862265,Sedang,74.90420134862265,51.64715355883042,19.264214070638022,40.97539517614576,35.34249966343244,27.939382553100586,65.5433349609375,0.004883739165961742,1.7286304235458374,False
Joglo,2026-08-14,76.82530649503073,Sedang,76.82530649503073,53.504787385463715,18.211936124165856,49.348720808823906,36.60350496570269,28.06331443786621,67.26807403564453,0.08363806456327438,1.5645118951797485,False
Joglo,2026-08-15,71.8998039563497,Sedang,71.8998039563497,55.13875298202038,14.441930770874023,54.722534884577215,35.435503075520195,28.165685653686523,68.31732940673828,0.6905752420425415,1.2153081893920898,False
Johar Baru,2026-08-11,69.61930606676185,Sedang,54.68164277076721,39.150714186521675,8.901579570770263,69.61930606676185,17.64286607503891,28.323246002197266,63.92744064331055,0.013748166151344776,4.054355144500732,True
Johar Baru,2026-08-12,55.51760093371074,Sedang,55.51760093371074,34.44373263762547,7.0448393185933424,49.71221201949649,19.320119594534237,27.13053321838379,71.16356658935547,0.18225562572479248,4.196614742279053,False
Johar Baru,2026-08-13,53.297549168268844,Sedang,53.297549168268844,38.522188785748604,7.696153895060221,47.83944341871473,22.56938599050045,26.917428970336914,73.92442321777344,0.06092330813407898,3.78137469291687,False
Johar Baru,2026-08-14,57.81051325798035,Sedang,57.81051325798035,42.080656763834824,8.511796585718791,56.930595204450086,23.606164008378983,27.04608154296875,75.89056396484375,0.02819669246673584,3.1283035278320312,False
Johar Baru,2026-08-15,60.12150349824325,Sedang,57.630263010660805,41.238721975913414,9.037624231974284,60.12150349824325,22.57098471124967,27.285043716430664,75.94631958007812,0.23687945306301117,2.7158279418945312,False
Jurumudi,2026-08-11,69.61930606676185,Sedang,54.68164277076721,39.150714186521675,8.901579570770263,69.61930606676185,17.64286607503891,28.323246002197266,63.92744064331055,0.013748166151344776,4.054355144500732,True
Jurumudi,2026-08-12,55.51760093371074,Sedang,55.51760093371074,34.44373263762547,7.0448393185933424,49.71221201949649,19.320119594534237,27.13053321838379,71.16356658935547,0.18225562572479248,4.196614742279053,False
Jurumudi,2026-08-13,53.297549168268844,Sedang,53.297549168268844,38.522188785748604,7.696153895060221,47.83944341871473,22.56938599050045,26.917428970336914,73.92442321777344,0.06092330813407898,3.78137469291687,False
Jurumudi,2026-08-14,57.81051325798035,Sedang,57.81051325798035,42.080656763834824,8.511796585718791,56.930595204450086,23.606164008378983,27.04608154296875,75.89056396484375,0.02819669246673584,3.1283035278320312,False
Jurumudi,2026-08-15,60.12150349824325,Sedang,57.630263010660805,41.238721975913414,9.037624231974284,60.12150349824325,22.57098471124967,27.285043716430664,75.94631958007812,0.23687945306301117,2.7158279418945312,False
Jurumudi Baru,2026-08-11,69.61930606676185,Sedang,54.68164277076721,39.150714186521675,8.901579570770263,69.61930606676185,17.64286607503891,28.323246002197266,63.92744064331055,0.013748166151344776,4.054355144500732,True
Jurumudi Baru,2026-08-12,55.51760093371074,Sedang,55.51760093371074,34.44373263762547,7.0448393185933424,49.71221201949649,19.320119594534237,27.13053321838379,71.16356658935547,0.18225562572479248,4.196614742279053,False
Jurumudi Baru,2026-08-13,53.297549168268844,Sedang,53.297549168268844,38.522188785748604,7.696153895060221,47.83944341871473,22.56938599050045,26.917428970336914,73.92442321777344,0.06092330813407898,3.78137469291687,False
Jurumudi Baru,2026-08-14,57.81051325798035,Sedang,57.81051325798035,42.080656763834824,8.511796585718791,56.930595204450086,23.606164008378983,27.04608154296875,75.89056396484375,0.02819669246673584,3.1283035278320312,False
Jurumudi Baru,2026-08-15,60.12150349824325,Sedang,57.630263010660805,41.238721975913414,9.037624231974284,60.12150349824325,22.57098471124967,27.285043716430664,75.94631958007812,0.23687945306301117,2.7158279418945312,False
Kalianyar,2026-08-11,69.61930606676185,Sedang,54.68164277076721,39.150714186521675,8.901579570770263,69.61930606676185,17.64286607503891,28.323246002197266,63.92744064331055,0.013748166151344776,4.054355144500732,True
Kalianyar,2026-08-12,55.51760093371074,Sedang,55.51760093371074,34.44373263762547,7.0448393185933424,49.71221201949649,19.320119594534237,27.13053321838379,71.16356658935547,0.18225562572479248,4.196614742279053,False
Kalianyar,2026-08-13,53.297549168268844,Sedang,53.297549168268844,38.522188785748604,7.696153895060221,47.83944341871473,22.56938599050045,26.917428970336914,73.92442321777344,0.06092330813407898,3.78137469291687,False
Kalianyar,2026-08-14,57.81051325798035,Sedang,57.81051325798035,42.080656763834824,8.511796585718791,56.930595204450086,23.606164008378983,27.04608154296875,75.89056396484375,0.02819669246673584,3.1283035278320312,False
Kalianyar,2026-08-15,60.12150349824325,Sedang,57.630263010660805,41.238721975913414,9.037624231974284,60.12150349824325,22.57098471124967,27.285043716430664,75.94631958007812,0.23687945306301117,2.7158279418945312,False
Kalibaru,2026-08-11,69.61930606676185,Sedang,54.68164277076721,39.150714186521675,8.901579570770263,69.61930606676185,17.64286607503891,28.323246002197266,63.92744064331055,0.013748166151344776,4.054355144500732,True
Kalibaru,2026-08-12,55.51760093371074,Sedang,55.51760093371074,34.44373263762547,7.0448393185933424,49.71221201949649,19.320119594534237,27.13053321838379,71.16356658935547,0.18225562572479248,4.196614742279053,False
Kalibaru,2026-08-13,53.297549168268844,Sedang,53.297549168268844,38.522188785748604,7.696153895060221,47.83944341871473,22.56938599050045,26.917428970336914,73.92442321777344,0.06092330813407898,3.78137469291687,False
Kalibaru,2026-08-14,57.81051325798035,Sedang,57.81051325798035,42.080656763834824,8.511796585718791,56.930595204450086,23.606164008378983,27.04608154296875,75.89056396484375,0.02819669246673584,3.1283035278320312,False
Kalibaru,2026-08-15,60.12150349824325,Sedang,57.630263010660805,41.238721975913414,9.037624231974284,60.12150349824325,22.57098471124967,27.285043716430664,75.94631958007812,0.23687945306301117,2.7158279418945312,False
Kalibata,2026-08-11,77.27087933084239,Sedang,63.66243124008179,51.11113581806421,10.565989017486572,77.27087933084239,18.76606084406376,29.69847869873047,53.51408767700195,0.000821426510810852,1.7707951068878174,True
Kalibata,2026-08-12,72.44329142570496,Sedang,72.44329142570496,49.460540979336464,15.718972365061441,41.79727289411756,32.18080711861452,27.948091506958008,65.233642578125,0.02689419873058796,1.837357521057129,False
Kalibata,2026-08-13,74.90420134862265,Sedang,74.90420134862265,51.64715355883042,19.264214070638022,40.97539517614576,35.34249966343244,27.939382553100586,65.5433349609375,0.004883739165961742,1.7286304235458374,False
Kalibata,2026-08-14,76.82530649503073,Sedang,76.82530649503073,53.504787385463715,18.211936124165856,49.348720808823906,36.60350496570269,28.06331443786621,67.26807403564453,0.08363806456327438,1.5645118951797485,False
Kalibata,2026-08-15,71.8998039563497,Sedang,71.8998039563497,55.13875298202038,14.441930770874023,54.722534884577215,35.435503075520195,28.165685653686523,68.31732940673828,0.6905752420425415,1.2153081893920898,False
Kalideres,2026-08-11,69.61930606676185,Sedang,54.68164277076721,39.150714186521675,8.901579570770263,69.61930606676185,17.64286607503891,28.323246002197266,63.92744064331055,0.013748166151344776,4.054355144500732,True
Kalideres,2026-08-12,55.51760093371074,Sedang,55.51760093371074,34.44373263762547,7.0448393185933424,49.71221201949649,19.320119594534237,27.13053321838379,71.16356658935547,0.18225562572479248,4.196614742279053,False
Kalideres,2026-08-13,53.297549168268844,Sedang,53.297549168268844,38.522188785748604,7.696153895060221,47.83944341871473,22.56938599050045,26.917428970336914,73.92442321777344,0.06092330813407898,3.78137469291687,False
Kalideres,2026-08-14,57.81051325798035,Sedang,57.81051325798035,42.080656763834824,8.511796585718791,56.930595204450086,23.606164008378983,27.04608154296875,75.89056396484375,0.02819669246673584,3.1283035278320312,False
Kalideres,2026-08-15,60.12150349824325,Sedang,57.630263010660805,41.238721975913414,9.037624231974284,60.12150349824325,22.57098471124967,27.285043716430664,75.94631958007812,0.23687945306301117,2.7158279418945312,False
Kalisari,2026-08-11,77.27087933084239,Sedang,63.66243124008179,51.11113581806421,10.565989017486572,77.27087933084239,18.76606084406376,29.69847869873047,53.51408767700195,0.000821426510810852,1.7707951068878174,True
Kalisari,2026-08-12,72.44329142570496,Sedang,72.44329142570496,49.460540979336464,15.718972365061441,41.79727289411756,32.18080711861452,27.948091506958008,65.233642578125,0.02689419873058796,1.837357521057129,False
Kalisari,2026-08-13,74.90420134862265,Sedang,74.90420134862265,51.64715355883042,19.264214070638022,40.97539517614576,35.34249966343244,27.939382553100586,65.5433349609375,0.004883739165961742,1.7286304235458374,False
Kalisari,2026-08-14,76.82530649503073,Sedang,76.82530649503073,53.504787385463715,18.211936124165856,49.348720808823906,36.60350496570269,28.06331443786621,67.26807403564453,0.08363806456327438,1.5645118951797485,False
Kalisari,2026-08-15,71.8998039563497,Sedang,71.8998039563497,55.13875298202038,14.441930770874023,54.722534884577215,35.435503075520195,28.165685653686523,68.31732940673828,0.6905752420425415,1.2153081893920898,False
Kamal,2026-08-11,69.61930606676185,Sedang,54.68164277076721,39.150714186521675,8.901579570770263,69.61930606676185,17.64286607503891,28.323246002197266,63.92744064331055,0.013748166151344776,4.054355144500732,True
Kamal,2026-08-12,55.51760093371074,Sedang,55.51760093371074,34.44373263762547,7.0448393185933424,49.71221201949649,19.320119594534237,27.13053321838379,71.16356658935547,0.18225562572479248,4.196614742279053,False
Kamal,2026-08-13,53.297549168268844,Sedang,53.297549168268844,38.522188785748604,7.696153895060221,47.83944341871473,22.56938599050045,26.917428970336914,73.92442321777344,0.06092330813407898,3.78137469291687,False
Kamal,2026-08-14,57.81051325798035,Sedang,57.81051325798035,42.080656763834824,8.511796585718791,56.930595204450086,23.606164008378983,27.04608154296875,75.89056396484375,0.02819669246673584,3.1283035278320312,False
Kamal,2026-08-15,60.12150349824325,Sedang,57.630263010660805,41.238721975913414,9.037624231974284,60.12150349824325,22.57098471124967,27.285043716430664,75.94631958007812,0.23687945306301117,2.7158279418945312,False
Kamal Muara,2026-08-11,69.61930606676185,Sedang,54.68164277076721,39.150714186521675,8.901579570770263,69.61930606676185,17.64286607503891,28.323246002197266,63.92744064331055,0.013748166151344776,4.054355144500732,True
Kamal Muara,2026-08-12,55.51760093371074,Sedang,55.51760093371074,34.44373263762547,7.0448393185933424,49.71221201949649,19.320119594534237,27.13053321838379,71.16356658935547,0.18225562572479248,4.196614742279053,False
Kamal Muara,2026-08-13,53.297549168268844,Sedang,53.297549168268844,38.522188785748604,7.696153895060221,47.83944341871473,22.56938599050045,26.917428970336914,73.92442321777344,0.06092330813407898,3.78137469291687,False
Kamal Muara,2026-08-14,57.81051325798035,Sedang,57.81051325798035,42.080656763834824,8.511796585718791,56.930595204450086,23.606164008378983,27.04608154296875,75.89056396484375,0.02819669246673584,3.1283035278320312,False
Kamal Muara,2026-08-15,60.12150349824325,Sedang,57.630263010660805,41.238721975913414,9.037624231974284,60.12150349824325,22.57098471124967,27.285043716430664,75.94631958007812,0.23687945306301117,2.7158279418945312,False
Kampung Bali,2026-08-11,69.61930606676185,Sedang,54.68164277076721,39.150714186521675,8.901579570770263,69.61930606676185,17.64286607503891,28.323246002197266,63.92744064331055,0.013748166151344776,4.054355144500732,True
Kampung Bali,2026-08-12,55.51760093371074,Sedang,55.51760093371074,34.44373263762547,7.0448393185933424,49.71221201949649,19.320119594534237,27.13053321838379,71.16356658935547,0.18225562572479248,4.196614742279053,False
Kampung Bali,2026-08-13,53.297549168268844,Sedang,53.297549168268844,38.522188785748604,7.696153895060221,47.83944341871473,22.56938599050045,26.917428970336914,73.92442321777344,0.06092330813407898,3.78137469291687,False
Kampung Bali,2026-08-14,57.81051325798035,Sedang,57.81051325798035,42.080656763834824,8.511796585718791,56.930595204450086,23.606164008378983,27.04608154296875,75.89056396484375,0.02819669246673584,3.1283035278320312,False
Kampung Bali,2026-08-15,60.12150349824325,Sedang,57.630263010660805,41.238721975913414,9.037624231974284,60.12150349824325,22.57098471124967,27.285043716430664,75.94631958007812,0.23687945306301117,2.7158279418945312,False
Kampung Melayu,2026-08-11,77.27087933084239,Sedang,63.66243124008179,51.11113581806421,10.565989017486572,77.27087933084239,18.76606084406376,29.69847869873047,53.51408767700195,0.000821426510810852,1.7707951068878174,True
Kampung Melayu,2026-08-12,72.44329142570496,Sedang,72.44329142570496,49.460540979336464,15.718972365061441,41.79727289411756,32.18080711861452,27.948091506958008,65.233642578125,0.02689419873058796,1.837357521057129,False
Kampung Melayu,2026-08-13,74.90420134862265,Sedang,74.90420134862265,51.64715355883042,19.264214070638022,40.97539517614576,35.34249966343244,27.939382553100586,65.5433349609375,0.004883739165961742,1.7286304235458374,False
Kampung Melayu,2026-08-14,76.82530649503073,Sedang,76.82530649503073,53.504787385463715,18.211936124165856,49.348720808823906,36.60350496570269,28.06331443786621,67.26807403564453,0.08363806456327438,1.5645118951797485,False
Kampung Melayu,2026-08-15,71.8998039563497,Sedang,71.8998039563497,55.13875298202038,14.441930770874023,54.722534884577215,35.435503075520195,28.165685653686523,68.31732940673828,0.6905752420425415,1.2153081893920898,False
Kampung Rawa,2026-08-11,69.61930606676185,Sedang,54.68164277076721,39.150714186521675,8.901579570770263,69.61930606676185,17.64286607503891,28.323246002197266,63.92744064331055,0.013748166151344776,4.054355144500732,True
Kampung Rawa,2026-08-12,55.51760093371074,Sedang,55.51760093371074,34.44373263762547,7.0448393185933424,49.71221201949649,19.320119594534237,27.13053321838379,71.16356658935547,0.18225562572479248,4.196614742279053,False
Kampung Rawa,2026-08-13,53.297549168268844,Sedang,53.297549168268844,38.522188785748604,7.696153895060221,47.83944341871473,22.56938599050045,26.917428970336914,73.92442321777344,0.06092330813407898,3.78137469291687,False
Kampung Rawa,2026-08-14,57.81051325798035,Sedang,57.81051325798035,42.080656763834824,8.511796585718791,56.930595204450086,23.606164008378983,27.04608154296875,75.89056396484375,0.02819669246673584,3.1283035278320312,False
Kampung Rawa,2026-08-15,60.12150349824325,Sedang,57.630263010660805,41.238721975913414,9.037624231974284,60.12150349824325,22.57098471124967,27.285043716430664,75.94631958007812,0.23687945306301117,2.7158279418945312,False
Kampung Tengah,2026-08-11,77.27087933084239,Sedang,63.66243124008179,51.11113581806421,10.565989017486572,77.27087933084239,18.76606084406376,29.69847869873047,53.51408767700195,0.000821426510810852,1.7707951068878174,True
Kampung Tengah,2026-08-12,72.44329142570496,Sedang,72.44329142570496,49.460540979336464,15.718972365061441,41.79727289411756,32.18080711861452,27.948091506958008,65.233642578125,0.02689419873058796,1.837357521057129,False
Kampung Tengah,2026-08-13,74.90420134862265,Sedang,74.90420134862265,51.64715355883042,19.264214070638022,40.97539517614576,35.34249966343244,27.939382553100586,65.5433349609375,0.004883739165961742,1.7286304235458374,False
Kampung Tengah,2026-08-14,76.82530649503073,Sedang,76.82530649503073,53.504787385463715,18.211936124165856,49.348720808823906,36.60350496570269,28.06331443786621,67.26807403564453,0.08363806456327438,1.5645118951797485,False
Kampung Tengah,2026-08-15,71.8998039563497,Sedang,71.8998039563497,55.13875298202038,14.441930770874023,54.722534884577215,35.435503075520195,28.165685653686523,68.31732940673828,0.6905752420425415,1.2153081893920898,False
Kapuk,2026-08-11,69.61930606676185,Sedang,54.68164277076721,39.150714186521675,8.901579570770263,69.61930606676185,17.64286607503891,28.323246002197266,63.92744064331055,0.013748166151344776,4.054355144500732,True
Kapuk,2026-08-12,55.51760093371074,Sedang,55.51760093371074,34.44373263762547,7.0448393185933424,49.71221201949649,19.320119594534237,27.13053321838379,71.16356658935547,0.18225562572479248,4.196614742279053,False
Kapuk,2026-08-13,53.297549168268844,Sedang,53.297549168268844,38.522188785748604,7.696153895060221,47.83944341871473,22.56938599050045,26.917428970336914,73.92442321777344,0.06092330813407898,3.78137469291687,False
Kapuk,2026-08-14,57.81051325798035,Sedang,57.81051325798035,42.080656763834824,8.511796585718791,56.930595204450086,23.606164008378983,27.04608154296875,75.89056396484375,0.02819669246673584,3.1283035278320312,False
Kapuk,2026-08-15,60.12150349824325,Sedang,57.630263010660805,41.238721975913414,9.037624231974284,60.12150349824325,22.57098471124967,27.285043716430664,75.94631958007812,0.23687945306301117,2.7158279418945312,False
Kapuk Muara,2026-08-11,69.61930606676185,Sedang,54.68164277076721,39.150714186521675,8.901579570770263,69.61930606676185,17.64286607503891,28.323246002197266,63.92744064331055,0.013748166151344776,4.054355144500732,True
Kapuk Muara,2026-08-12,55.51760093371074,Sedang,55.51760093371074,34.44373263762547,7.0448393185933424,49.71221201949649,19.320119594534237,27.13053321838379,71.16356658935547,0.18225562572479248,4.196614742279053,False
Kapuk Muara,2026-08-13,53.297549168268844,Sedang,53.297549168268844,38.522188785748604,7.696153895060221,47.83944341871473,22.56938599050045,26.917428970336914,73.92442321777344,0.06092330813407898,3.78137469291687,False
Kapuk Muara,2026-08-14,57.81051325798035,Sedang,57.81051325798035,42.080656763834824,8.511796585718791,56.930595204450086,23.606164008378983,27.04608154296875,75.89056396484375,0.02819669246673584,3.1283035278320312,False
Kapuk Muara,2026-08-15,60.12150349824325,Sedang,57.630263010660805,41.238721975913414,9.037624231974284,60.12150349824325,22.57098471124967,27.285043716430664,75.94631958007812,0.23687945306301117,2.7158279418945312,False
Karang Anyar Jakarta,2026-08-11,69.61930606676185,Sedang,54.68164277076721,39.150714186521675,8.901579570770263,69.61930606676185,17.64286607503891,28.323246002197266,63.92744064331055,0.013748166151344776,4.054355144500732,True
Karang Anyar Jakarta,2026-08-12,55.51760093371074,Sedang,55.51760093371074,34.44373263762547,7.0448393185933424,49.71221201949649,19.320119594534237,27.13053321838379,71.16356658935547,0.18225562572479248,4.196614742279053,False
Karang Anyar Jakarta,2026-08-13,53.297549168268844,Sedang,53.297549168268844,38.522188785748604,7.696153895060221,47.83944341871473,22.56938599050045,26.917428970336914,73.92442321777344,0.06092330813407898,3.78137469291687,False
Karang Anyar Jakarta,2026-08-14,57.81051325798035,Sedang,57.81051325798035,42.080656763834824,8.511796585718791,56.930595204450086,23.606164008378983,27.04608154296875,75.89056396484375,0.02819669246673584,3.1283035278320312,False
Karang Anyar Jakarta,2026-08-15,60.12150349824325,Sedang,57.630263010660805,41.238721975913414,9.037624231974284,60.12150349824325,22.57098471124967,27.285043716430664,75.94631958007812,0.23687945306301117,2.7158279418945312,False
Karang Anyar Tangerang,2026-08-11,69.61930606676185,Sedang,54.68164277076721,39.150714186521675,8.901579570770263,69.61930606676185,17.64286607503891,28.323246002197266,63.92744064331055,0.013748166151344776,4.054355144500732,True
Karang Anyar Tangerang,2026-08-12,55.51760093371074,Sedang,55.51760093371074,34.44373263762547,7.0448393185933424,49.71221201949649,19.320119594534237,27.13053321838379,71.16356658935547,0.18225562572479248,4.196614742279053,False
Karang Anyar Tangerang,2026-08-13,53.297549168268844,Sedang,53.297549168268844,38.522188785748604,7.696153895060221,47.83944341871473,22.56938599050045,26.917428970336914,73.92442321777344,0.06092330813407898,3.78137469291687,False
Karang Anyar Tangerang,2026-08-14,57.81051325798035,Sedang,57.81051325798035,42.080656763834824,8.511796585718791,56.930595204450086,23.606164008378983,27.04608154296875,75.89056396484375,0.02819669246673584,3.1283035278320312,False
Karang Anyar Tangerang,2026-08-15,60.12150349824325,Sedang,57.630263010660805,41.238721975913414,9.037624231974284,60.12150349824325,22.57098471124967,27.285043716430664,75.94631958007812,0.23687945306301117,2.7158279418945312,False
Karang Mulya,2026-08-11,77.27087933084239,Sedang,63.66243124008179,51.11113581806421,10.565989017486572,77.27087933084239,18.76606084406376,29.69847869873047,53.51408767700195,0.000821426510810852,1.7707951068878174,True
Karang Mulya,2026-08-12,72.44329142570496,Sedang,72.44329142570496,49.460540979336464,15.718972365061441,41.79727289411756,32.18080711861452,27.948091506958008,65.233642578125,0.02689419873058796,1.837357521057129,False
Karang Mulya,2026-08-13,74.90420134862265,Sedang,74.90420134862265,51.64715355883042,19.264214070638022,40.97539517614576,35.34249966343244,27.939382553100586,65.5433349609375,0.004883739165961742,1.7286304235458374,False
Karang Mulya,2026-08-14,76.82530649503073,Sedang,76.82530649503073,53.504787385463715,18.211936124165856,49.348720808823906,36.60350496570269,28.06331443786621,67.26807403564453,0.08363806456327438,1.5645118951797485,False
Karang Mulya,2026-08-15,71.8998039563497,Sedang,71.8998039563497,55.13875298202038,14.441930770874023,54.722534884577215,35.435503075520195,28.165685653686523,68.31732940673828,0.6905752420425415,1.2153081893920898,False
Karang Sari,2026-08-11,69.61930606676185,Sedang,54.68164277076721,39.150714186521675,8.901579570770263,69.61930606676185,17.64286607503891,28.323246002197266,63.92744064331055,0.013748166151344776,4.054355144500732,True
Karang Sari,2026-08-12,55.51760093371074,Sedang,55.51760093371074,34.44373263762547,7.0448393185933424,49.71221201949649,19.320119594534237,27.13053321838379,71.16356658935547,0.18225562572479248,4.196614742279053,False
Karang Sari,2026-08-13,53.297549168268844,Sedang,53.297549168268844,38.522188785748604,7.696153895060221,47.83944341871473,22.56938599050045,26.917428970336914,73.92442321777344,0.06092330813407898,3.78137469291687,False
Karang Sari,2026-08-14,57.81051325798035,Sedang,57.81051325798035,42.080656763834824,8.511796585718791,56.930595204450086,23.606164008378983,27.04608154296875,75.89056396484375,0.02819669246673584,3.1283035278320312,False
Karang Sari,2026-08-15,60.12150349824325,Sedang,57.630263010660805,41.238721975913414,9.037624231974284,60.12150349824325,22.57098471124967,27.285043716430664,75.94631958007812,0.23687945306301117,2.7158279418945312,False
Karang Tengah,2026-08-11,77.27087933084239,Sedang,63.66243124008179,51.11113581806421,10.565989017486572,77.27087933084239,18.76606084406376,29.69847869873047,53.51408767700195,0.000821426510810852,1.7707951068878174,True
Karang Tengah,2026-08-12,72.44329142570496,Sedang,72.44329142570496,49.460540979336464,15.718972365061441,41.79727289411756,32.18080711861452,27.948091506958008,65.233642578125,0.02689419873058796,1.837357521057129,False
Karang Tengah,2026-08-13,74.90420134862265,Sedang,74.90420134862265,51.64715355883042,19.264214070638022,40.97539517614576,35.34249966343244,27.939382553100586,65.5433349609375,0.004883739165961742,1.7286304235458374,False
Karang Tengah,2026-08-14,76.82530649503073,Sedang,76.82530649503073,53.504787385463715,18.211936124165856,49.348720808823906,36.60350496570269,28.06331443786621,67.26807403564453,0.08363806456327438,1.5645118951797485,False
Karang Tengah,2026-08-15,71.8998039563497,Sedang,71.8998039563497,55.13875298202038,14.441930770874023,54.722534884577215,35.435503075520195,28.165685653686523,68.31732940673828,0.6905752420425415,1.2153081893920898,False
Karang Timur,2026-08-11,77.27087933084239,Sedang,63.66243124008179,51.11113581806421,10.565989017486572,77.27087933084239,18.76606084406376,29.69847869873047,53.51408767700195,0.000821426510810852,1.7707951068878174,True
Karang Timur,2026-08-12,72.44329142570496,Sedang,72.44329142570496,49.460540979336464,15.718972365061441,41.79727289411756,32.18080711861452,27.948091506958008,65.233642578125,0.02689419873058796,1.837357521057129,False
Karang Timur,2026-08-13,74.90420134862265,Sedang,74.90420134862265,51.64715355883042,19.264214070638022,40.97539517614576,35.34249966343244,27.939382553100586,65.5433349609375,0.004883739165961742,1.7286304235458374,False
Karang Timur,2026-08-14,76.82530649503073,Sedang,76.82530649503073,53.504787385463715,18.211936124165856,49.348720808823906,36.60350496570269,28.06331443786621,67.26807403564453,0.08363806456327438,1.5645118951797485,False
Karang Timur,2026-08-15,71.8998039563497,Sedang,71.8998039563497,55.13875298202038,14.441930770874023,54.722534884577215,35.435503075520195,28.165685653686523,68.31732940673828,0.6905752420425415,1.2153081893920898,False
Karawaci,2026-08-11,69.61930606676185,Sedang,54.68164277076721,39.150714186521675,8.901579570770263,69.61930606676185,17.64286607503891,28.323246002197266,63.92744064331055,0.013748166151344776,4.054355144500732,True
Karawaci,2026-08-12,55.51760093371074,Sedang,55.51760093371074,34.44373263762547,7.0448393185933424,49.71221201949649,19.320119594534237,27.13053321838379,71.16356658935547,0.18225562572479248,4.196614742279053,False
Karawaci,2026-08-13,53.297549168268844,Sedang,53.297549168268844,38.522188785748604,7.696153895060221,47.83944341871473,22.56938599050045,26.917428970336914,73.92442321777344,0.06092330813407898,3.78137469291687,False
Karawaci,2026-08-14,57.81051325798035,Sedang,57.81051325798035,42.080656763834824,8.511796585718791,56.930595204450086,23.606164008378983,27.04608154296875,75.89056396484375,0.02819669246673584,3.1283035278320312,False
Karawaci,2026-08-15,60.12150349824325,Sedang,57.630263010660805,41.238721975913414,9.037624231974284,60.12150349824325,22.57098471124967,27.285043716430664,75.94631958007812,0.23687945306301117,2.7158279418945312,False
Karawaci Baru,2026-08-11,77.27087933084239,Sedang,63.66243124008179,51.11113581806421,10.565989017486572,77.27087933084239,18.76606084406376,29.69847869873047,53.51408767700195,0.000821426510810852,1.7707951068878174,True
Karawaci Baru,2026-08-12,72.44329142570496,Sedang,72.44329142570496,49.460540979336464,15.718972365061441,41.79727289411756,32.18080711861452,27.948091506958008,65.233642578125,0.02689419873058796,1.837357521057129,False
Karawaci Baru,2026-08-13,74.90420134862265,Sedang,74.90420134862265,51.64715355883042,19.264214070638022,40.97539517614576,35.34249966343244,27.939382553100586,65.5433349609375,0.004883739165961742,1.7286304235458374,False
Karawaci Baru,2026-08-14,76.82530649503073,Sedang,76.82530649503073,53.504787385463715,18.211936124165856,49.348720808823906,36.60350496570269,28.06331443786621,67.26807403564453,0.08363806456327438,1.5645118951797485,False
Karawaci Baru,2026-08-15,71.8998039563497,Sedang,71.8998039563497,55.13875298202038,14.441930770874023,54.722534884577215,35.435503075520195,28.165685653686523,68.31732940673828,0.6905752420425415,1.2153081893920898,False
Karet,2026-08-11,77.27087933084239,Sedang,63.66243124008179,51.11113581806421,10.565989017486572,77.27087933084239,18.76606084406376,29.69847869873047,53.51408767700195,0.000821426510810852,1.7707951068878174,True
Karet,2026-08-12,72.44329142570496,Sedang,72.44329142570496,49.460540979336464,15.718972365061441,41.79727289411756,32.18080711861452,27.948091506958008,65.233642578125,0.02689419873058796,1.837357521057129,False
Karet,2026-08-13,74.90420134862265,Sedang,74.90420134862265,51.64715355883042,19.264214070638022,40.97539517614576,35.34249966343244,27.939382553100586,65.5433349609375,0.004883739165961742,1.7286304235458374,False
Karet,2026-08-14,76.82530649503073,Sedang,76.82530649503073,53.504787385463715,18.211936124165856,49.348720808823906,36.60350496570269,28.06331443786621,67.26807403564453,0.08363806456327438,1.5645118951797485,False
Karet,2026-08-15,71.8998039563497,Sedang,71.8998039563497,55.13875298202038,14.441930770874023,54.722534884577215,35.435503075520195,28.165685653686523,68.31732940673828,0.6905752420425415,1.2153081893920898,False
Karet Kuningan,2026-08-11,77.27087933084239,Sedang,63.66243124008179,51.11113581806421,10.565989017486572,77.27087933084239,18.76606084406376,29.69847869873047,53.51408767700195,0.000821426510810852,1.7707951068878174,True
Karet Kuningan,2026-08-12,72.44329142570496,Sedang,72.44329142570496,49.460540979336464,15.718972365061441,41.79727289411756,32.18080711861452,27.948091506958008,65.233642578125,0.02689419873058796,1.837357521057129,False
Karet Kuningan,2026-08-13,74.90420134862265,Sedang,74.90420134862265,51.64715355883042,19.264214070638022,40.97539517614576,35.34249966343244,27.939382553100586,65.5433349609375,0.004883739165961742,1.7286304235458374,False
Karet Kuningan,2026-08-14,76.82530649503073,Sedang,76.82530649503073,53.504787385463715,18.211936124165856,49.348720808823906,36.60350496570269,28.06331443786621,67.26807403564453,0.08363806456327438,1.5645118951797485,False
Karet Kuningan,2026-08-15,71.8998039563497,Sedang,71.8998039563497,55.13875298202038,14.441930770874023,54.722534884577215,35.435503075520195,28.165685653686523,68.31732940673828,0.6905752420425415,1.2153081893920898,False
Karet Semanggi,2026-08-11,77.27087933084239,Sedang,63.66243124008179,51.11113581806421,10.565989017486572,77.27087933084239,18.76606084406376,29.69847869873047,53.51408767700195,0.000821426510810852,1.7707951068878174,True
Karet Semanggi,2026-08-12,72.44329142570496,Sedang,72.44329142570496,49.460540979336464,15.718972365061441,41.79727289411756,32.18080711861452,27.948091506958008,65.233642578125,0.02689419873058796,1.837357521057129,False
Karet Semanggi,2026-08-13,74.90420134862265,Sedang,74.90420134862265,51.64715355883042,19.264214070638022,40.97539517614576,35.34249966343244,27.939382553100586,65.5433349609375,0.004883739165961742,1.7286304235458374,False
Karet Semanggi,2026-08-14,76.82530649503073,Sedang,76.82530649503073,53.504787385463715,18.211936124165856,49.348720808823906,36.60350496570269,28.06331443786621,67.26807403564453,0.08363806456327438,1.5645118951797485,False
Karet Semanggi,2026-08-15,71.8998039563497,Sedang,71.8998039563497,55.13875298202038,14.441930770874023,54.722534884577215,35.435503075520195,28.165685653686523,68.31732940673828,0.6905752420425415,1.2153081893920898,False
Karet Tengsin,2026-08-11,77.27087933084239,Sedang,63.66243124008179,51.11113581806421,10.565989017486572,77.27087933084239,18.76606084406376,29.69847869873047,53.51408767700195,0.000821426510810852,1.7707951068878174,True
Karet Tengsin,2026-08-12,72.44329142570496,Sedang,72.44329142570496,49.460540979336464,15.718972365061441,41.79727289411756,32.18080711861452,27.948091506958008,65.233642578125,0.02689419873058796,1.837357521057129,False
Karet Tengsin,2026-08-13,74.90420134862265,Sedang,74.90420134862265,51.64715355883042,19.264214070638022,40.97539517614576,35.34249966343244,27.939382553100586,65.5433349609375,0.004883739165961742,1.7286304235458374,False
Karet Tengsin,2026-08-14,76.82530649503073,Sedang,76.82530649503073,53.504787385463715,18.211936124165856,49.348720808823906,36.60350496570269,28.06331443786621,67.26807403564453,0.08363806456327438,1.5645118951797485,False
Karet Tengsin,2026-08-15,71.8998039563497,Sedang,71.8998039563497,55.13875298202038,14.441930770874023,54.722534884577215,35.435503075520195,28.165685653686523,68.31732940673828,0.6905752420425415,1.2153081893920898,False
Kartini,2026-08-11,69.61930606676185,Sedang,54.68164277076721,39.150714186521675,8.901579570770263,69.61930606676185,17.64286607503891,28.323246002197266,63.92744064331055,0.013748166151344776,4.054355144500732,True
Kartini,2026-08-12,55.51760093371074,Sedang,55.51760093371074,34.44373263762547,7.0448393185933424,49.71221201949649,19.320119594534237,27.13053321838379,71.16356658935547,0.18225562572479248,4.196614742279053,False
Kartini,2026-08-13,53.297549168268844,Sedang,53.297549168268844,38.522188785748604,7.696153895060221,47.83944341871473,22.56938599050045,26.917428970336914,73.92442321777344,0.06092330813407898,3.78137469291687,False
Kartini,2026-08-14,57.81051325798035,Sedang,57.81051325798035,42.080656763834824,8.511796585718791,56.930595204450086,23.606164008378983,27.04608154296875,75.89056396484375,0.02819669246673584,3.1283035278320312,False
Kartini,2026-08-15,60.12150349824325,Sedang,57.630263010660805,41.238721975913414,9.037624231974284,60.12150349824325,22.57098471124967,27.285043716430664,75.94631958007812,0.23687945306301117,2.7158279418945312,False
Kayu Manis,2026-08-11,77.27087933084239,Sedang,63.66243124008179,51.11113581806421,10.565989017486572,77.27087933084239,18.76606084406376,29.69847869873047,53.51408767700195,0.000821426510810852,1.7707951068878174,True
Kayu Manis,2026-08-12,72.44329142570496,Sedang,72.44329142570496,49.460540979336464,15.718972365061441,41.79727289411756,32.18080711861452,27.948091506958008,65.233642578125,0.02689419873058796,1.837357521057129,False
Kayu Manis,2026-08-13,74.90420134862265,Sedang,74.90420134862265,51.64715355883042,19.264214070638022,40.97539517614576,35.34249966343244,27.939382553100586,65.5433349609375,0.004883739165961742,1.7286304235458374,False
Kayu Manis,2026-08-14,76.82530649503073,Sedang,76.82530649503073,53.504787385463715,18.211936124165856,49.348720808823906,36.60350496570269,28.06331443786621,67.26807403564453,0.08363806456327438,1.5645118951797485,False
Kayu Manis,2026-08-15,71.8998039563497,Sedang,71.8998039563497,55.13875298202038,14.441930770874023,54.722534884577215,35.435503075520195,28.165685653686523,68.31732940673828,0.6905752420425415,1.2153081893920898,False
Kayu Putih,2026-08-11,69.61930606676185,Sedang,54.68164277076721,39.150714186521675,8.901579570770263,69.61930606676185,17.64286607503891,28.323246002197266,63.92744064331055,0.013748166151344776,4.054355144500732,True
Kayu Putih,2026-08-12,55.51760093371074,Sedang,55.51760093371074,34.44373263762547,7.0448393185933424,49.71221201949649,19.320119594534237,27.13053321838379,71.16356658935547,0.18225562572479248,4.196614742279053,False
Kayu Putih,2026-08-13,53.297549168268844,Sedang,53.297549168268844,38.522188785748604,7.696153895060221,47.83944341871473,22.56938599050045,26.917428970336914,73.92442321777344,0.06092330813407898,3.78137469291687,False
Kayu Putih,2026-08-14,57.81051325798035,Sedang,57.81051325798035,42.080656763834824,8.511796585718791,56.930595204450086,23.606164008378983,27.04608154296875,75.89056396484375,0.02819669246673584,3.1283035278320312,False
Kayu Putih,2026-08-15,60.12150349824325,Sedang,57.630263010660805,41.238721975913414,9.037624231974284,60.12150349824325,22.57098471124967,27.285043716430664,75.94631958007812,0.23687945306301117,2.7158279418945312,False
Keagungan,2026-08-11,69.61930606676185,Sedang,54.68164277076721,39.150714186521675,8.901579570770263,69.61930606676185,17.64286607503891,28.323246002197266,63.92744064331055,0.013748166151344776,4.054355144500732,True
Keagungan,2026-08-12,55.51760093371074,Sedang,55.51760093371074,34.44373263762547,7.0448393185933424,49.71221201949649,19.320119594534237,27.13053321838379,71.16356658935547,0.18225562572479248,4.196614742279053,False
Keagungan,2026-08-13,53.297549168268844,Sedang,53.297549168268844,38.522188785748604,7.696153895060221,47.83944341871473,22.56938599050045,26.917428970336914,73.92442321777344,0.06092330813407898,3.78137469291687,False
Keagungan,2026-08-14,57.81051325798035,Sedang,57.81051325798035,42.080656763834824,8.511796585718791,56.930595204450086,23.606164008378983,27.04608154296875,75.89056396484375,0.02819669246673584,3.1283035278320312,False
Keagungan,2026-08-15,60.12150349824325,Sedang,57.630263010660805,41.238721975913414,9.037624231974284,60.12150349824325,22.57098471124967,27.285043716430664,75.94631958007812,0.23687945306301117,2.7158279418945312,False
Kebagusan,2026-08-11,77.27087933084239,Sedang,63.66243124008179,51.11113581806421,10.565989017486572,77.27087933084239,18.76606084406376,29.69847869873047,53.51408767700195,0.000821426510810852,1.7707951068878174,True
Kebagusan,2026-08-12,72.44329142570496,Sedang,72.44329142570496,49.460540979336464,15.718972365061441,41.79727289411756,32.18080711861452,27.948091506958008,65.233642578125,0.02689419873058796,1.837357521057129,False
Kebagusan,2026-08-13,74.90420134862265,Sedang,74.90420134862265,51.64715355883042,19.264214070638022,40.97539517614576,35.34249966343244,27.939382553100586,65.5433349609375,0.004883739165961742,1.7286304235458374,False
Kebagusan,2026-08-14,76.82530649503073,Sedang,76.82530649503073,53.504787385463715,18.211936124165856,49.348720808823906,36.60350496570269,28.06331443786621,67.26807403564453,0.08363806456327438,1.5645118951797485,False
Kebagusan,2026-08-15,71.8998039563497,Sedang,71.8998039563497,55.13875298202038,14.441930770874023,54.722534884577215,35.435503075520195,28.165685653686523,68.31732940673828,0.6905752420425415,1.2153081893920898,False
Kebayoran Lama Selatan,2026-08-11,77.27087933084239,Sedang,63.66243124008179,51.11113581806421,10.565989017486572,77.27087933084239,18.76606084406376,29.69847869873047,53.51408767700195,0.000821426510810852,1.7707951068878174,True
Kebayoran Lama Selatan,2026-08-12,72.44329142570496,Sedang,72.44329142570496,49.460540979336464,15.718972365061441,41.79727289411756,32.18080711861452,27.948091506958008,65.233642578125,0.02689419873058796,1.837357521057129,False
Kebayoran Lama Selatan,2026-08-13,74.90420134862265,Sedang,74.90420134862265,51.64715355883042,19.264214070638022,40.97539517614576,35.34249966343244,27.939382553100586,65.5433349609375,0.004883739165961742,1.7286304235458374,False
Kebayoran Lama Selatan,2026-08-14,76.82530649503073,Sedang,76.82530649503073,53.504787385463715,18.211936124165856,49.348720808823906,36.60350496570269,28.06331443786621,67.26807403564453,0.08363806456327438,1.5645118951797485,False
Kebayoran Lama Selatan,2026-08-15,71.8998039563497,Sedang,71.8998039563497,55.13875298202038,14.441930770874023,54.722534884577215,35.435503075520195,28.165685653686523,68.31732940673828,0.6905752420425415,1.2153081893920898,False
Kebayoran Lama Utara,2026-08-11,77.27087933084239,Sedang,63.66243124008179,51.11113581806421,10.565989017486572,77.27087933084239,18.76606084406376,29.69847869873047,53.51408767700195,0.000821426510810852,1.7707951068878174,True
Kebayoran Lama Utara,2026-08-12,72.44329142570496,Sedang,72.44329142570496,49.460540979336464,15.718972365061441,41.79727289411756,32.18080711861452,27.948091506958008,65.233642578125,0.02689419873058796,1.837357521057129,False
Kebayoran Lama Utara,2026-08-13,74.90420134862265,Sedang,74.90420134862265,51.64715355883042,19.264214070638022,40.97539517614576,35.34249966343244,27.939382553100586,65.5433349609375,0.004883739165961742,1.7286304235458374,False
Kebayoran Lama Utara,2026-08-14,76.82530649503073,Sedang,76.82530649503073,53.504787385463715,18.211936124165856,49.348720808823906,36.60350496570269,28.06331443786621,67.26807403564453,0.08363806456327438,1.5645118951797485,False
Kebayoran Lama Utara,2026-08-15,71.8998039563497,Sedang,71.8998039563497,55.13875298202038,14.441930770874023,54.722534884577215,35.435503075520195,28.165685653686523,68.31732940673828,0.6905752420425415,1.2153081893920898,False
Kebon Baru,2026-08-11,77.27087933084239,Sedang,63.66243124008179,51.11113581806421,10.565989017486572,77.27087933084239,18.76606084406376,29.69847869873047,53.51408767700195,0.000821426510810852,1.7707951068878174,True
Kebon Baru,2026-08-12,72.44329142570496,Sedang,72.44329142570496,49.460540979336464,15.718972365061441,41.79727289411756,32.18080711861452,27.948091506958008,65.233642578125,0.02689419873058796,1.837357521057129,False
Kebon Baru,2026-08-13,74.90420134862265,Sedang,74.90420134862265,51.64715355883042,19.264214070638022,40.97539517614576,35.34249966343244,27.939382553100586,65.5433349609375,0.004883739165961742,1.7286304235458374,False
Kebon Baru,2026-08-14,76.82530649503073,Sedang,76.82530649503073,53.504787385463715,18.211936124165856,49.348720808823906,36.60350496570269,28.06331443786621,67.26807403564453,0.08363806456327438,1.5645118951797485,False
Kebon Baru,2026-08-15,71.8998039563497,Sedang,71.8998039563497,55.13875298202038,14.441930770874023,54.722534884577215,35.435503075520195,28.165685653686523,68.31732940673828,0.6905752420425415,1.2153081893920898,False
Kebon Bawang,2026-08-11,69.61930606676185,Sedang,54.68164277076721,39.150714186521675,8.901579570770263,69.61930606676185,17.64286607503891,28.323246002197266,63.92744064331055,0.013748166151344776,4.054355144500732,True
Kebon Bawang,2026-08-12,55.51760093371074,Sedang,55.51760093371074,34.44373263762547,7.0448393185933424,49.71221201949649,19.320119594534237,27.13053321838379,71.16356658935547,0.18225562572479248,4.196614742279053,False
Kebon Bawang,2026-08-13,53.297549168268844,Sedang,53.297549168268844,38.522188785748604,7.696153895060221,47.83944341871473,22.56938599050045,26.917428970336914,73.92442321777344,0.06092330813407898,3.78137469291687,False
Kebon Bawang,2026-08-14,57.81051325798035,Sedang,57.81051325798035,42.080656763834824,8.511796585718791,56.930595204450086,23.606164008378983,27.04608154296875,75.89056396484375,0.02819669246673584,3.1283035278320312,False
Kebon Bawang,2026-08-15,60.12150349824325,Sedang,57.630263010660805,41.238721975913414,9.037624231974284,60.12150349824325,22.57098471124967,27.285043716430664,75.94631958007812,0.23687945306301117,2.7158279418945312,False
Kebon Besar,2026-08-11,69.61930606676185,Sedang,54.68164277076721,39.150714186521675,8.901579570770263,69.61930606676185,17.64286607503891,28.323246002197266,63.92744064331055,0.013748166151344776,4.054355144500732,True
Kebon Besar,2026-08-12,55.51760093371074,Sedang,55.51760093371074,34.44373263762547,7.0448393185933424,49.71221201949649,19.320119594534237,27.13053321838379,71.16356658935547,0.18225562572479248,4.196614742279053,False
Kebon Besar,2026-08-13,53.297549168268844,Sedang,53.297549168268844,38.522188785748604,7.696153895060221,47.83944341871473,22.56938599050045,26.917428970336914,73.92442321777344,0.06092330813407898,3.78137469291687,False
Kebon Besar,2026-08-14,57.81051325798035,Sedang,57.81051325798035,42.080656763834824,8.511796585718791,56.930595204450086,23.606164008378983,27.04608154296875,75.89056396484375,0.02819669246673584,3.1283035278320312,False
Kebon Besar,2026-08-15,60.12150349824325,Sedang,57.630263010660805,41.238721975913414,9.037624231974284,60.12150349824325,22.57098471124967,27.285043716430664,75.94631958007812,0.23687945306301117,2.7158279418945312,False
Kebon Jeruk,2026-08-11,69.61930606676185,Sedang,54.68164277076721,39.150714186521675,8.901579570770263,69.61930606676185,17.64286607503891,28.323246002197266,63.92744064331055,0.013748166151344776,4.054355144500732,True
Kebon Jeruk,2026-08-12,55.51760093371074,Sedang,55.51760093371074,34.44373263762547,7.0448393185933424,49.71221201949649,19.320119594534237,27.13053321838379,71.16356658935547,0.18225562572479248,4.196614742279053,False
Kebon Jeruk,2026-08-13,53.297549168268844,Sedang,53.297549168268844,38.522188785748604,7.696153895060221,47.83944341871473,22.56938599050045,26.917428970336914,73.92442321777344,0.06092330813407898,3.78137469291687,False
Kebon Jeruk,2026-08-14,57.81051325798035,Sedang,57.81051325798035,42.080656763834824,8.511796585718791,56.930595204450086,23.606164008378983,27.04608154296875,75.89056396484375,0.02819669246673584,3.1283035278320312,False
Kebon Jeruk,2026-08-15,60.12150349824325,Sedang,57.630263010660805,41.238721975913414,9.037624231974284,60.12150349824325,22.57098471124967,27.285043716430664,75.94631958007812,0.23687945306301117,2.7158279418945312,False
Kebon Kacang,2026-08-11,69.61930606676185,Sedang,54.68164277076721,39.150714186521675,8.901579570770263,69.61930606676185,17.64286607503891,28.323246002197266,63.92744064331055,0.013748166151344776,4.054355144500732,True
Kebon Kacang,2026-08-12,55.51760093371074,Sedang,55.51760093371074,34.44373263762547,7.0448393185933424,49.71221201949649,19.320119594534237,27.13053321838379,71.16356658935547,0.18225562572479248,4.196614742279053,False
Kebon Kacang,2026-08-13,53.297549168268844,Sedang,53.297549168268844,38.522188785748604,7.696153895060221,47.83944341871473,22.56938599050045,26.917428970336914,73.92442321777344,0.06092330813407898,3.78137469291687,False
Kebon Kacang,2026-08-14,57.81051325798035,Sedang,57.81051325798035,42.080656763834824,8.511796585718791,56.930595204450086,23.606164008378983,27.04608154296875,75.89056396484375,0.02819669246673584,3.1283035278320312,False
Kebon Kacang,2026-08-15,60.12150349824325,Sedang,57.630263010660805,41.238721975913414,9.037624231974284,60.12150349824325,22.57098471124967,27.285043716430664,75.94631958007812,0.23687945306301117,2.7158279418945312,False
Kebon Kelapa,2026-08-11,69.61930606676185,Sedang,54.68164277076721,39.150714186521675,8.901579570770263,69.61930606676185,17.64286607503891,28.323246002197266,63.92744064331055,0.013748166151344776,4.054355144500732,True
Kebon Kelapa,2026-08-12,55.51760093371074,Sedang,55.51760093371074,34.44373263762547,7.0448393185933424,49.71221201949649,19.320119594534237,27.13053321838379,71.16356658935547,0.18225562572479248,4.196614742279053,False
Kebon Kelapa,2026-08-13,53.297549168268844,Sedang,53.297549168268844,38.522188785748604,7.696153895060221,47.83944341871473,22.56938599050045,26.917428970336914,73.92442321777344,0.06092330813407898,3.78137469291687,False
Kebon Kelapa,2026-08-14,57.81051325798035,Sedang,57.81051325798035,42.080656763834824,8.511796585718791,56.930595204450086,23.606164008378983,27.04608154296875,75.89056396484375,0.02819669246673584,3.1283035278320312,False
Kebon Kelapa,2026-08-15,60.12150349824325,Sedang,57.630263010660805,41.238721975913414,9.037624231974284,60.12150349824325,22.57098471124967,27.285043716430664,75.94631958007812,0.23687945306301117,2.7158279418945312,False
Kebon Kosong,2026-08-11,69.61930606676185,Sedang,54.68164277076721,39.150714186521675,8.901579570770263,69.61930606676185,17.64286607503891,28.323246002197266,63.92744064331055,0.013748166151344776,4.054355144500732,True
Kebon Kosong,2026-08-12,55.51760093371074,Sedang,55.51760093371074,34.44373263762547,7.0448393185933424,49.71221201949649,19.320119594534237,27.13053321838379,71.16356658935547,0.18225562572479248,4.196614742279053,False
Kebon Kosong,2026-08-13,53.297549168268844,Sedang,53.297549168268844,38.522188785748604,7.696153895060221,47.83944341871473,22.56938599050045,26.917428970336914,73.92442321777344,0.06092330813407898,3.78137469291687,False
Kebon Kosong,2026-08-14,57.81051325798035,Sedang,57.81051325798035,42.080656763834824,8.511796585718791,56.930595204450086,23.606164008378983,27.04608154296875,75.89056396484375,0.02819669246673584,3.1283035278320312,False
Kebon Kosong,2026-08-15,60.12150349824325,Sedang,57.630263010660805,41.238721975913414,9.037624231974284,60.12150349824325,22.57098471124967,27.285043716430664,75.94631958007812,0.23687945306301117,2.7158279418945312,False
Kebon Manggis,2026-08-11,77.27087933084239,Sedang,63.66243124008179,51.11113581806421,10.565989017486572,77.27087933084239,18.76606084406376,29.69847869873047,53.51408767700195,0.000821426510810852,1.7707951068878174,True
Kebon Manggis,2026-08-12,72.44329142570496,Sedang,72.44329142570496,49.460540979336464,15.718972365061441,41.79727289411756,32.18080711861452,27.948091506958008,65.233642578125,0.02689419873058796,1.837357521057129,False
Kebon Manggis,2026-08-13,74.90420134862265,Sedang,74.90420134862265,51.64715355883042,19.264214070638022,40.97539517614576,35.34249966343244,27.939382553100586,65.5433349609375,0.004883739165961742,1.7286304235458374,False
Kebon Manggis,2026-08-14,76.82530649503073,Sedang,76.82530649503073,53.504787385463715,18.211936124165856,49.348720808823906,36.60350496570269,28.06331443786621,67.26807403564453,0.08363806456327438,1.5645118951797485,False
Kebon Manggis,2026-08-15,71.8998039563497,Sedang,71.8998039563497,55.13875298202038,14.441930770874023,54.722534884577215,35.435503075520195,28.165685653686523,68.31732940673828,0.6905752420425415,1.2153081893920898,False
Kebon Melati,2026-08-11,69.61930606676185,Sedang,54.68164277076721,39.150714186521675,8.901579570770263,69.61930606676185,17.64286607503891,28.323246002197266,63.92744064331055,0.013748166151344776,4.054355144500732,True
Kebon Melati,2026-08-12,55.51760093371074,Sedang,55.51760093371074,34.44373263762547,7.0448393185933424,49.71221201949649,19.320119594534237,27.13053321838379,71.16356658935547,0.18225562572479248,4.196614742279053,False
Kebon Melati,2026-08-13,53.297549168268844,Sedang,53.297549168268844,38.522188785748604,7.696153895060221,47.83944341871473,22.56938599050045,26.917428970336914,73.92442321777344,0.06092330813407898,3.78137469291687,False
Kebon Melati,2026-08-14,57.81051325798035,Sedang,57.81051325798035,42.080656763834824,8.511796585718791,56.930595204450086,23.606164008378983,27.04608154296875,75.89056396484375,0.02819669246673584,3.1283035278320312,False
Kebon Melati,2026-08-15,60.12150349824325,Sedang,57.630263010660805,41.238721975913414,9.037624231974284,60.12150349824325,22.57098471124967,27.285043716430664,75.94631958007812,0.23687945306301117,2.7158279418945312,False
Kebon Pala,2026-08-11,77.27087933084239,Sedang,63.66243124008179,51.11113581806421,10.565989017486572,77.27087933084239,18.76606084406376,29.69847869873047,53.51408767700195,0.000821426510810852,1.7707951068878174,True
Kebon Pala,2026-08-12,72.44329142570496,Sedang,72.44329142570496,49.460540979336464,15.718972365061441,41.79727289411756,32.18080711861452,27.948091506958008,65.233642578125,0.02689419873058796,1.837357521057129,False
Kebon Pala,2026-08-13,74.90420134862265,Sedang,74.90420134862265,51.64715355883042,19.264214070638022,40.97539517614576,35.34249966343244,27.939382553100586,65.5433349609375,0.004883739165961742,1.7286304235458374,False
Kebon Pala,2026-08-14,76.82530649503073,Sedang,76.82530649503073,53.504787385463715,18.211936124165856,49.348720808823906,36.60350496570269,28.06331443786621,67.26807403564453,0.08363806456327438,1.5645118951797485,False
Kebon Pala,2026-08-15,71.8998039563497,Sedang,71.8998039563497,55.13875298202038,14.441930770874023,54.722534884577215,35.435503075520195,28.165685653686523,68.31732940673828,0.6905752420425415,1.2153081893920898,False
Kebon Sirih,2026-08-11,69.61930606676185,Sedang,54.68164277076721,39.150714186521675,8.901579570770263,69.61930606676185,17.64286607503891,28.323246002197266,63.92744064331055,0.013748166151344776,4.054355144500732,True
Kebon Sirih,2026-08-12,55.51760093371074,Sedang,55.51760093371074,34.44373263762547,7.0448393185933424,49.71221201949649,19.320119594534237,27.13053321838379,71.16356658935547,0.18225562572479248,4.196614742279053,False
Kebon Sirih,2026-08-13,53.297549168268844,Sedang,53.297549168268844,38.522188785748604,7.696153895060221,47.83944341871473,22.56938599050045,26.917428970336914,73.92442321777344,0.06092330813407898,3.78137469291687,False
Kebon Sirih,2026-08-14,57.81051325798035,Sedang,57.81051325798035,42.080656763834824,8.511796585718791,56.930595204450086,23.606164008378983,27.04608154296875,75.89056396484375,0.02819669246673584,3.1283035278320312,False
Kebon Sirih,2026-08-15,60.12150349824325,Sedang,57.630263010660805,41.238721975913414,9.037624231974284,60.12150349824325,22.57098471124967,27.285043716430664,75.94631958007812,0.23687945306301117,2.7158279418945312,False
Kedaung Baru,2026-08-11,69.61930606676185,Sedang,54.68164277076721,39.150714186521675,8.901579570770263,69.61930606676185,17.64286607503891,28.323246002197266,63.92744064331055,0.013748166151344776,4.054355144500732,True
Kedaung Baru,2026-08-12,55.51760093371074,Sedang,55.51760093371074,34.44373263762547,7.0448393185933424,49.71221201949649,19.320119594534237,27.13053321838379,71.16356658935547,0.18225562572479248,4.196614742279053,False
Kedaung Baru,2026-08-13,53.297549168268844,Sedang,53.297549168268844,38.522188785748604,7.696153895060221,47.83944341871473,22.56938599050045,26.917428970336914,73.92442321777344,0.06092330813407898,3.78137469291687,False
Kedaung Baru,2026-08-14,57.81051325798035,Sedang,57.81051325798035,42.080656763834824,8.511796585718791,56.930595204450086,23.606164008378983,27.04608154296875,75.89056396484375,0.02819669246673584,3.1283035278320312,False
Kedaung Baru,2026-08-15,60.12150349824325,Sedang,57.630263010660805,41.238721975913414,9.037624231974284,60.12150349824325,22.57098471124967,27.285043716430664,75.94631958007812,0.23687945306301117,2.7158279418945312,False
Kedaung Kali Angke,2026-08-11,69.61930606676185,Sedang,54.68164277076721,39.150714186521675,8.901579570770263,69.61930606676185,17.64286607503891,28.323246002197266,63.92744064331055,0.013748166151344776,4.054355144500732,True
Kedaung Kali Angke,2026-08-12,55.51760093371074,Sedang,55.51760093371074,34.44373263762547,7.0448393185933424,49.71221201949649,19.320119594534237,27.13053321838379,71.16356658935547,0.18225562572479248,4.196614742279053,False
Kedaung Kali Angke,2026-08-13,53.297549168268844,Sedang,53.297549168268844,38.522188785748604,7.696153895060221,47.83944341871473,22.56938599050045,26.917428970336914,73.92442321777344,0.06092330813407898,3.78137469291687,False
Kedaung Kali Angke,2026-08-14,57.81051325798035,Sedang,57.81051325798035,42.080656763834824,8.511796585718791,56.930595204450086,23.606164008378983,27.04608154296875,75.89056396484375,0.02819669246673584,3.1283035278320312,False
Kedaung Kali Angke,2026-08-15,60.12150349824325,Sedang,57.630263010660805,41.238721975913414,9.037624231974284,60.12150349824325,22.57098471124967,27.285043716430664,75.94631958007812,0.23687945306301117,2.7158279418945312,False
Kedaung Wetan,2026-08-11,69.61930606676185,Sedang,54.68164277076721,39.150714186521675,8.901579570770263,69.61930606676185,17.64286607503891,28.323246002197266,63.92744064331055,0.013748166151344776,4.054355144500732,True
Kedaung Wetan,2026-08-12,55.51760093371074,Sedang,55.51760093371074,34.44373263762547,7.0448393185933424,49.71221201949649,19.320119594534237,27.13053321838379,71.16356658935547,0.18225562572479248,4.196614742279053,False
Kedaung Wetan,2026-08-13,53.297549168268844,Sedang,53.297549168268844,38.522188785748604,7.696153895060221,47.83944341871473,22.56938599050045,26.917428970336914,73.92442321777344,0.06092330813407898,3.78137469291687,False
Kedaung Wetan,2026-08-14,57.81051325798035,Sedang,57.81051325798035,42.080656763834824,8.511796585718791,56.930595204450086,23.606164008378983,27.04608154296875,75.89056396484375,0.02819669246673584,3.1283035278320312,False
Kedaung Wetan,2026-08-15,60.12150349824325,Sedang,57.630263010660805,41.238721975913414,9.037624231974284,60.12150349824325,22.57098471124967,27.285043716430664,75.94631958007812,0.23687945306301117,2.7158279418945312,False
Kedoya Selatan,2026-08-11,69.61930606676185,Sedang,54.68164277076721,39.150714186521675,8.901579570770263,69.61930606676185,17.64286607503891,28.323246002197266,63.92744064331055,0.013748166151344776,4.054355144500732,True
Kedoya Selatan,2026-08-12,55.51760093371074,Sedang,55.51760093371074,34.44373263762547,7.0448393185933424,49.71221201949649,19.320119594534237,27.13053321838379,71.16356658935547,0.18225562572479248,4.196614742279053,False
Kedoya Selatan,2026-08-13,53.297549168268844,Sedang,53.297549168268844,38.522188785748604,7.696153895060221,47.83944341871473,22.56938599050045,26.917428970336914,73.92442321777344,0.06092330813407898,3.78137469291687,False
Kedoya Selatan,2026-08-14,57.81051325798035,Sedang,57.81051325798035,42.080656763834824,8.511796585718791,56.930595204450086,23.606164008378983,27.04608154296875,75.89056396484375,0.02819669246673584,3.1283035278320312,False
Kedoya Selatan,2026-08-15,60.12150349824325,Sedang,57.630263010660805,41.238721975913414,9.037624231974284,60.12150349824325,22.57098471124967,27.285043716430664,75.94631958007812,0.23687945306301117,2.7158279418945312,False
Kedoya Utara,2026-08-11,69.61930606676185,Sedang,54.68164277076721,39.150714186521675,8.901579570770263,69.61930606676185,17.64286607503891,28.323246002197266,63.92744064331055,0.013748166151344776,4.054355144500732,True
Kedoya Utara,2026-08-12,55.51760093371074,Sedang,55.51760093371074,34.44373263762547,7.0448393185933424,49.71221201949649,19.320119594534237,27.13053321838379,71.16356658935547,0.18225562572479248,4.196614742279053,False
Kedoya Utara,2026-08-13,53.297549168268844,Sedang,53.297549168268844,38.522188785748604,7.696153895060221,47.83944341871473,22.56938599050045,26.917428970336914,73.92442321777344,0.06092330813407898,3.78137469291687,False
Kedoya Utara,2026-08-14,57.81051325798035,Sedang,57.81051325798035,42.080656763834824,8.511796585718791,56.930595204450086,23.606164008378983,27.04608154296875,75.89056396484375,0.02819669246673584,3.1283035278320312,False
Kedoya Utara,2026-08-15,60.12150349824325,Sedang,57.630263010660805,41.238721975913414,9.037624231974284,60.12150349824325,22.57098471124967,27.285043716430664,75.94631958007812,0.23687945306301117,2.7158279418945312,False
Kelapa Dua,2026-08-11,77.27087933084239,Sedang,63.66243124008179,51.11113581806421,10.565989017486572,77.27087933084239,18.76606084406376,29.69847869873047,53.51408767700195,0.000821426510810852,1.7707951068878174,True
Kelapa Dua,2026-08-12,72.44329142570496,Sedang,72.44329142570496,49.460540979336464,15.718972365061441,41.79727289411756,32.18080711861452,27.948091506958008,65.233642578125,0.02689419873058796,1.837357521057129,False
Kelapa Dua,2026-08-13,74.90420134862265,Sedang,74.90420134862265,51.64715355883042,19.264214070638022,40.97539517614576,35.34249966343244,27.939382553100586,65.5433349609375,0.004883739165961742,1.7286304235458374,False
Kelapa Dua,2026-08-14,76.82530649503073,Sedang,76.82530649503073,53.504787385463715,18.211936124165856,49.348720808823906,36.60350496570269,28.06331443786621,67.26807403564453,0.08363806456327438,1.5645118951797485,False
Kelapa Dua,2026-08-15,71.8998039563497,Sedang,71.8998039563497,55.13875298202038,14.441930770874023,54.722534884577215,35.435503075520195,28.165685653686523,68.31732940673828,0.6905752420425415,1.2153081893920898,False
Kelapa Dua Wetan,2026-08-11,77.27087933084239,Sedang,63.66243124008179,51.11113581806421,10.565989017486572,77.27087933084239,18.76606084406376,29.69847869873047,53.51408767700195,0.000821426510810852,1.7707951068878174,True
Kelapa Dua Wetan,2026-08-12,72.44329142570496,Sedang,72.44329142570496,49.460540979336464,15.718972365061441,41.79727289411756,32.18080711861452,27.948091506958008,65.233642578125,0.02689419873058796,1.837357521057129,False
Kelapa Dua Wetan,2026-08-13,74.90420134862265,Sedang,74.90420134862265,51.64715355883042,19.264214070638022,40.97539517614576,35.34249966343244,27.939382553100586,65.5433349609375,0.004883739165961742,1.7286304235458374,False
Kelapa Dua Wetan,2026-08-14,76.82530649503073,Sedang,76.82530649503073,53.504787385463715,18.211936124165856,49.348720808823906,36.60350496570269,28.06331443786621,67.26807403564453,0.08363806456327438,1.5645118951797485,False
Kelapa Dua Wetan,2026-08-15,71.8998039563497,Sedang,71.8998039563497,55.13875298202038,14.441930770874023,54.722534884577215,35.435503075520195,28.165685653686523,68.31732940673828,0.6905752420425415,1.2153081893920898,False
Kelapa Gading Barat,2026-08-11,69.61930606676185,Sedang,54.68164277076721,39.150714186521675,8.901579570770263,69.61930606676185,17.64286607503891,28.323246002197266,63.92744064331055,0.013748166151344776,4.054355144500732,True
Kelapa Gading Barat,2026-08-12,55.51760093371074,Sedang,55.51760093371074,34.44373263762547,7.0448393185933424,49.71221201949649,19.320119594534237,27.13053321838379,71.16356658935547,0.18225562572479248,4.196614742279053,False
Kelapa Gading Barat,2026-08-13,53.297549168268844,Sedang,53.297549168268844,38.522188785748604,7.696153895060221,47.83944341871473,22.56938599050045,26.917428970336914,73.92442321777344,0.06092330813407898,3.78137469291687,False
Kelapa Gading Barat,2026-08-14,57.81051325798035,Sedang,57.81051325798035,42.080656763834824,8.511796585718791,56.930595204450086,23.606164008378983,27.04608154296875,75.89056396484375,0.02819669246673584,3.1283035278320312,False
Kelapa Gading Barat,2026-08-15,60.12150349824325,Sedang,57.630263010660805,41.238721975913414,9.037624231974284,60.12150349824325,22.57098471124967,27.285043716430664,75.94631958007812,0.23687945306301117,2.7158279418945312,False
Kelapa Gading Timur,2026-08-11,69.61930606676185,Sedang,54.68164277076721,39.150714186521675,8.901579570770263,69.61930606676185,17.64286607503891,28.323246002197266,63.92744064331055,0.013748166151344776,4.054355144500732,True
Kelapa Gading Timur,2026-08-12,55.51760093371074,Sedang,55.51760093371074,34.44373263762547,7.0448393185933424,49.71221201949649,19.320119594534237,27.13053321838379,71.16356658935547,0.18225562572479248,4.196614742279053,False
Kelapa Gading Timur,2026-08-13,53.297549168268844,Sedang,53.297549168268844,38.522188785748604,7.696153895060221,47.83944341871473,22.56938599050045,26.917428970336914,73.92442321777344,0.06092330813407898,3.78137469291687,False
Kelapa Gading Timur,2026-08-14,57.81051325798035,Sedang,57.81051325798035,42.080656763834824,8.511796585718791,56.930595204450086,23.606164008378983,27.04608154296875,75.89056396484375,0.02819669246673584,3.1283035278320312,False
Kelapa Gading Timur,2026-08-15,60.12150349824325,Sedang,57.630263010660805,41.238721975913414,9.037624231974284,60.12150349824325,22.57098471124967,27.285043716430664,75.94631958007812,0.23687945306301117,2.7158279418945312,False
Kelapa Indah,2026-08-11,69.61930606676185,Sedang,54.68164277076721,39.150714186521675,8.901579570770263,69.61930606676185,17.64286607503891,28.323246002197266,63.92744064331055,0.013748166151344776,4.054355144500732,True
Kelapa Indah,2026-08-12,55.51760093371074,Sedang,55.51760093371074,34.44373263762547,7.0448393185933424,49.71221201949649,19.320119594534237,27.13053321838379,71.16356658935547,0.18225562572479248,4.196614742279053,False
Kelapa Indah,2026-08-13,53.297549168268844,Sedang,53.297549168268844,38.522188785748604,7.696153895060221,47.83944341871473,22.56938599050045,26.917428970336914,73.92442321777344,0.06092330813407898,3.78137469291687,False
Kelapa Indah,2026-08-14,57.81051325798035,Sedang,57.81051325798035,42.080656763834824,8.511796585718791,56.930595204450086,23.606164008378983,27.04608154296875,75.89056396484375,0.02819669246673584,3.1283035278320312,False
Kelapa Indah,2026-08-15,60.12150349824325,Sedang,57.630263010660805,41.238721975913414,9.037624231974284,60.12150349824325,22.57098471124967,27.285043716430664,75.94631958007812,0.23687945306301117,2.7158279418945312,False
Kemanggisan,2026-08-11,69.61930606676185,Sedang,54.68164277076721,39.150714186521675,8.901579570770263,69.61930606676185,17.64286607503891,28.323246002197266,63.92744064331055,0.013748166151344776,4.054355144500732,True
Kemanggisan,2026-08-12,55.51760093371074,Sedang,55.51760093371074,34.44373263762547,7.0448393185933424,49.71221201949649,19.320119594534237,27.13053321838379,71.16356658935547,0.18225562572479248,4.196614742279053,False
Kemanggisan,2026-08-13,53.297549168268844,Sedang,53.297549168268844,38.522188785748604,7.696153895060221,47.83944341871473,22.56938599050045,26.917428970336914,73.92442321777344,0.06092330813407898,3.78137469291687,False
Kemanggisan,2026-08-14,57.81051325798035,Sedang,57.81051325798035,42.080656763834824,8.511796585718791,56.930595204450086,23.606164008378983,27.04608154296875,75.89056396484375,0.02819669246673584,3.1283035278320312,False
Kemanggisan,2026-08-15,60.12150349824325,Sedang,57.630263010660805,41.238721975913414,9.037624231974284,60.12150349824325,22.57098471124967,27.285043716430664,75.94631958007812,0.23687945306301117,2.7158279418945312,False
Kemayoran,2026-08-11,69.61930606676185,Sedang,54.68164277076721,39.150714186521675,8.901579570770263,69.61930606676185,17.64286607503891,28.323246002197266,63.92744064331055,0.013748166151344776,4.054355144500732,True
Kemayoran,2026-08-12,55.51760093371074,Sedang,55.51760093371074,34.44373263762547,7.0448393185933424,49.71221201949649,19.320119594534237,27.13053321838379,71.16356658935547,0.18225562572479248,4.196614742279053,False
Kemayoran,2026-08-13,53.297549168268844,Sedang,53.297549168268844,38.522188785748604,7.696153895060221,47.83944341871473,22.56938599050045,26.917428970336914,73.92442321777344,0.06092330813407898,3.78137469291687,False
Kemayoran,2026-08-14,57.81051325798035,Sedang,57.81051325798035,42.080656763834824,8.511796585718791,56.930595204450086,23.606164008378983,27.04608154296875,75.89056396484375,0.02819669246673584,3.1283035278320312,False
Kemayoran,2026-08-15,60.12150349824325,Sedang,57.630263010660805,41.238721975913414,9.037624231974284,60.12150349824325,22.57098471124967,27.285043716430664,75.94631958007812,0.23687945306301117,2.7158279418945312,False
Kembangan Selatan,2026-08-11,69.61930606676185,Sedang,54.68164277076721,39.150714186521675,8.901579570770263,69.61930606676185,17.64286607503891,28.323246002197266,63.92744064331055,0.013748166151344776,4.054355144500732,True
Kembangan Selatan,2026-08-12,55.51760093371074,Sedang,55.51760093371074,34.44373263762547,7.0448393185933424,49.71221201949649,19.320119594534237,27.13053321838379,71.16356658935547,0.18225562572479248,4.196614742279053,False
Kembangan Selatan,2026-08-13,53.297549168268844,Sedang,53.297549168268844,38.522188785748604,7.696153895060221,47.83944341871473,22.56938599050045,26.917428970336914,73.92442321777344,0.06092330813407898,3.78137469291687,False
Kembangan Selatan,2026-08-14,57.81051325798035,Sedang,57.81051325798035,42.080656763834824,8.511796585718791,56.930595204450086,23.606164008378983,27.04608154296875,75.89056396484375,0.02819669246673584,3.1283035278320312,False
Kembangan Selatan,2026-08-15,60.12150349824325,Sedang,57.630263010660805,41.238721975913414,9.037624231974284,60.12150349824325,22.57098471124967,27.285043716430664,75.94631958007812,0.23687945306301117,2.7158279418945312,False
Kembangan Utara,2026-08-11,69.61930606676185,Sedang,54.68164277076721,39.150714186521675,8.901579570770263,69.61930606676185,17.64286607503891,28.323246002197266,63.92744064331055,0.013748166151344776,4.054355144500732,True
Kembangan Utara,2026-08-12,55.51760093371074,Sedang,55.51760093371074,34.44373263762547,7.0448393185933424,49.71221201949649,19.320119594534237,27.13053321838379,71.16356658935547,0.18225562572479248,4.196614742279053,False
Kembangan Utara,2026-08-13,53.297549168268844,Sedang,53.297549168268844,38.522188785748604,7.696153895060221,47.83944341871473,22.56938599050045,26.917428970336914,73.92442321777344,0.06092330813407898,3.78137469291687,False
Kembangan Utara,2026-08-14,57.81051325798035,Sedang,57.81051325798035,42.080656763834824,8.511796585718791,56.930595204450086,23.606164008378983,27.04608154296875,75.89056396484375,0.02819669246673584,3.1283035278320312,False
Kembangan Utara,2026-08-15,60.12150349824325,Sedang,57.630263010660805,41.238721975913414,9.037624231974284,60.12150349824325,22.57098471124967,27.285043716430664,75.94631958007812,0.23687945306301117,2.7158279418945312,False
Kenanga,2026-08-11,69.61930606676185,Sedang,54.68164277076721,39.150714186521675,8.901579570770263,69.61930606676185,17.64286607503891,28.323246002197266,63.92744064331055,0.013748166151344776,4.054355144500732,True
Kenanga,2026-08-12,55.51760093371074,Sedang,55.51760093371074,34.44373263762547,7.0448393185933424,49.71221201949649,19.320119594534237,27.13053321838379,71.16356658935547,0.18225562572479248,4.196614742279053,False
Kenanga,2026-08-13,53.297549168268844,Sedang,53.297549168268844,38.522188785748604,7.696153895060221,47.83944341871473,22.56938599050045,26.917428970336914,73.92442321777344,0.06092330813407898,3.78137469291687,False
Kenanga,2026-08-14,57.81051325798035,Sedang,57.81051325798035,42.080656763834824,8.511796585718791,56.930595204450086,23.606164008378983,27.04608154296875,75.89056396484375,0.02819669246673584,3.1283035278320312,False
Kenanga,2026-08-15,60.12150349824325,Sedang,57.630263010660805,41.238721975913414,9.037624231974284,60.12150349824325,22.57098471124967,27.285043716430664,75.94631958007812,0.23687945306301117,2.7158279418945312,False
Kenari,2026-08-11,69.61930606676185,Sedang,54.68164277076721,39.150714186521675,8.901579570770263,69.61930606676185,17.64286607503891,28.323246002197266,63.92744064331055,0.013748166151344776,4.054355144500732,True
Kenari,2026-08-12,55.51760093371074,Sedang,55.51760093371074,34.44373263762547,7.0448393185933424,49.71221201949649,19.320119594534237,27.13053321838379,71.16356658935547,0.18225562572479248,4.196614742279053,False
Kenari,2026-08-13,53.297549168268844,Sedang,53.297549168268844,38.522188785748604,7.696153895060221,47.83944341871473,22.56938599050045,26.917428970336914,73.92442321777344,0.06092330813407898,3.78137469291687,False
Kenari,2026-08-14,57.81051325798035,Sedang,57.81051325798035,42.080656763834824,8.511796585718791,56.930595204450086,23.606164008378983,27.04608154296875,75.89056396484375,0.02819669246673584,3.1283035278320312,False
Kenari,2026-08-15,60.12150349824325,Sedang,57.630263010660805,41.238721975913414,9.037624231974284,60.12150349824325,22.57098471124967,27.285043716430664,75.94631958007812,0.23687945306301117,2.7158279418945312,False
Keroncong,2026-08-11,68.98759261421534,Sedang,56.10755372047424,53.36524713784456,7.41221022605896,68.98759261421534,16.348594203591347,27.90591049194336,68.53587341308594,0.3237781524658203,3.1219429969787598,True
Keroncong,2026-08-12,66.98441497484842,Sedang,66.98441497484842,43.32534517997351,7.855143022537232,49.24069788720873,16.903809905052185,27.11531639099121,72.59671020507812,0.1665925532579422,3.4097652435302734,False
Keroncong,2026-08-13,67.89016254742941,Sedang,67.89016254742941,47.021704682937035,8.598527399698895,47.57301138506996,19.70889928440253,26.850255966186523,74.57172393798828,0.03733846917748451,3.0433502197265625,False
Keroncong,2026-08-14,70.48791797955832,Sedang,70.48791797955832,46.668350772979935,8.819194825490314,55.171888185584024,19.362924272815388,27.000463485717773,75.35112762451172,0.07174699753522873,2.615520715713501,False
Keroncong,2026-08-15,68.57522900899252,Sedang,68.57522900899252,46.23406147345519,7.676053794225057,60.93279327171436,15.459764475623768,27.074630737304688,77.34497833251953,0.4183608293533325,2.116962194442749,False
Ketapang,2026-08-11,69.61930606676185,Sedang,54.68164277076721,39.150714186521675,8.901579570770263,69.61930606676185,17.64286607503891,28.323246002197266,63.92744064331055,0.013748166151344776,4.054355144500732,True
Ketapang,2026-08-12,55.51760093371074,Sedang,55.51760093371074,34.44373263762547,7.0448393185933424,49.71221201949649,19.320119594534237,27.13053321838379,71.16356658935547,0.18225562572479248,4.196614742279053,False
Ketapang,2026-08-13,53.297549168268844,Sedang,53.297549168268844,38.522188785748604,7.696153895060221,47.83944341871473,22.56938599050045,26.917428970336914,73.92442321777344,0.06092330813407898,3.78137469291687,False
Ketapang,2026-08-14,57.81051325798035,Sedang,57.81051325798035,42.080656763834824,8.511796585718791,56.930595204450086,23.606164008378983,27.04608154296875,75.89056396484375,0.02819669246673584,3.1283035278320312,False
Ketapang,2026-08-15,60.12150349824325,Sedang,57.630263010660805,41.238721975913414,9.037624231974284,60.12150349824325,22.57098471124967,27.285043716430664,75.94631958007812,0.23687945306301117,2.7158279418945312,False
Klender,2026-08-11,77.27087933084239,Sedang,63.66243124008179,51.11113581806421,10.565989017486572,77.27087933084239,18.76606084406376,29.69847869873047,53.51408767700195,0.000821426510810852,1.7707951068878174,True
Klender,2026-08-12,72.44329142570496,Sedang,72.44329142570496,49.460540979336464,15.718972365061441,41.79727289411756,32.18080711861452,27.948091506958008,65.233642578125,0.02689419873058796,1.837357521057129,False
Klender,2026-08-13,74.90420134862265,Sedang,74.90420134862265,51.64715355883042,19.264214070638022,40.97539517614576,35.34249966343244,27.939382553100586,65.5433349609375,0.004883739165961742,1.7286304235458374,False
Klender,2026-08-14,76.82530649503073,Sedang,76.82530649503073,53.504787385463715,18.211936124165856,49.348720808823906,36.60350496570269,28.06331443786621,67.26807403564453,0.08363806456327438,1.5645118951797485,False
Klender,2026-08-15,71.8998039563497,Sedang,71.8998039563497,55.13875298202038,14.441930770874023,54.722534884577215,35.435503075520195,28.165685653686523,68.31732940673828,0.6905752420425415,1.2153081893920898,False
Koang Jaya,2026-08-11,69.61930606676185,Sedang,54.68164277076721,39.150714186521675,8.901579570770263,69.61930606676185,17.64286607503891,28.323246002197266,63.92744064331055,0.013748166151344776,4.054355144500732,True
Koang Jaya,2026-08-12,55.51760093371074,Sedang,55.51760093371074,34.44373263762547,7.0448393185933424,49.71221201949649,19.320119594534237,27.13053321838379,71.16356658935547,0.18225562572479248,4.196614742279053,False
Koang Jaya,2026-08-13,53.297549168268844,Sedang,53.297549168268844,38.522188785748604,7.696153895060221,47.83944341871473,22.56938599050045,26.917428970336914,73.92442321777344,0.06092330813407898,3.78137469291687,False
Koang Jaya,2026-08-14,57.81051325798035,Sedang,57.81051325798035,42.080656763834824,8.511796585718791,56.930595204450086,23.606164008378983,27.04608154296875,75.89056396484375,0.02819669246673584,3.1283035278320312,False
Koang Jaya,2026-08-15,60.12150349824325,Sedang,57.630263010660805,41.238721975913414,9.037624231974284,60.12150349824325,22.57098471124967,27.285043716430664,75.94631958007812,0.23687945306301117,2.7158279418945312,False
Koja,2026-08-11,69.61930606676185,Sedang,54.68164277076721,39.150714186521675,8.901579570770263,69.61930606676185,17.64286607503891,28.323246002197266,63.92744064331055,0.013748166151344776,4.054355144500732,True
Koja,2026-08-12,55.51760093371074,Sedang,55.51760093371074,34.44373263762547,7.0448393185933424,49.71221201949649,19.320119594534237,27.13053321838379,71.16356658935547,0.18225562572479248,4.196614742279053,False
Koja,2026-08-13,53.297549168268844,Sedang,53.297549168268844,38.522188785748604,7.696153895060221,47.83944341871473,22.56938599050045,26.917428970336914,73.92442321777344,0.06092330813407898,3.78137469291687,False
Koja,2026-08-14,57.81051325798035,Sedang,57.81051325798035,42.080656763834824,8.511796585718791,56.930595204450086,23.606164008378983,27.04608154296875,75.89056396484375,0.02819669246673584,3.1283035278320312,False
Koja,2026-08-15,60.12150349824325,Sedang,57.630263010660805,41.238721975913414,9.037624231974284,60.12150349824325,22.57098471124967,27.285043716430664,75.94631958007812,0.23687945306301117,2.7158279418945312,False
Kota Bambu Selatan,2026-08-11,69.61930606676185,Sedang,54.68164277076721,39.150714186521675,8.901579570770263,69.61930606676185,17.64286607503891,28.323246002197266,63.92744064331055,0.013748166151344776,4.054355144500732,True
Kota Bambu Selatan,2026-08-12,55.51760093371074,Sedang,55.51760093371074,34.44373263762547,7.0448393185933424,49.71221201949649,19.320119594534237,27.13053321838379,71.16356658935547,0.18225562572479248,4.196614742279053,False
Kota Bambu Selatan,2026-08-13,53.297549168268844,Sedang,53.297549168268844,38.522188785748604,7.696153895060221,47.83944341871473,22.56938599050045,26.917428970336914,73.92442321777344,0.06092330813407898,3.78137469291687,False
Kota Bambu Selatan,2026-08-14,57.81051325798035,Sedang,57.81051325798035,42.080656763834824,8.511796585718791,56.930595204450086,23.606164008378983,27.04608154296875,75.89056396484375,0.02819669246673584,3.1283035278320312,False
Kota Bambu Selatan,2026-08-15,60.12150349824325,Sedang,57.630263010660805,41.238721975913414,9.037624231974284,60.12150349824325,22.57098471124967,27.285043716430664,75.94631958007812,0.23687945306301117,2.7158279418945312,False
Kota Bambu Utara,2026-08-11,69.61930606676185,Sedang,54.68164277076721,39.150714186521675,8.901579570770263,69.61930606676185,17.64286607503891,28.323246002197266,63.92744064331055,0.013748166151344776,4.054355144500732,True
Kota Bambu Utara,2026-08-12,55.51760093371074,Sedang,55.51760093371074,34.44373263762547,7.0448393185933424,49.71221201949649,19.320119594534237,27.13053321838379,71.16356658935547,0.18225562572479248,4.196614742279053,False
Kota Bambu Utara,2026-08-13,53.297549168268844,Sedang,53.297549168268844,38.522188785748604,7.696153895060221,47.83944341871473,22.56938599050045,26.917428970336914,73.92442321777344,0.06092330813407898,3.78137469291687,False
Kota Bambu Utara,2026-08-14,57.81051325798035,Sedang,57.81051325798035,42.080656763834824,8.511796585718791,56.930595204450086,23.606164008378983,27.04608154296875,75.89056396484375,0.02819669246673584,3.1283035278320312,False
Kota Bambu Utara,2026-08-15,60.12150349824325,Sedang,57.630263010660805,41.238721975913414,9.037624231974284,60.12150349824325,22.57098471124967,27.285043716430664,75.94631958007812,0.23687945306301117,2.7158279418945312,False
Kramat,2026-08-11,69.61930606676185,Sedang,54.68164277076721,39.150714186521675,8.901579570770263,69.61930606676185,17.64286607503891,28.323246002197266,63.92744064331055,0.013748166151344776,4.054355144500732,True
Kramat,2026-08-12,55.51760093371074,Sedang,55.51760093371074,34.44373263762547,7.0448393185933424,49.71221201949649,19.320119594534237,27.13053321838379,71.16356658935547,0.18225562572479248,4.196614742279053,False
Kramat,2026-08-13,53.297549168268844,Sedang,53.297549168268844,38.522188785748604,7.696153895060221,47.83944341871473,22.56938599050045,26.917428970336914,73.92442321777344,0.06092330813407898,3.78137469291687,False
Kramat,2026-08-14,57.81051325798035,Sedang,57.81051325798035,42.080656763834824,8.511796585718791,56.930595204450086,23.606164008378983,27.04608154296875,75.89056396484375,0.02819669246673584,3.1283035278320312,False
Kramat,2026-08-15,60.12150349824325,Sedang,57.630263010660805,41.238721975913414,9.037624231974284,60.12150349824325,22.57098471124967,27.285043716430664,75.94631958007812,0.23687945306301117,2.7158279418945312,False
Kramat Jati,2026-08-11,77.27087933084239,Sedang,63.66243124008179,51.11113581806421,10.565989017486572,77.27087933084239,18.76606084406376,29.69847869873047,53.51408767700195,0.000821426510810852,1.7707951068878174,True
Kramat Jati,2026-08-12,72.44329142570496,Sedang,72.44329142570496,49.460540979336464,15.718972365061441,41.79727289411756,32.18080711861452,27.948091506958008,65.233642578125,0.02689419873058796,1.837357521057129,False
Kramat Jati,2026-08-13,74.90420134862265,Sedang,74.90420134862265,51.64715355883042,19.264214070638022,40.97539517614576,35.34249966343244,27.939382553100586,65.5433349609375,0.004883739165961742,1.7286304235458374,False
Kramat Jati,2026-08-14,76.82530649503073,Sedang,76.82530649503073,53.504787385463715,18.211936124165856,49.348720808823906,36.60350496570269,28.06331443786621,67.26807403564453,0.08363806456327438,1.5645118951797485,False
Kramat Jati,2026-08-15,71.8998039563497,Sedang,71.8998039563497,55.13875298202038,14.441930770874023,54.722534884577215,35.435503075520195,28.165685653686523,68.31732940673828,0.6905752420425415,1.2153081893920898,False
Kramat Pela,2026-08-11,77.27087933084239,Sedang,63.66243124008179,51.11113581806421,10.565989017486572,77.27087933084239,18.76606084406376,29.69847869873047,53.51408767700195,0.000821426510810852,1.7707951068878174,True
Kramat Pela,2026-08-12,72.44329142570496,Sedang,72.44329142570496,49.460540979336464,15.718972365061441,41.79727289411756,32.18080711861452,27.948091506958008,65.233642578125,0.02689419873058796,1.837357521057129,False
Kramat Pela,2026-08-13,74.90420134862265,Sedang,74.90420134862265,51.64715355883042,19.264214070638022,40.97539517614576,35.34249966343244,27.939382553100586,65.5433349609375,0.004883739165961742,1.7286304235458374,False
Kramat Pela,2026-08-14,76.82530649503073,Sedang,76.82530649503073,53.504787385463715,18.211936124165856,49.348720808823906,36.60350496570269,28.06331443786621,67.26807403564453,0.08363806456327438,1.5645118951797485,False
Kramat Pela,2026-08-15,71.8998039563497,Sedang,71.8998039563497,55.13875298202038,14.441930770874023,54.722534884577215,35.435503075520195,28.165685653686523,68.31732940673828,0.6905752420425415,1.2153081893920898,False
Krendang,2026-08-11,69.61930606676185,Sedang,54.68164277076721,39.150714186521675,8.901579570770263,69.61930606676185,17.64286607503891,28.323246002197266,63.92744064331055,0.013748166151344776,4.054355144500732,True
Krendang,2026-08-12,55.51760093371074,Sedang,55.51760093371074,34.44373263762547,7.0448393185933424,49.71221201949649,19.320119594534237,27.13053321838379,71.16356658935547,0.18225562572479248,4.196614742279053,False
Krendang,2026-08-13,53.297549168268844,Sedang,53.297549168268844,38.522188785748604,7.696153895060221,47.83944341871473,22.56938599050045,26.917428970336914,73.92442321777344,0.06092330813407898,3.78137469291687,False
Krendang,2026-08-14,57.81051325798035,Sedang,57.81051325798035,42.080656763834824,8.511796585718791,56.930595204450086,23.606164008378983,27.04608154296875,75.89056396484375,0.02819669246673584,3.1283035278320312,False
Krendang,2026-08-15,60.12150349824325,Sedang,57.630263010660805,41.238721975913414,9.037624231974284,60.12150349824325,22.57098471124967,27.285043716430664,75.94631958007812,0.23687945306301117,2.7158279418945312,False
Kreo,2026-08-11,77.27087933084239,Sedang,63.66243124008179,51.11113581806421,10.565989017486572,77.27087933084239,18.76606084406376,29.69847869873047,53.51408767700195,0.000821426510810852,1.7707951068878174,True
Kreo,2026-08-12,72.44329142570496,Sedang,72.44329142570496,49.460540979336464,15.718972365061441,41.79727289411756,32.18080711861452,27.948091506958008,65.233642578125,0.02689419873058796,1.837357521057129,False
Kreo,2026-08-13,74.90420134862265,Sedang,74.90420134862265,51.64715355883042,19.264214070638022,40.97539517614576,35.34249966343244,27.939382553100586,65.5433349609375,0.004883739165961742,1.7286304235458374,False
Kreo,2026-08-14,76.82530649503073,Sedang,76.82530649503073,53.504787385463715,18.211936124165856,49.348720808823906,36.60350496570269,28.06331443786621,67.26807403564453,0.08363806456327438,1.5645118951797485,False
Kreo,2026-08-15,71.8998039563497,Sedang,71.8998039563497,55.13875298202038,14.441930770874023,54.722534884577215,35.435503075520195,28.165685653686523,68.31732940673828,0.6905752420425415,1.2153081893920898,False
Kreo Selatan,2026-08-11,77.27087933084239,Sedang,63.66243124008179,51.11113581806421,10.565989017486572,77.27087933084239,18.76606084406376,29.69847869873047,53.51408767700195,0.000821426510810852,1.7707951068878174,True
Kreo Selatan,2026-08-12,72.44329142570496,Sedang,72.44329142570496,49.460540979336464,15.718972365061441,41.79727289411756,32.18080711861452,27.948091506958008,65.233642578125,0.02689419873058796,1.837357521057129,False
Kreo Selatan,2026-08-13,74.90420134862265,Sedang,74.90420134862265,51.64715355883042,19.264214070638022,40.97539517614576,35.34249966343244,27.939382553100586,65.5433349609375,0.004883739165961742,1.7286304235458374,False
Kreo Selatan,2026-08-14,76.82530649503073,Sedang,76.82530649503073,53.504787385463715,18.211936124165856,49.348720808823906,36.60350496570269,28.06331443786621,67.26807403564453,0.08363806456327438,1.5645118951797485,False
Kreo Selatan,2026-08-15,71.8998039563497,Sedang,71.8998039563497,55.13875298202038,14.441930770874023,54.722534884577215,35.435503075520195,28.165685653686523,68.31732940673828,0.6905752420425415,1.2153081893920898,False
Krukut,2026-08-11,69.61930606676185,Sedang,54.68164277076721,39.150714186521675,8.901579570770263,69.61930606676185,17.64286607503891,28.323246002197266,63.92744064331055,0.013748166151344776,4.054355144500732,True
Krukut,2026-08-12,55.51760093371074,Sedang,55.51760093371074,34.44373263762547,7.0448393185933424,49.71221201949649,19.320119594534237,27.13053321838379,71.16356658935547,0.18225562572479248,4.196614742279053,False
Krukut,2026-08-13,53.297549168268844,Sedang,53.297549168268844,38.522188785748604,7.696153895060221,47.83944341871473,22.56938599050045,26.917428970336914,73.92442321777344,0.06092330813407898,3.78137469291687,False
Krukut,2026-08-14,57.81051325798035,Sedang,57.81051325798035,42.080656763834824,8.511796585718791,56.930595204450086,23.606164008378983,27.04608154296875,75.89056396484375,0.02819669246673584,3.1283035278320312,False
Krukut,2026-08-15,60.12150349824325,Sedang,57.630263010660805,41.238721975913414,9.037624231974284,60.12150349824325,22.57098471124967,27.285043716430664,75.94631958007812,0.23687945306301117,2.7158279418945312,False
Kunciran,2026-08-11,77.27087933084239,Sedang,63.66243124008179,51.11113581806421,10.565989017486572,77.27087933084239,18.76606084406376,29.69847869873047,53.51408767700195,0.000821426510810852,1.7707951068878174,True
Kunciran,2026-08-12,72.44329142570496,Sedang,72.44329142570496,49.460540979336464,15.718972365061441,41.79727289411756,32.18080711861452,27.948091506958008,65.233642578125,0.02689419873058796,1.837357521057129,False
Kunciran,2026-08-13,74.90420134862265,Sedang,74.90420134862265,51.64715355883042,19.264214070638022,40.97539517614576,35.34249966343244,27.939382553100586,65.5433349609375,0.004883739165961742,1.7286304235458374,False
Kunciran,2026-08-14,76.82530649503073,Sedang,76.82530649503073,53.504787385463715,18.211936124165856,49.348720808823906,36.60350496570269,28.06331443786621,67.26807403564453,0.08363806456327438,1.5645118951797485,False
Kunciran,2026-08-15,71.8998039563497,Sedang,71.8998039563497,55.13875298202038,14.441930770874023,54.722534884577215,35.435503075520195,28.165685653686523,68.31732940673828,0.6905752420425415,1.2153081893920898,False
Kunciran Indah,2026-08-11,77.27087933084239,Sedang,63.66243124008179,51.11113581806421,10.565989017486572,77.27087933084239,18.76606084406376,29.69847869873047,53.51408767700195,0.000821426510810852,1.7707951068878174,True
Kunciran Indah,2026-08-12,72.44329142570496,Sedang,72.44329142570496,49.460540979336464,15.718972365061441,41.79727289411756,32.18080711861452,27.948091506958008,65.233642578125,0.02689419873058796,1.837357521057129,False
Kunciran Indah,2026-08-13,74.90420134862265,Sedang,74.90420134862265,51.64715355883042,19.264214070638022,40.97539517614576,35.34249966343244,27.939382553100586,65.5433349609375,0.004883739165961742,1.7286304235458374,False
Kunciran Indah,2026-08-14,76.82530649503073,Sedang,76.82530649503073,53.504787385463715,18.211936124165856,49.348720808823906,36.60350496570269,28.06331443786621,67.26807403564453,0.08363806456327438,1.5645118951797485,False
Kunciran Indah,2026-08-15,71.8998039563497,Sedang,71.8998039563497,55.13875298202038,14.441930770874023,54.722534884577215,35.435503075520195,28.165685653686523,68.31732940673828,0.6905752420425415,1.2153081893920898,False
Kunciran Jaya,2026-08-11,77.27087933084239,Sedang,63.66243124008179,51.11113581806421,10.565989017486572,77.27087933084239,18.76606084406376,29.69847869873047,53.51408767700195,0.000821426510810852,1.7707951068878174,True
Kunciran Jaya,2026-08-12,72.44329142570496,Sedang,72.44329142570496,49.460540979336464,15.718972365061441,41.79727289411756,32.18080711861452,27.948091506958008,65.233642578125,0.02689419873058796,1.837357521057129,False
Kunciran Jaya,2026-08-13,74.90420134862265,Sedang,74.90420134862265,51.64715355883042,19.264214070638022,40.97539517614576,35.34249966343244,27.939382553100586,65.5433349609375,0.004883739165961742,1.7286304235458374,False
Kunciran Jaya,2026-08-14,76.82530649503073,Sedang,76.82530649503073,53.504787385463715,18.211936124165856,49.348720808823906,36.60350496570269,28.06331443786621,67.26807403564453,0.08363806456327438,1.5645118951797485,False
Kunciran Jaya,2026-08-15,71.8998039563497,Sedang,71.8998039563497,55.13875298202038,14.441930770874023,54.722534884577215,35.435503075520195,28.165685653686523,68.31732940673828,0.6905752420425415,1.2153081893920898,False
Kuningan Barat,2026-08-11,77.27087933084239,Sedang,63.66243124008179,51.11113581806421,10.565989017486572,77.27087933084239,18.76606084406376,29.69847869873047,53.51408767700195,0.000821426510810852,1.7707951068878174,True
Kuningan Barat,2026-08-12,72.44329142570496,Sedang,72.44329142570496,49.460540979336464,15.718972365061441,41.79727289411756,32.18080711861452,27.948091506958008,65.233642578125,0.02689419873058796,1.837357521057129,False
Kuningan Barat,2026-08-13,74.90420134862265,Sedang,74.90420134862265,51.64715355883042,19.264214070638022,40.97539517614576,35.34249966343244,27.939382553100586,65.5433349609375,0.004883739165961742,1.7286304235458374,False
Kuningan Barat,2026-08-14,76.82530649503073,Sedang,76.82530649503073,53.504787385463715,18.211936124165856,49.348720808823906,36.60350496570269,28.06331443786621,67.26807403564453,0.08363806456327438,1.5645118951797485,False
Kuningan Barat,2026-08-15,71.8998039563497,Sedang,71.8998039563497,55.13875298202038,14.441930770874023,54.722534884577215,35.435503075520195,28.165685653686523,68.31732940673828,0.6905752420425415,1.2153081893920898,False
Kuningan Timur,2026-08-11,77.27087933084239,Sedang,63.66243124008179,51.11113581806421,10.565989017486572,77.27087933084239,18.76606084406376,29.69847869873047,53.51408767700195,0.000821426510810852,1.7707951068878174,True
Kuningan Timur,2026-08-12,72.44329142570496,Sedang,72.44329142570496,49.460540979336464,15.718972365061441,41.79727289411756,32.18080711861452,27.948091506958008,65.233642578125,0.02689419873058796,1.837357521057129,False
Kuningan Timur,2026-08-13,74.90420134862265,Sedang,74.90420134862265,51.64715355883042,19.264214070638022,40.97539517614576,35.34249966343244,27.939382553100586,65.5433349609375,0.004883739165961742,1.7286304235458374,False
Kuningan Timur,2026-08-14,76.82530649503073,Sedang,76.82530649503073,53.504787385463715,18.211936124165856,49.348720808823906,36.60350496570269,28.06331443786621,67.26807403564453,0.08363806456327438,1.5645118951797485,False
Kuningan Timur,2026-08-15,71.8998039563497,Sedang,71.8998039563497,55.13875298202038,14.441930770874023,54.722534884577215,35.435503075520195,28.165685653686523,68.31732940673828,0.6905752420425415,1.2153081893920898,False
Kwitang,2026-08-11,69.61930606676185,Sedang,54.68164277076721,39.150714186521675,8.901579570770263,69.61930606676185,17.64286607503891,28.323246002197266,63.92744064331055,0.013748166151344776,4.054355144500732,True
Kwitang,2026-08-12,55.51760093371074,Sedang,55.51760093371074,34.44373263762547,7.0448393185933424,49.71221201949649,19.320119594534237,27.13053321838379,71.16356658935547,0.18225562572479248,4.196614742279053,False
Kwitang,2026-08-13,53.297549168268844,Sedang,53.297549168268844,38.522188785748604,7.696153895060221,47.83944341871473,22.56938599050045,26.917428970336914,73.92442321777344,0.06092330813407898,3.78137469291687,False
Kwitang,2026-08-14,57.81051325798035,Sedang,57.81051325798035,42.080656763834824,8.511796585718791,56.930595204450086,23.606164008378983,27.04608154296875,75.89056396484375,0.02819669246673584,3.1283035278320312,False
Kwitang,2026-08-15,60.12150349824325,Sedang,57.630263010660805,41.238721975913414,9.037624231974284,60.12150349824325,22.57098471124967,27.285043716430664,75.94631958007812,0.23687945306301117,2.7158279418945312,False
Lagoa,2026-08-11,69.61930606676185,Sedang,54.68164277076721,39.150714186521675,8.901579570770263,69.61930606676185,17.64286607503891,28.323246002197266,63.92744064331055,0.013748166151344776,4.054355144500732,True
Lagoa,2026-08-12,55.51760093371074,Sedang,55.51760093371074,34.44373263762547,7.0448393185933424,49.71221201949649,19.320119594534237,27.13053321838379,71.16356658935547,0.18225562572479248,4.196614742279053,False
Lagoa,2026-08-13,53.297549168268844,Sedang,53.297549168268844,38.522188785748604,7.696153895060221,47.83944341871473,22.56938599050045,26.917428970336914,73.92442321777344,0.06092330813407898,3.78137469291687,False
Lagoa,2026-08-14,57.81051325798035,Sedang,57.81051325798035,42.080656763834824,8.511796585718791,56.930595204450086,23.606164008378983,27.04608154296875,75.89056396484375,0.02819669246673584,3.1283035278320312,False
Lagoa,2026-08-15,60.12150349824325,Sedang,57.630263010660805,41.238721975913414,9.037624231974284,60.12150349824325,22.57098471124967,27.285043716430664,75.94631958007812,0.23687945306301117,2.7158279418945312,False
Larangan Indah,2026-08-11,77.27087933084239,Sedang,63.66243124008179,51.11113581806421,10.565989017486572,77.27087933084239,18.76606084406376,29.69847869873047,53.51408767700195,0.000821426510810852,1.7707951068878174,True
Larangan Indah,2026-08-12,72.44329142570496,Sedang,72.44329142570496,49.460540979336464,15.718972365061441,41.79727289411756,32.18080711861452,27.948091506958008,65.233642578125,0.02689419873058796,1.837357521057129,False
Larangan Indah,2026-08-13,74.90420134862265,Sedang,74.90420134862265,51.64715355883042,19.264214070638022,40.97539517614576,35.34249966343244,27.939382553100586,65.5433349609375,0.004883739165961742,1.7286304235458374,False
Larangan Indah,2026-08-14,76.82530649503073,Sedang,76.82530649503073,53.504787385463715,18.211936124165856,49.348720808823906,36.60350496570269,28.06331443786621,67.26807403564453,0.08363806456327438,1.5645118951797485,False
Larangan Indah,2026-08-15,71.8998039563497,Sedang,71.8998039563497,55.13875298202038,14.441930770874023,54.722534884577215,35.435503075520195,28.165685653686523,68.31732940673828,0.6905752420425415,1.2153081893920898,False
Larangan Utara,2026-08-11,77.27087933084239,Sedang,63.66243124008179,51.11113581806421,10.565989017486572,77.27087933084239,18.76606084406376,29.69847869873047,53.51408767700195,0.000821426510810852,1.7707951068878174,True
Larangan Utara,2026-08-12,72.44329142570496,Sedang,72.44329142570496,49.460540979336464,15.718972365061441,41.79727289411756,32.18080711861452,27.948091506958008,65.233642578125,0.02689419873058796,1.837357521057129,False
Larangan Utara,2026-08-13,74.90420134862265,Sedang,74.90420134862265,51.64715355883042,19.264214070638022,40.97539517614576,35.34249966343244,27.939382553100586,65.5433349609375,0.004883739165961742,1.7286304235458374,False
Larangan Utara,2026-08-14,76.82530649503073,Sedang,76.82530649503073,53.504787385463715,18.211936124165856,49.348720808823906,36.60350496570269,28.06331443786621,67.26807403564453,0.08363806456327438,1.5645118951797485,False
Larangan Utara,2026-08-15,71.8998039563497,Sedang,71.8998039563497,55.13875298202038,14.441930770874023,54.722534884577215,35.435503075520195,28.165685653686523,68.31732940673828,0.6905752420425415,1.2153081893920898,False
Lebak Bulus,2026-08-11,77.27087933084239,Sedang,63.66243124008179,51.11113581806421,10.565989017486572,77.27087933084239,18.76606084406376,29.69847869873047,53.51408767700195,0.000821426510810852,1.7707951068878174,True
Lebak Bulus,2026-08-12,72.44329142570496,Sedang,72.44329142570496,49.460540979336464,15.718972365061441,41.79727289411756,32.18080711861452,27.948091506958008,65.233642578125,0.02689419873058796,1.837357521057129,False
Lebak Bulus,2026-08-13,74.90420134862265,Sedang,74.90420134862265,51.64715355883042,19.264214070638022,40.97539517614576,35.34249966343244,27.939382553100586,65.5433349609375,0.004883739165961742,1.7286304235458374,False
Lebak Bulus,2026-08-14,76.82530649503073,Sedang,76.82530649503073,53.504787385463715,18.211936124165856,49.348720808823906,36.60350496570269,28.06331443786621,67.26807403564453,0.08363806456327438,1.5645118951797485,False
Lebak Bulus,2026-08-15,71.8998039563497,Sedang,71.8998039563497,55.13875298202038,14.441930770874023,54.722534884577215,35.435503075520195,28.165685653686523,68.31732940673828,0.6905752420425415,1.2153081893920898,False
Lenteng Agung,2026-08-11,77.27087933084239,Sedang,63.66243124008179,51.11113581806421,10.565989017486572,77.27087933084239,18.76606084406376,29.69847869873047,53.51408767700195,0.000821426510810852,1.7707951068878174,True
Lenteng Agung,2026-08-12,72.44329142570496,Sedang,72.44329142570496,49.460540979336464,15.718972365061441,41.79727289411756,32.18080711861452,27.948091506958008,65.233642578125,0.02689419873058796,1.837357521057129,False
Lenteng Agung,2026-08-13,74.90420134862265,Sedang,74.90420134862265,51.64715355883042,19.264214070638022,40.97539517614576,35.34249966343244,27.939382553100586,65.5433349609375,0.004883739165961742,1.7286304235458374,False
Lenteng Agung,2026-08-14,76.82530649503073,Sedang,76.82530649503073,53.504787385463715,18.211936124165856,49.348720808823906,36.60350496570269,28.06331443786621,67.26807403564453,0.08363806456327438,1.5645118951797485,False
Lenteng Agung,2026-08-15,71.8998039563497,Sedang,71.8998039563497,55.13875298202038,14.441930770874023,54.722534884577215,35.435503075520195,28.165685653686523,68.31732940673828,0.6905752420425415,1.2153081893920898,False
Lubang Buaya,2026-08-11,77.27087933084239,Sedang,63.66243124008179,51.11113581806421,10.565989017486572,77.27087933084239,18.76606084406376,29.69847869873047,53.51408767700195,0.000821426510810852,1.7707951068878174,True
Lubang Buaya,2026-08-12,72.44329142570496,Sedang,72.44329142570496,49.460540979336464,15.718972365061441,41.79727289411756,32.18080711861452,27.948091506958008,65.233642578125,0.02689419873058796,1.837357521057129,False
Lubang Buaya,2026-08-13,74.90420134862265,Sedang,74.90420134862265,51.64715355883042,19.264214070638022,40.97539517614576,35.34249966343244,27.939382553100586,65.5433349609375,0.004883739165961742,1.7286304235458374,False
Lubang Buaya,2026-08-14,76.82530649503073,Sedang,76.82530649503073,53.504787385463715,18.211936124165856,49.348720808823906,36.60350496570269,28.06331443786621,67.26807403564453,0.08363806456327438,1.5645118951797485,False
Lubang Buaya,2026-08-15,71.8998039563497,Sedang,71.8998039563497,55.13875298202038,14.441930770874023,54.722534884577215,35.435503075520195,28.165685653686523,68.31732940673828,0.6905752420425415,1.2153081893920898,False
Makasar,2026-08-11,77.27087933084239,Sedang,63.66243124008179,51.11113581806421,10.565989017486572,77.27087933084239,18.76606084406376,29.69847869873047,53.51408767700195,0.000821426510810852,1.7707951068878174,True
Makasar,2026-08-12,72.44329142570496,Sedang,72.44329142570496,49.460540979336464,15.718972365061441,41.79727289411756,32.18080711861452,27.948091506958008,65.233642578125,0.02689419873058796,1.837357521057129,False
Makasar,2026-08-13,74.90420134862265,Sedang,74.90420134862265,51.64715355883042,19.264214070638022,40.97539517614576,35.34249966343244,27.939382553100586,65.5433349609375,0.004883739165961742,1.7286304235458374,False
Makasar,2026-08-14,76.82530649503073,Sedang,76.82530649503073,53.504787385463715,18.211936124165856,49.348720808823906,36.60350496570269,28.06331443786621,67.26807403564453,0.08363806456327438,1.5645118951797485,False
Makasar,2026-08-15,71.8998039563497,Sedang,71.8998039563497,55.13875298202038,14.441930770874023,54.722534884577215,35.435503075520195,28.165685653686523,68.31732940673828,0.6905752420425415,1.2153081893920898,False
Malaka Jaya,2026-08-11,77.27087933084239,Sedang,63.66243124008179,51.11113581806421,10.565989017486572,77.27087933084239,18.76606084406376,29.69847869873047,53.51408767700195,0.000821426510810852,1.7707951068878174,True
Malaka Jaya,2026-08-12,72.44329142570496,Sedang,72.44329142570496,49.460540979336464,15.718972365061441,41.79727289411756,32.18080711861452,27.948091506958008,65.233642578125,0.02689419873058796,1.837357521057129,False
Malaka Jaya,2026-08-13,74.90420134862265,Sedang,74.90420134862265,51.64715355883042,19.264214070638022,40.97539517614576,35.34249966343244,27.939382553100586,65.5433349609375,0.004883739165961742,1.7286304235458374,False
Malaka Jaya,2026-08-14,76.82530649503073,Sedang,76.82530649503073,53.504787385463715,18.211936124165856,49.348720808823906,36.60350496570269,28.06331443786621,67.26807403564453,0.08363806456327438,1.5645118951797485,False
Malaka Jaya,2026-08-15,71.8998039563497,Sedang,71.8998039563497,55.13875298202038,14.441930770874023,54.722534884577215,35.435503075520195,28.165685653686523,68.31732940673828,0.6905752420425415,1.2153081893920898,False
Malaka Sari,2026-08-11,77.27087933084239,Sedang,63.66243124008179,51.11113581806421,10.565989017486572,77.27087933084239,18.76606084406376,29.69847869873047,53.51408767700195,0.000821426510810852,1.7707951068878174,True
Malaka Sari,2026-08-12,72.44329142570496,Sedang,72.44329142570496,49.460540979336464,15.718972365061441,41.79727289411756,32.18080711861452,27.948091506958008,65.233642578125,0.02689419873058796,1.837357521057129,False
Malaka Sari,2026-08-13,74.90420134862265,Sedang,74.90420134862265,51.64715355883042,19.264214070638022,40.97539517614576,35.34249966343244,27.939382553100586,65.5433349609375,0.004883739165961742,1.7286304235458374,False
Malaka Sari,2026-08-14,76.82530649503073,Sedang,76.82530649503073,53.504787385463715,18.211936124165856,49.348720808823906,36.60350496570269,28.06331443786621,67.26807403564453,0.08363806456327438,1.5645118951797485,False
Malaka Sari,2026-08-15,71.8998039563497,Sedang,71.8998039563497,55.13875298202038,14.441930770874023,54.722534884577215,35.435503075520195,28.165685653686523,68.31732940673828,0.6905752420425415,1.2153081893920898,False
Mampang Prapatan,2026-08-11,77.27087933084239,Sedang,63.66243124008179,51.11113581806421,10.565989017486572,77.27087933084239,18.76606084406376,29.69847869873047,53.51408767700195,0.000821426510810852,1.7707951068878174,True
Mampang Prapatan,2026-08-12,72.44329142570496,Sedang,72.44329142570496,49.460540979336464,15.718972365061441,41.79727289411756,32.18080711861452,27.948091506958008,65.233642578125,0.02689419873058796,1.837357521057129,False
Mampang Prapatan,2026-08-13,74.90420134862265,Sedang,74.90420134862265,51.64715355883042,19.264214070638022,40.97539517614576,35.34249966343244,27.939382553100586,65.5433349609375,0.004883739165961742,1.7286304235458374,False
Mampang Prapatan,2026-08-14,76.82530649503073,Sedang,76.82530649503073,53.504787385463715,18.211936124165856,49.348720808823906,36.60350496570269,28.06331443786621,67.26807403564453,0.08363806456327438,1.5645118951797485,False
Mampang Prapatan,2026-08-15,71.8998039563497,Sedang,71.8998039563497,55.13875298202038,14.441930770874023,54.722534884577215,35.435503075520195,28.165685653686523,68.31732940673828,0.6905752420425415,1.2153081893920898,False
Mangga Besar,2026-08-11,69.61930606676185,Sedang,54.68164277076721,39.150714186521675,8.901579570770263,69.61930606676185,17.64286607503891,28.323246002197266,63.92744064331055,0.013748166151344776,4.054355144500732,True
Mangga Besar,2026-08-12,55.51760093371074,Sedang,55.51760093371074,34.44373263762547,7.0448393185933424,49.71221201949649,19.320119594534237,27.13053321838379,71.16356658935547,0.18225562572479248,4.196614742279053,False
Mangga Besar,2026-08-13,53.297549168268844,Sedang,53.297549168268844,38.522188785748604,7.696153895060221,47.83944341871473,22.56938599050045,26.917428970336914,73.92442321777344,0.06092330813407898,3.78137469291687,False
Mangga Besar,2026-08-14,57.81051325798035,Sedang,57.81051325798035,42.080656763834824,8.511796585718791,56.930595204450086,23.606164008378983,27.04608154296875,75.89056396484375,0.02819669246673584,3.1283035278320312,False
Mangga Besar,2026-08-15,60.12150349824325,Sedang,57.630263010660805,41.238721975913414,9.037624231974284,60.12150349824325,22.57098471124967,27.285043716430664,75.94631958007812,0.23687945306301117,2.7158279418945312,False
Mangga Dua Selatan,2026-08-11,69.61930606676185,Sedang,54.68164277076721,39.150714186521675,8.901579570770263,69.61930606676185,17.64286607503891,28.323246002197266,63.92744064331055,0.013748166151344776,4.054355144500732,True
Mangga Dua Selatan,2026-08-12,55.51760093371074,Sedang,55.51760093371074,34.44373263762547,7.0448393185933424,49.71221201949649,19.320119594534237,27.13053321838379,71.16356658935547,0.18225562572479248,4.196614742279053,False
Mangga Dua Selatan,2026-08-13,53.297549168268844,Sedang,53.297549168268844,38.522188785748604,7.696153895060221,47.83944341871473,22.56938599050045,26.917428970336914,73.92442321777344,0.06092330813407898,3.78137469291687,False
Mangga Dua Selatan,2026-08-14,57.81051325798035,Sedang,57.81051325798035,42.080656763834824,8.511796585718791,56.930595204450086,23.606164008378983,27.04608154296875,75.89056396484375,0.02819669246673584,3.1283035278320312,False
Mangga Dua Selatan,2026-08-15,60.12150349824325,Sedang,57.630263010660805,41.238721975913414,9.037624231974284,60.12150349824325,22.57098471124967,27.285043716430664,75.94631958007812,0.23687945306301117,2.7158279418945312,False
Manggarai,2026-08-11,77.27087933084239,Sedang,63.66243124008179,51.11113581806421,10.565989017486572,77.27087933084239,18.76606084406376,29.69847869873047,53.51408767700195,0.000821426510810852,1.7707951068878174,True
Manggarai,2026-08-12,72.44329142570496,Sedang,72.44329142570496,49.460540979336464,15.718972365061441,41.79727289411756,32.18080711861452,27.948091506958008,65.233642578125,0.02689419873058796,1.837357521057129,False
Manggarai,2026-08-13,74.90420134862265,Sedang,74.90420134862265,51.64715355883042,19.264214070638022,40.97539517614576,35.34249966343244,27.939382553100586,65.5433349609375,0.004883739165961742,1.7286304235458374,False
Manggarai,2026-08-14,76.82530649503073,Sedang,76.82530649503073,53.504787385463715,18.211936124165856,49.348720808823906,36.60350496570269,28.06331443786621,67.26807403564453,0.08363806456327438,1.5645118951797485,False
Manggarai,2026-08-15,71.8998039563497,Sedang,71.8998039563497,55.13875298202038,14.441930770874023,54.722534884577215,35.435503075520195,28.165685653686523,68.31732940673828,0.6905752420425415,1.2153081893920898,False
Manggarai Selatan,2026-08-11,77.27087933084239,Sedang,63.66243124008179,51.11113581806421,10.565989017486572,77.27087933084239,18.76606084406376,29.69847869873047,53.51408767700195,0.000821426510810852,1.7707951068878174,True
Manggarai Selatan,2026-08-12,72.44329142570496,Sedang,72.44329142570496,49.460540979336464,15.718972365061441,41.79727289411756,32.18080711861452,27.948091506958008,65.233642578125,0.02689419873058796,1.837357521057129,False
Manggarai Selatan,2026-08-13,74.90420134862265,Sedang,74.90420134862265,51.64715355883042,19.264214070638022,40.97539517614576,35.34249966343244,27.939382553100586,65.5433349609375,0.004883739165961742,1.7286304235458374,False
Manggarai Selatan,2026-08-14,76.82530649503073,Sedang,76.82530649503073,53.504787385463715,18.211936124165856,49.348720808823906,36.60350496570269,28.06331443786621,67.26807403564453,0.08363806456327438,1.5645118951797485,False
Manggarai Selatan,2026-08-15,71.8998039563497,Sedang,71.8998039563497,55.13875298202038,14.441930770874023,54.722534884577215,35.435503075520195,28.165685653686523,68.31732940673828,0.6905752420425415,1.2153081893920898,False
Manis Jaya,2026-08-11,74.40814225570016,Sedang,62.04842138290405,53.715015947818756,8.020267963409424,74.40814225570016,12.585856840014458,28.77914810180664,62.5135383605957,0.2827306389808655,1.529908537864685,True
Manis Jaya,2026-08-12,80.6316564877828,Sedang,80.6316564877828,43.71858231532268,13.010529232025146,45.33482247756588,20.36535801986853,27.76420783996582,70.55138397216797,0.043343402445316315,1.1820839643478394,False
Manis Jaya,2026-08-13,89.5680406888326,Sedang,89.5680406888326,48.40066860883663,16.988379669189452,46.9242106936872,25.642088651657104,27.458654403686523,72.06690216064453,0.07256481051445007,1.325615644454956,False
Manis Jaya,2026-08-14,89.14602931340535,Sedang,89.14602931340535,49.68993052458153,14.796560192108155,50.30501108238663,23.343221669395767,27.682662963867188,72.36480712890625,0.050885312259197235,1.287695050239563,False
Manis Jaya,2026-08-15,84.67676957448325,Sedang,84.67676957448325,49.948223737569954,13.019147523244223,54.24675861994426,19.50490524371465,27.623071670532227,75.3393325805664,0.7431092262268066,1.1340667009353638,False
Maphar,2026-08-11,69.61930606676185,Sedang,54.68164277076721,39.150714186521675,8.901579570770263,69.61930606676185,17.64286607503891,28.323246002197266,63.92744064331055,0.013748166151344776,4.054355144500732,True
Maphar,2026-08-12,55.51760093371074,Sedang,55.51760093371074,34.44373263762547,7.0448393185933424,49.71221201949649,19.320119594534237,27.13053321838379,71.16356658935547,0.18225562572479248,4.196614742279053,False
Maphar,2026-08-13,53.297549168268844,Sedang,53.297549168268844,38.522188785748604,7.696153895060221,47.83944341871473,22.56938599050045,26.917428970336914,73.92442321777344,0.06092330813407898,3.78137469291687,False
Maphar,2026-08-14,57.81051325798035,Sedang,57.81051325798035,42.080656763834824,8.511796585718791,56.930595204450086,23.606164008378983,27.04608154296875,75.89056396484375,0.02819669246673584,3.1283035278320312,False
Maphar,2026-08-15,60.12150349824325,Sedang,57.630263010660805,41.238721975913414,9.037624231974284,60.12150349824325,22.57098471124967,27.285043716430664,75.94631958007812,0.23687945306301117,2.7158279418945312,False
Margasari,2026-08-11,69.61930606676185,Sedang,54.68164277076721,39.150714186521675,8.901579570770263,69.61930606676185,17.64286607503891,28.323246002197266,63.92744064331055,0.013748166151344776,4.054355144500732,True
Margasari,2026-08-12,55.51760093371074,Sedang,55.51760093371074,34.44373263762547,7.0448393185933424,49.71221201949649,19.320119594534237,27.13053321838379,71.16356658935547,0.18225562572479248,4.196614742279053,False
Margasari,2026-08-13,53.297549168268844,Sedang,53.297549168268844,38.522188785748604,7.696153895060221,47.83944341871473,22.56938599050045,26.917428970336914,73.92442321777344,0.06092330813407898,3.78137469291687,False
Margasari,2026-08-14,57.81051325798035,Sedang,57.81051325798035,42.080656763834824,8.511796585718791,56.930595204450086,23.606164008378983,27.04608154296875,75.89056396484375,0.02819669246673584,3.1283035278320312,False
Margasari,2026-08-15,60.12150349824325,Sedang,57.630263010660805,41.238721975913414,9.037624231974284,60.12150349824325,22.57098471124967,27.285043716430664,75.94631958007812,0.23687945306301117,2.7158279418945312,False
Marunda,2026-08-11,69.61930606676185,Sedang,54.68164277076721,39.150714186521675,8.901579570770263,69.61930606676185,17.64286607503891,28.323246002197266,63.92744064331055,0.013748166151344776,4.054355144500732,True
Marunda,2026-08-12,55.51760093371074,Sedang,55.51760093371074,34.44373263762547,7.0448393185933424,49.71221201949649,19.320119594534237,27.13053321838379,71.16356658935547,0.18225562572479248,4.196614742279053,False
Marunda,2026-08-13,53.297549168268844,Sedang,53.297549168268844,38.522188785748604,7.696153895060221,47.83944341871473,22.56938599050045,26.917428970336914,73.92442321777344,0.06092330813407898,3.78137469291687,False
Marunda,2026-08-14,57.81051325798035,Sedang,57.81051325798035,42.080656763834824,8.511796585718791,56.930595204450086,23.606164008378983,27.04608154296875,75.89056396484375,0.02819669246673584,3.1283035278320312,False
Marunda,2026-08-15,60.12150349824325,Sedang,57.630263010660805,41.238721975913414,9.037624231974284,60.12150349824325,22.57098471124967,27.285043716430664,75.94631958007812,0.23687945306301117,2.7158279418945312,False
Mekarsari,2026-08-11,69.61930606676185,Sedang,54.68164277076721,39.150714186521675,8.901579570770263,69.61930606676185,17.64286607503891,28.323246002197266,63.92744064331055,0.013748166151344776,4.054355144500732,True
Mekarsari,2026-08-12,55.51760093371074,Sedang,55.51760093371074,34.44373263762547,7.0448393185933424,49.71221201949649,19.320119594534237,27.13053321838379,71.16356658935547,0.18225562572479248,4.196614742279053,False
Mekarsari,2026-08-13,53.297549168268844,Sedang,53.297549168268844,38.522188785748604,7.696153895060221,47.83944341871473,22.56938599050045,26.917428970336914,73.92442321777344,0.06092330813407898,3.78137469291687,False
Mekarsari,2026-08-14,57.81051325798035,Sedang,57.81051325798035,42.080656763834824,8.511796585718791,56.930595204450086,23.606164008378983,27.04608154296875,75.89056396484375,0.02819669246673584,3.1283035278320312,False
Mekarsari,2026-08-15,60.12150349824325,Sedang,57.630263010660805,41.238721975913414,9.037624231974284,60.12150349824325,22.57098471124967,27.285043716430664,75.94631958007812,0.23687945306301117,2.7158279418945312,False
Melawai,2026-08-11,77.27087933084239,Sedang,63.66243124008179,51.11113581806421,10.565989017486572,77.27087933084239,18.76606084406376,29.69847869873047,53.51408767700195,0.000821426510810852,1.7707951068878174,True
Melawai,2026-08-12,72.44329142570496,Sedang,72.44329142570496,49.460540979336464,15.718972365061441,41.79727289411756,32.18080711861452,27.948091506958008,65.233642578125,0.02689419873058796,1.837357521057129,False
Melawai,2026-08-13,74.90420134862265,Sedang,74.90420134862265,51.64715355883042,19.264214070638022,40.97539517614576,35.34249966343244,27.939382553100586,65.5433349609375,0.004883739165961742,1.7286304235458374,False
Melawai,2026-08-14,76.82530649503073,Sedang,76.82530649503073,53.504787385463715,18.211936124165856,49.348720808823906,36.60350496570269,28.06331443786621,67.26807403564453,0.08363806456327438,1.5645118951797485,False
Melawai,2026-08-15,71.8998039563497,Sedang,71.8998039563497,55.13875298202038,14.441930770874023,54.722534884577215,35.435503075520195,28.165685653686523,68.31732940673828,0.6905752420425415,1.2153081893920898,False
Menteng,2026-08-11,77.27087933084239,Sedang,63.66243124008179,51.11113581806421,10.565989017486572,77.27087933084239,18.76606084406376,29.69847869873047,53.51408767700195,0.000821426510810852,1.7707951068878174,True
Menteng,2026-08-12,72.44329142570496,Sedang,72.44329142570496,49.460540979336464,15.718972365061441,41.79727289411756,32.18080711861452,27.948091506958008,65.233642578125,0.02689419873058796,1.837357521057129,False
Menteng,2026-08-13,74.90420134862265,Sedang,74.90420134862265,51.64715355883042,19.264214070638022,40.97539517614576,35.34249966343244,27.939382553100586,65.5433349609375,0.004883739165961742,1.7286304235458374,False
Menteng,2026-08-14,76.82530649503073,Sedang,76.82530649503073,53.504787385463715,18.211936124165856,49.348720808823906,36.60350496570269,28.06331443786621,67.26807403564453,0.08363806456327438,1.5645118951797485,False
Menteng,2026-08-15,71.8998039563497,Sedang,71.8998039563497,55.13875298202038,14.441930770874023,54.722534884577215,35.435503075520195,28.165685653686523,68.31732940673828,0.6905752420425415,1.2153081893920898,False
Menteng Atas,2026-08-11,77.27087933084239,Sedang,63.66243124008179,51.11113581806421,10.565989017486572,77.27087933084239,18.76606084406376,29.69847869873047,53.51408767700195,0.000821426510810852,1.7707951068878174,True
Menteng Atas,2026-08-12,72.44329142570496,Sedang,72.44329142570496,49.460540979336464,15.718972365061441,41.79727289411756,32.18080711861452,27.948091506958008,65.233642578125,0.02689419873058796,1.837357521057129,False
Menteng Atas,2026-08-13,74.90420134862265,Sedang,74.90420134862265,51.64715355883042,19.264214070638022,40.97539517614576,35.34249966343244,27.939382553100586,65.5433349609375,0.004883739165961742,1.7286304235458374,False
Menteng Atas,2026-08-14,76.82530649503073,Sedang,76.82530649503073,53.504787385463715,18.211936124165856,49.348720808823906,36.60350496570269,28.06331443786621,67.26807403564453,0.08363806456327438,1.5645118951797485,False
Menteng Atas,2026-08-15,71.8998039563497,Sedang,71.8998039563497,55.13875298202038,14.441930770874023,54.722534884577215,35.435503075520195,28.165685653686523,68.31732940673828,0.6905752420425415,1.2153081893920898,False
Menteng Dalam,2026-08-11,77.27087933084239,Sedang,63.66243124008179,51.11113581806421,10.565989017486572,77.27087933084239,18.76606084406376,29.69847869873047,53.51408767700195,0.000821426510810852,1.7707951068878174,True
Menteng Dalam,2026-08-12,72.44329142570496,Sedang,72.44329142570496,49.460540979336464,15.718972365061441,41.79727289411756,32.18080711861452,27.948091506958008,65.233642578125,0.02689419873058796,1.837357521057129,False
Menteng Dalam,2026-08-13,74.90420134862265,Sedang,74.90420134862265,51.64715355883042,19.264214070638022,40.97539517614576,35.34249966343244,27.939382553100586,65.5433349609375,0.004883739165961742,1.7286304235458374,False
Menteng Dalam,2026-08-14,76.82530649503073,Sedang,76.82530649503073,53.504787385463715,18.211936124165856,49.348720808823906,36.60350496570269,28.06331443786621,67.26807403564453,0.08363806456327438,1.5645118951797485,False
Menteng Dalam,2026-08-15,71.8998039563497,Sedang,71.8998039563497,55.13875298202038,14.441930770874023,54.722534884577215,35.435503075520195,28.165685653686523,68.31732940673828,0.6905752420425415,1.2153081893920898,False
Meruya Selatan,2026-08-11,77.27087933084239,Sedang,63.66243124008179,51.11113581806421,10.565989017486572,77.27087933084239,18.76606084406376,29.69847869873047,53.51408767700195,0.000821426510810852,1.7707951068878174,True
Meruya Selatan,2026-08-12,72.44329142570496,Sedang,72.44329142570496,49.460540979336464,15.718972365061441,41.79727289411756,32.18080711861452,27.948091506958008,65.233642578125,0.02689419873058796,1.837357521057129,False
Meruya Selatan,2026-08-13,74.90420134862265,Sedang,74.90420134862265,51.64715355883042,19.264214070638022,40.97539517614576,35.34249966343244,27.939382553100586,65.5433349609375,0.004883739165961742,1.7286304235458374,False
Meruya Selatan,2026-08-14,76.82530649503073,Sedang,76.82530649503073,53.504787385463715,18.211936124165856,49.348720808823906,36.60350496570269,28.06331443786621,67.26807403564453,0.08363806456327438,1.5645118951797485,False
Meruya Selatan,2026-08-15,71.8998039563497,Sedang,71.8998039563497,55.13875298202038,14.441930770874023,54.722534884577215,35.435503075520195,28.165685653686523,68.31732940673828,0.6905752420425415,1.2153081893920898,False
Meruya Utara,2026-08-11,69.61930606676185,Sedang,54.68164277076721,39.150714186521675,8.901579570770263,69.61930606676185,17.64286607503891,28.323246002197266,63.92744064331055,0.013748166151344776,4.054355144500732,True
Meruya Utara,2026-08-12,55.51760093371074,Sedang,55.51760093371074,34.44373263762547,7.0448393185933424,49.71221201949649,19.320119594534237,27.13053321838379,71.16356658935547,0.18225562572479248,4.196614742279053,False
Meruya Utara,2026-08-13,53.297549168268844,Sedang,53.297549168268844,38.522188785748604,7.696153895060221,47.83944341871473,22.56938599050045,26.917428970336914,73.92442321777344,0.06092330813407898,3.78137469291687,False
Meruya Utara,2026-08-14,57.81051325798035,Sedang,57.81051325798035,42.080656763834824,8.511796585718791,56.930595204450086,23.606164008378983,27.04608154296875,75.89056396484375,0.02819669246673584,3.1283035278320312,False
Meruya Utara,2026-08-15,60.12150349824325,Sedang,57.630263010660805,41.238721975913414,9.037624231974284,60.12150349824325,22.57098471124967,27.285043716430664,75.94631958007812,0.23687945306301117,2.7158279418945312,False
Munjul,2026-08-11,77.27087933084239,Sedang,63.66243124008179,51.11113581806421,10.565989017486572,77.27087933084239,18.76606084406376,29.69847869873047,53.51408767700195,0.000821426510810852,1.7707951068878174,True
Munjul,2026-08-12,72.44329142570496,Sedang,72.44329142570496,49.460540979336464,15.718972365061441,41.79727289411756,32.18080711861452,27.948091506958008,65.233642578125,0.02689419873058796,1.837357521057129,False
Munjul,2026-08-13,74.90420134862265,Sedang,74.90420134862265,51.64715355883042,19.264214070638022,40.97539517614576,35.34249966343244,27.939382553100586,65.5433349609375,0.004883739165961742,1.7286304235458374,False
Munjul,2026-08-14,76.82530649503073,Sedang,76.82530649503073,53.504787385463715,18.211936124165856,49.348720808823906,36.60350496570269,28.06331443786621,67.26807403564453,0.08363806456327438,1.5645118951797485,False
Munjul,2026-08-15,71.8998039563497,Sedang,71.8998039563497,55.13875298202038,14.441930770874023,54.722534884577215,35.435503075520195,28.165685653686523,68.31732940673828,0.6905752420425415,1.2153081893920898,False
Nambo Jaya,2026-08-11,69.61930606676185,Sedang,54.68164277076721,39.150714186521675,8.901579570770263,69.61930606676185,17.64286607503891,28.323246002197266,63.92744064331055,0.013748166151344776,4.054355144500732,True
Nambo Jaya,2026-08-12,55.51760093371074,Sedang,55.51760093371074,34.44373263762547,7.0448393185933424,49.71221201949649,19.320119594534237,27.13053321838379,71.16356658935547,0.18225562572479248,4.196614742279053,False
Nambo Jaya,2026-08-13,53.297549168268844,Sedang,53.297549168268844,38.522188785748604,7.696153895060221,47.83944341871473,22.56938599050045,26.917428970336914,73.92442321777344,0.06092330813407898,3.78137469291687,False
Nambo Jaya,2026-08-14,57.81051325798035,Sedang,57.81051325798035,42.080656763834824,8.511796585718791,56.930595204450086,23.606164008378983,27.04608154296875,75.89056396484375,0.02819669246673584,3.1283035278320312,False
Nambo Jaya,2026-08-15,60.12150349824325,Sedang,57.630263010660805,41.238721975913414,9.037624231974284,60.12150349824325,22.57098471124967,27.285043716430664,75.94631958007812,0.23687945306301117,2.7158279418945312,False
Neglasari,2026-08-11,69.61930606676185,Sedang,54.68164277076721,39.150714186521675,8.901579570770263,69.61930606676185,17.64286607503891,28.323246002197266,63.92744064331055,0.013748166151344776,4.054355144500732,True
Neglasari,2026-08-12,55.51760093371074,Sedang,55.51760093371074,34.44373263762547,7.0448393185933424,49.71221201949649,19.320119594534237,27.13053321838379,71.16356658935547,0.18225562572479248,4.196614742279053,False
Neglasari,2026-08-13,53.297549168268844,Sedang,53.297549168268844,38.522188785748604,7.696153895060221,47.83944341871473,22.56938599050045,26.917428970336914,73.92442321777344,0.06092330813407898,3.78137469291687,False
Neglasari,2026-08-14,57.81051325798035,Sedang,57.81051325798035,42.080656763834824,8.511796585718791,56.930595204450086,23.606164008378983,27.04608154296875,75.89056396484375,0.02819669246673584,3.1283035278320312,False
Neglasari,2026-08-15,60.12150349824325,Sedang,57.630263010660805,41.238721975913414,9.037624231974284,60.12150349824325,22.57098471124967,27.285043716430664,75.94631958007812,0.23687945306301117,2.7158279418945312,False
Nerogtog,2026-08-11,77.27087933084239,Sedang,63.66243124008179,51.11113581806421,10.565989017486572,77.27087933084239,18.76606084406376,29.69847869873047,53.51408767700195,0.000821426510810852,1.7707951068878174,True
Nerogtog,2026-08-12,72.44329142570496,Sedang,72.44329142570496,49.460540979336464,15.718972365061441,41.79727289411756,32.18080711861452,27.948091506958008,65.233642578125,0.02689419873058796,1.837357521057129,False
Nerogtog,2026-08-13,74.90420134862265,Sedang,74.90420134862265,51.64715355883042,19.264214070638022,40.97539517614576,35.34249966343244,27.939382553100586,65.5433349609375,0.004883739165961742,1.7286304235458374,False
Nerogtog,2026-08-14,76.82530649503073,Sedang,76.82530649503073,53.504787385463715,18.211936124165856,49.348720808823906,36.60350496570269,28.06331443786621,67.26807403564453,0.08363806456327438,1.5645118951797485,False
Nerogtog,2026-08-15,71.8998039563497,Sedang,71.8998039563497,55.13875298202038,14.441930770874023,54.722534884577215,35.435503075520195,28.165685653686523,68.31732940673828,0.6905752420425415,1.2153081893920898,False
Nusa Jaya,2026-08-11,77.27087933084239,Sedang,63.66243124008179,51.11113581806421,10.565989017486572,77.27087933084239,18.76606084406376,29.69847869873047,53.51408767700195,0.000821426510810852,1.7707951068878174,True
Nusa Jaya,2026-08-12,72.44329142570496,Sedang,72.44329142570496,49.460540979336464,15.718972365061441,41.79727289411756,32.18080711861452,27.948091506958008,65.233642578125,0.02689419873058796,1.837357521057129,False
Nusa Jaya,2026-08-13,74.90420134862265,Sedang,74.90420134862265,51.64715355883042,19.264214070638022,40.97539517614576,35.34249966343244,27.939382553100586,65.5433349609375,0.004883739165961742,1.7286304235458374,False
Nusa Jaya,2026-08-14,76.82530649503073,Sedang,76.82530649503073,53.504787385463715,18.211936124165856,49.348720808823906,36.60350496570269,28.06331443786621,67.26807403564453,0.08363806456327438,1.5645118951797485,False
Nusa Jaya,2026-08-15,71.8998039563497,Sedang,71.8998039563497,55.13875298202038,14.441930770874023,54.722534884577215,35.435503075520195,28.165685653686523,68.31732940673828,0.6905752420425415,1.2153081893920898,False
Pabuaran,2026-08-11,69.61930606676185,Sedang,54.68164277076721,39.150714186521675,8.901579570770263,69.61930606676185,17.64286607503891,28.323246002197266,63.92744064331055,0.013748166151344776,4.054355144500732,True
Pabuaran,2026-08-12,55.51760093371074,Sedang,55.51760093371074,34.44373263762547,7.0448393185933424,49.71221201949649,19.320119594534237,27.13053321838379,71.16356658935547,0.18225562572479248,4.196614742279053,False
Pabuaran,2026-08-13,53.297549168268844,Sedang,53.297549168268844,38.522188785748604,7.696153895060221,47.83944341871473,22.56938599050045,26.917428970336914,73.92442321777344,0.06092330813407898,3.78137469291687,False
Pabuaran,2026-08-14,57.81051325798035,Sedang,57.81051325798035,42.080656763834824,8.511796585718791,56.930595204450086,23.606164008378983,27.04608154296875,75.89056396484375,0.02819669246673584,3.1283035278320312,False
Pabuaran,2026-08-15,60.12150349824325,Sedang,57.630263010660805,41.238721975913414,9.037624231974284,60.12150349824325,22.57098471124967,27.285043716430664,75.94631958007812,0.23687945306301117,2.7158279418945312,False
Pabuaran Tumpeng,2026-08-11,69.61930606676185,Sedang,54.68164277076721,39.150714186521675,8.901579570770263,69.61930606676185,17.64286607503891,28.323246002197266,63.92744064331055,0.013748166151344776,4.054355144500732,True
Pabuaran Tumpeng,2026-08-12,55.51760093371074,Sedang,55.51760093371074,34.44373263762547,7.0448393185933424,49.71221201949649,19.320119594534237,27.13053321838379,71.16356658935547,0.18225562572479248,4.196614742279053,False
Pabuaran Tumpeng,2026-08-13,53.297549168268844,Sedang,53.297549168268844,38.522188785748604,7.696153895060221,47.83944341871473,22.56938599050045,26.917428970336914,73.92442321777344,0.06092330813407898,3.78137469291687,False
Pabuaran Tumpeng,2026-08-14,57.81051325798035,Sedang,57.81051325798035,42.080656763834824,8.511796585718791,56.930595204450086,23.606164008378983,27.04608154296875,75.89056396484375,0.02819669246673584,3.1283035278320312,False
Pabuaran Tumpeng,2026-08-15,60.12150349824325,Sedang,57.630263010660805,41.238721975913414,9.037624231974284,60.12150349824325,22.57098471124967,27.285043716430664,75.94631958007812,0.23687945306301117,2.7158279418945312,False
Pademangan Barat,2026-08-11,69.61930606676185,Sedang,54.68164277076721,39.150714186521675,8.901579570770263,69.61930606676185,17.64286607503891,28.323246002197266,63.92744064331055,0.013748166151344776,4.054355144500732,True
Pademangan Barat,2026-08-12,55.51760093371074,Sedang,55.51760093371074,34.44373263762547,7.0448393185933424,49.71221201949649,19.320119594534237,27.13053321838379,71.16356658935547,0.18225562572479248,4.196614742279053,False
Pademangan Barat,2026-08-13,53.297549168268844,Sedang,53.297549168268844,38.522188785748604,7.696153895060221,47.83944341871473,22.56938599050045,26.917428970336914,73.92442321777344,0.06092330813407898,3.78137469291687,False
Pademangan Barat,2026-08-14,57.81051325798035,Sedang,57.81051325798035,42.080656763834824,8.511796585718791,56.930595204450086,23.606164008378983,27.04608154296875,75.89056396484375,0.02819669246673584,3.1283035278320312,False
Pademangan Barat,2026-08-15,60.12150349824325,Sedang,57.630263010660805,41.238721975913414,9.037624231974284,60.12150349824325,22.57098471124967,27.285043716430664,75.94631958007812,0.23687945306301117,2.7158279418945312,False
Pademangan Timur,2026-08-11,69.61930606676185,Sedang,54.68164277076721,39.150714186521675,8.901579570770263,69.61930606676185,17.64286607503891,28.323246002197266,63.92744064331055,0.013748166151344776,4.054355144500732,True
Pademangan Timur,2026-08-12,55.51760093371074,Sedang,55.51760093371074,34.44373263762547,7.0448393185933424,49.71221201949649,19.320119594534237,27.13053321838379,71.16356658935547,0.18225562572479248,4.196614742279053,False
Pademangan Timur,2026-08-13,53.297549168268844,Sedang,53.297549168268844,38.522188785748604,7.696153895060221,47.83944341871473,22.56938599050045,26.917428970336914,73.92442321777344,0.06092330813407898,3.78137469291687,False
Pademangan Timur,2026-08-14,57.81051325798035,Sedang,57.81051325798035,42.080656763834824,8.511796585718791,56.930595204450086,23.606164008378983,27.04608154296875,75.89056396484375,0.02819669246673584,3.1283035278320312,False
Pademangan Timur,2026-08-15,60.12150349824325,Sedang,57.630263010660805,41.238721975913414,9.037624231974284,60.12150349824325,22.57098471124967,27.285043716430664,75.94631958007812,0.23687945306301117,2.7158279418945312,False
Pajang,2026-08-11,69.61930606676185,Sedang,54.68164277076721,39.150714186521675,8.901579570770263,69.61930606676185,17.64286607503891,28.323246002197266,63.92744064331055,0.013748166151344776,4.054355144500732,True
Pajang,2026-08-12,55.51760093371074,Sedang,55.51760093371074,34.44373263762547,7.0448393185933424,49.71221201949649,19.320119594534237,27.13053321838379,71.16356658935547,0.18225562572479248,4.196614742279053,False
Pajang,2026-08-13,53.297549168268844,Sedang,53.297549168268844,38.522188785748604,7.696153895060221,47.83944341871473,22.56938599050045,26.917428970336914,73.92442321777344,0.06092330813407898,3.78137469291687,False
Pajang,2026-08-14,57.81051325798035,Sedang,57.81051325798035,42.080656763834824,8.511796585718791,56.930595204450086,23.606164008378983,27.04608154296875,75.89056396484375,0.02819669246673584,3.1283035278320312,False
Pajang,2026-08-15,60.12150349824325,Sedang,57.630263010660805,41.238721975913414,9.037624231974284,60.12150349824325,22.57098471124967,27.285043716430664,75.94631958007812,0.23687945306301117,2.7158279418945312,False
Palmerah,2026-08-11,77.27087933084239,Sedang,63.66243124008179,51.11113581806421,10.565989017486572,77.27087933084239,18.76606084406376,29.69847869873047,53.51408767700195,0.000821426510810852,1.7707951068878174,True
Palmerah,2026-08-12,72.44329142570496,Sedang,72.44329142570496,49.460540979336464,15.718972365061441,41.79727289411756,32.18080711861452,27.948091506958008,65.233642578125,0.02689419873058796,1.837357521057129,False
Palmerah,2026-08-13,74.90420134862265,Sedang,74.90420134862265,51.64715355883042,19.264214070638022,40.97539517614576,35.34249966343244,27.939382553100586,65.5433349609375,0.004883739165961742,1.7286304235458374,False
Palmerah,2026-08-14,76.82530649503073,Sedang,76.82530649503073,53.504787385463715,18.211936124165856,49.348720808823906,36.60350496570269,28.06331443786621,67.26807403564453,0.08363806456327438,1.5645118951797485,False
Palmerah,2026-08-15,71.8998039563497,Sedang,71.8998039563497,55.13875298202038,14.441930770874023,54.722534884577215,35.435503075520195,28.165685653686523,68.31732940673828,0.6905752420425415,1.2153081893920898,False
Palmeriam,2026-08-11,77.27087933084239,Sedang,63.66243124008179,51.11113581806421,10.565989017486572,77.27087933084239,18.76606084406376,29.69847869873047,53.51408767700195,0.000821426510810852,1.7707951068878174,True
Palmeriam,2026-08-12,72.44329142570496,Sedang,72.44329142570496,49.460540979336464,15.718972365061441,41.79727289411756,32.18080711861452,27.948091506958008,65.233642578125,0.02689419873058796,1.837357521057129,False
Palmeriam,2026-08-13,74.90420134862265,Sedang,74.90420134862265,51.64715355883042,19.264214070638022,40.97539517614576,35.34249966343244,27.939382553100586,65.5433349609375,0.004883739165961742,1.7286304235458374,False
Palmeriam,2026-08-14,76.82530649503073,Sedang,76.82530649503073,53.504787385463715,18.211936124165856,49.348720808823906,36.60350496570269,28.06331443786621,67.26807403564453,0.08363806456327438,1.5645118951797485,False
Palmeriam,2026-08-15,71.8998039563497,Sedang,71.8998039563497,55.13875298202038,14.441930770874023,54.722534884577215,35.435503075520195,28.165685653686523,68.31732940673828,0.6905752420425415,1.2153081893920898,False
Pancoran,2026-08-11,77.27087933084239,Sedang,63.66243124008179,51.11113581806421,10.565989017486572,77.27087933084239,18.76606084406376,29.69847869873047,53.51408767700195,0.000821426510810852,1.7707951068878174,True
Pancoran,2026-08-12,72.44329142570496,Sedang,72.44329142570496,49.460540979336464,15.718972365061441,41.79727289411756,32.18080711861452,27.948091506958008,65.233642578125,0.02689419873058796,1.837357521057129,False
Pancoran,2026-08-13,74.90420134862265,Sedang,74.90420134862265,51.64715355883042,19.264214070638022,40.97539517614576,35.34249966343244,27.939382553100586,65.5433349609375,0.004883739165961742,1.7286304235458374,False
Pancoran,2026-08-14,76.82530649503073,Sedang,76.82530649503073,53.504787385463715,18.211936124165856,49.348720808823906,36.60350496570269,28.06331443786621,67.26807403564453,0.08363806456327438,1.5645118951797485,False
Pancoran,2026-08-15,71.8998039563497,Sedang,71.8998039563497,55.13875298202038,14.441930770874023,54.722534884577215,35.435503075520195,28.165685653686523,68.31732940673828,0.6905752420425415,1.2153081893920898,False
Paninggilan,2026-08-11,77.27087933084239,Sedang,63.66243124008179,51.11113581806421,10.565989017486572,77.27087933084239,18.76606084406376,29.69847869873047,53.51408767700195,0.000821426510810852,1.7707951068878174,True
Paninggilan,2026-08-12,72.44329142570496,Sedang,72.44329142570496,49.460540979336464,15.718972365061441,41.79727289411756,32.18080711861452,27.948091506958008,65.233642578125,0.02689419873058796,1.837357521057129,False
Paninggilan,2026-08-13,74.90420134862265,Sedang,74.90420134862265,51.64715355883042,19.264214070638022,40.97539517614576,35.34249966343244,27.939382553100586,65.5433349609375,0.004883739165961742,1.7286304235458374,False
Paninggilan,2026-08-14,76.82530649503073,Sedang,76.82530649503073,53.504787385463715,18.211936124165856,49.348720808823906,36.60350496570269,28.06331443786621,67.26807403564453,0.08363806456327438,1.5645118951797485,False
Paninggilan,2026-08-15,71.8998039563497,Sedang,71.8998039563497,55.13875298202038,14.441930770874023,54.722534884577215,35.435503075520195,28.165685653686523,68.31732940673828,0.6905752420425415,1.2153081893920898,False
Paninggilan Utara,2026-08-11,77.27087933084239,Sedang,63.66243124008179,51.11113581806421,10.565989017486572,77.27087933084239,18.76606084406376,29.69847869873047,53.51408767700195,0.000821426510810852,1.7707951068878174,True
Paninggilan Utara,2026-08-12,72.44329142570496,Sedang,72.44329142570496,49.460540979336464,15.718972365061441,41.79727289411756,32.18080711861452,27.948091506958008,65.233642578125,0.02689419873058796,1.837357521057129,False
Paninggilan Utara,2026-08-13,74.90420134862265,Sedang,74.90420134862265,51.64715355883042,19.264214070638022,40.97539517614576,35.34249966343244,27.939382553100586,65.5433349609375,0.004883739165961742,1.7286304235458374,False
Paninggilan Utara,2026-08-14,76.82530649503073,Sedang,76.82530649503073,53.504787385463715,18.211936124165856,49.348720808823906,36.60350496570269,28.06331443786621,67.26807403564453,0.08363806456327438,1.5645118951797485,False
Paninggilan Utara,2026-08-15,71.8998039563497,Sedang,71.8998039563497,55.13875298202038,14.441930770874023,54.722534884577215,35.435503075520195,28.165685653686523,68.31732940673828,0.6905752420425415,1.2153081893920898,False
Panunggangan,2026-08-11,77.27087933084239,Sedang,63.66243124008179,51.11113581806421,10.565989017486572,77.27087933084239,18.76606084406376,29.69847869873047,53.51408767700195,0.000821426510810852,1.7707951068878174,True
Panunggangan,2026-08-12,72.44329142570496,Sedang,72.44329142570496,49.460540979336464,15.718972365061441,41.79727289411756,32.18080711861452,27.948091506958008,65.233642578125,0.02689419873058796,1.837357521057129,False
Panunggangan,2026-08-13,74.90420134862265,Sedang,74.90420134862265,51.64715355883042,19.264214070638022,40.97539517614576,35.34249966343244,27.939382553100586,65.5433349609375,0.004883739165961742,1.7286304235458374,False
Panunggangan,2026-08-14,76.82530649503073,Sedang,76.82530649503073,53.504787385463715,18.211936124165856,49.348720808823906,36.60350496570269,28.06331443786621,67.26807403564453,0.08363806456327438,1.5645118951797485,False
Panunggangan,2026-08-15,71.8998039563497,Sedang,71.8998039563497,55.13875298202038,14.441930770874023,54.722534884577215,35.435503075520195,28.165685653686523,68.31732940673828,0.6905752420425415,1.2153081893920898,False
Panunggangan Barat,2026-08-11,77.27087933084239,Sedang,63.66243124008179,51.11113581806421,10.565989017486572,77.27087933084239,18.76606084406376,29.69847869873047,53.51408767700195,0.000821426510810852,1.7707951068878174,True
Panunggangan Barat,2026-08-12,72.44329142570496,Sedang,72.44329142570496,49.460540979336464,15.718972365061441,41.79727289411756,32.18080711861452,27.948091506958008,65.233642578125,0.02689419873058796,1.837357521057129,False
Panunggangan Barat,2026-08-13,74.90420134862265,Sedang,74.90420134862265,51.64715355883042,19.264214070638022,40.97539517614576,35.34249966343244,27.939382553100586,65.5433349609375,0.004883739165961742,1.7286304235458374,False
Panunggangan Barat,2026-08-14,76.82530649503073,Sedang,76.82530649503073,53.504787385463715,18.211936124165856,49.348720808823906,36.60350496570269,28.06331443786621,67.26807403564453,0.08363806456327438,1.5645118951797485,False
Panunggangan Barat,2026-08-15,71.8998039563497,Sedang,71.8998039563497,55.13875298202038,14.441930770874023,54.722534884577215,35.435503075520195,28.165685653686523,68.31732940673828,0.6905752420425415,1.2153081893920898,False
Panunggangan Timur,2026-08-11,77.27087933084239,Sedang,63.66243124008179,51.11113581806421,10.565989017486572,77.27087933084239,18.76606084406376,29.69847869873047,53.51408767700195,0.000821426510810852,1.7707951068878174,True
Panunggangan Timur,2026-08-12,72.44329142570496,Sedang,72.44329142570496,49.460540979336464,15.718972365061441,41.79727289411756,32.18080711861452,27.948091506958008,65.233642578125,0.02689419873058796,1.837357521057129,False
Panunggangan Timur,2026-08-13,74.90420134862265,Sedang,74.90420134862265,51.64715355883042,19.264214070638022,40.97539517614576,35.34249966343244,27.939382553100586,65.5433349609375,0.004883739165961742,1.7286304235458374,False
Panunggangan Timur,2026-08-14,76.82530649503073,Sedang,76.82530649503073,53.504787385463715,18.211936124165856,49.348720808823906,36.60350496570269,28.06331443786621,67.26807403564453,0.08363806456327438,1.5645118951797485,False
Panunggangan Timur,2026-08-15,71.8998039563497,Sedang,71.8998039563497,55.13875298202038,14.441930770874023,54.722534884577215,35.435503075520195,28.165685653686523,68.31732940673828,0.6905752420425415,1.2153081893920898,False
Panunggangan Utara,2026-08-11,77.27087933084239,Sedang,63.66243124008179,51.11113581806421,10.565989017486572,77.27087933084239,18.76606084406376,29.69847869873047,53.51408767700195,0.000821426510810852,1.7707951068878174,True
Panunggangan Utara,2026-08-12,72.44329142570496,Sedang,72.44329142570496,49.460540979336464,15.718972365061441,41.79727289411756,32.18080711861452,27.948091506958008,65.233642578125,0.02689419873058796,1.837357521057129,False
Panunggangan Utara,2026-08-13,74.90420134862265,Sedang,74.90420134862265,51.64715355883042,19.264214070638022,40.97539517614576,35.34249966343244,27.939382553100586,65.5433349609375,0.004883739165961742,1.7286304235458374,False
Panunggangan Utara,2026-08-14,76.82530649503073,Sedang,76.82530649503073,53.504787385463715,18.211936124165856,49.348720808823906,36.60350496570269,28.06331443786621,67.26807403564453,0.08363806456327438,1.5645118951797485,False
Panunggangan Utara,2026-08-15,71.8998039563497,Sedang,71.8998039563497,55.13875298202038,14.441930770874023,54.722534884577215,35.435503075520195,28.165685653686523,68.31732940673828,0.6905752420425415,1.2153081893920898,False
Papanggo,2026-08-11,69.61930606676185,Sedang,54.68164277076721,39.150714186521675,8.901579570770263,69.61930606676185,17.64286607503891,28.323246002197266,63.92744064331055,0.013748166151344776,4.054355144500732,True
Papanggo,2026-08-12,55.51760093371074,Sedang,55.51760093371074,34.44373263762547,7.0448393185933424,49.71221201949649,19.320119594534237,27.13053321838379,71.16356658935547,0.18225562572479248,4.196614742279053,False
Papanggo,2026-08-13,53.297549168268844,Sedang,53.297549168268844,38.522188785748604,7.696153895060221,47.83944341871473,22.56938599050045,26.917428970336914,73.92442321777344,0.06092330813407898,3.78137469291687,False
Papanggo,2026-08-14,57.81051325798035,Sedang,57.81051325798035,42.080656763834824,8.511796585718791,56.930595204450086,23.606164008378983,27.04608154296875,75.89056396484375,0.02819669246673584,3.1283035278320312,False
Papanggo,2026-08-15,60.12150349824325,Sedang,57.630263010660805,41.238721975913414,9.037624231974284,60.12150349824325,22.57098471124967,27.285043716430664,75.94631958007812,0.23687945306301117,2.7158279418945312,False
Parung Jaya,2026-08-11,69.61930606676185,Sedang,54.68164277076721,39.150714186521675,8.901579570770263,69.61930606676185,17.64286607503891,28.323246002197266,63.92744064331055,0.013748166151344776,4.054355144500732,True
Parung Jaya,2026-08-12,55.51760093371074,Sedang,55.51760093371074,34.44373263762547,7.0448393185933424,49.71221201949649,19.320119594534237,27.13053321838379,71.16356658935547,0.18225562572479248,4.196614742279053,False
Parung Jaya,2026-08-13,53.297549168268844,Sedang,53.297549168268844,38.522188785748604,7.696153895060221,47.83944341871473,22.56938599050045,26.917428970336914,73.92442321777344,0.06092330813407898,3.78137469291687,False
Parung Jaya,2026-08-14,57.81051325798035,Sedang,57.81051325798035,42.080656763834824,8.511796585718791,56.930595204450086,23.606164008378983,27.04608154296875,75.89056396484375,0.02819669246673584,3.1283035278320312,False
Parung Jaya,2026-08-15,60.12150349824325,Sedang,57.630263010660805,41.238721975913414,9.037624231974284,60.12150349824325,22.57098471124967,27.285043716430664,75.94631958007812,0.23687945306301117,2.7158279418945312,False
Parung Serab,2026-08-11,77.27087933084239,Sedang,63.66243124008179,51.11113581806421,10.565989017486572,77.27087933084239,18.76606084406376,29.69847869873047,53.51408767700195,0.000821426510810852,1.7707951068878174,True
Parung Serab,2026-08-12,72.44329142570496,Sedang,72.44329142570496,49.460540979336464,15.718972365061441,41.79727289411756,32.18080711861452,27.948091506958008,65.233642578125,0.02689419873058796,1.837357521057129,False
Parung Serab,2026-08-13,74.90420134862265,Sedang,74.90420134862265,51.64715355883042,19.264214070638022,40.97539517614576,35.34249966343244,27.939382553100586,65.5433349609375,0.004883739165961742,1.7286304235458374,False
Parung Serab,2026-08-14,76.82530649503073,Sedang,76.82530649503073,53.504787385463715,18.211936124165856,49.348720808823906,36.60350496570269,28.06331443786621,67.26807403564453,0.08363806456327438,1.5645118951797485,False
Parung Serab,2026-08-15,71.8998039563497,Sedang,71.8998039563497,55.13875298202038,14.441930770874023,54.722534884577215,35.435503075520195,28.165685653686523,68.31732940673828,0.6905752420425415,1.2153081893920898,False
Pasar Baru Jakarta,2026-08-11,69.61930606676185,Sedang,54.68164277076721,39.150714186521675,8.901579570770263,69.61930606676185,17.64286607503891,28.323246002197266,63.92744064331055,0.013748166151344776,4.054355144500732,True
Pasar Baru Jakarta,2026-08-12,55.51760093371074,Sedang,55.51760093371074,34.44373263762547,7.0448393185933424,49.71221201949649,19.320119594534237,27.13053321838379,71.16356658935547,0.18225562572479248,4.196614742279053,False
Pasar Baru Jakarta,2026-08-13,53.297549168268844,Sedang,53.297549168268844,38.522188785748604,7.696153895060221,47.83944341871473,22.56938599050045,26.917428970336914,73.92442321777344,0.06092330813407898,3.78137469291687,False
Pasar Baru Jakarta,2026-08-14,57.81051325798035,Sedang,57.81051325798035,42.080656763834824,8.511796585718791,56.930595204450086,23.606164008378983,27.04608154296875,75.89056396484375,0.02819669246673584,3.1283035278320312,False
Pasar Baru Jakarta,2026-08-15,60.12150349824325,Sedang,57.630263010660805,41.238721975913414,9.037624231974284,60.12150349824325,22.57098471124967,27.285043716430664,75.94631958007812,0.23687945306301117,2.7158279418945312,False
Pasar Baru Tangerang,2026-08-11,69.61930606676185,Sedang,54.68164277076721,39.150714186521675,8.901579570770263,69.61930606676185,17.64286607503891,28.323246002197266,63.92744064331055,0.013748166151344776,4.054355144500732,True
Pasar Baru Tangerang,2026-08-12,55.51760093371074,Sedang,55.51760093371074,34.44373263762547,7.0448393185933424,49.71221201949649,19.320119594534237,27.13053321838379,71.16356658935547,0.18225562572479248,4.196614742279053,False
Pasar Baru Tangerang,2026-08-13,53.297549168268844,Sedang,53.297549168268844,38.522188785748604,7.696153895060221,47.83944341871473,22.56938599050045,26.917428970336914,73.92442321777344,0.06092330813407898,3.78137469291687,False
Pasar Baru Tangerang,2026-08-14,57.81051325798035,Sedang,57.81051325798035,42.080656763834824,8.511796585718791,56.930595204450086,23.606164008378983,27.04608154296875,75.89056396484375,0.02819669246673584,3.1283035278320312,False
Pasar Baru Tangerang,2026-08-15,60.12150349824325,Sedang,57.630263010660805,41.238721975913414,9.037624231974284,60.12150349824325,22.57098471124967,27.285043716430664,75.94631958007812,0.23687945306301117,2.7158279418945312,False
Pasar Manggis,2026-08-11,77.27087933084239,Sedang,63.66243124008179,51.11113581806421,10.565989017486572,77.27087933084239,18.76606084406376,29.69847869873047,53.51408767700195,0.000821426510810852,1.7707951068878174,True
Pasar Manggis,2026-08-12,72.44329142570496,Sedang,72.44329142570496,49.460540979336464,15.718972365061441,41.79727289411756,32.18080711861452,27.948091506958008,65.233642578125,0.02689419873058796,1.837357521057129,False
Pasar Manggis,2026-08-13,74.90420134862265,Sedang,74.90420134862265,51.64715355883042,19.264214070638022,40.97539517614576,35.34249966343244,27.939382553100586,65.5433349609375,0.004883739165961742,1.7286304235458374,False
Pasar Manggis,2026-08-14,76.82530649503073,Sedang,76.82530649503073,53.504787385463715,18.211936124165856,49.348720808823906,36.60350496570269,28.06331443786621,67.26807403564453,0.08363806456327438,1.5645118951797485,False
Pasar Manggis,2026-08-15,71.8998039563497,Sedang,71.8998039563497,55.13875298202038,14.441930770874023,54.722534884577215,35.435503075520195,28.165685653686523,68.31732940673828,0.6905752420425415,1.2153081893920898,False
Pasar Minggu,2026-08-11,77.27087933084239,Sedang,63.66243124008179,51.11113581806421,10.565989017486572,77.27087933084239,18.76606084406376,29.69847869873047,53.51408767700195,0.000821426510810852,1.7707951068878174,True
Pasar Minggu,2026-08-12,72.44329142570496,Sedang,72.44329142570496,49.460540979336464,15.718972365061441,41.79727289411756,32.18080711861452,27.948091506958008,65.233642578125,0.02689419873058796,1.837357521057129,False
Pasar Minggu,2026-08-13,74.90420134862265,Sedang,74.90420134862265,51.64715355883042,19.264214070638022,40.97539517614576,35.34249966343244,27.939382553100586,65.5433349609375,0.004883739165961742,1.7286304235458374,False
Pasar Minggu,2026-08-14,76.82530649503073,Sedang,76.82530649503073,53.504787385463715,18.211936124165856,49.348720808823906,36.60350496570269,28.06331443786621,67.26807403564453,0.08363806456327438,1.5645118951797485,False
Pasar Minggu,2026-08-15,71.8998039563497,Sedang,71.8998039563497,55.13875298202038,14.441930770874023,54.722534884577215,35.435503075520195,28.165685653686523,68.31732940673828,0.6905752420425415,1.2153081893920898,False
Paseban,2026-08-11,69.61930606676185,Sedang,54.68164277076721,39.150714186521675,8.901579570770263,69.61930606676185,17.64286607503891,28.323246002197266,63.92744064331055,0.013748166151344776,4.054355144500732,True
Paseban,2026-08-12,55.51760093371074,Sedang,55.51760093371074,34.44373263762547,7.0448393185933424,49.71221201949649,19.320119594534237,27.13053321838379,71.16356658935547,0.18225562572479248,4.196614742279053,False
Paseban,2026-08-13,53.297549168268844,Sedang,53.297549168268844,38.522188785748604,7.696153895060221,47.83944341871473,22.56938599050045,26.917428970336914,73.92442321777344,0.06092330813407898,3.78137469291687,False
Paseban,2026-08-14,57.81051325798035,Sedang,57.81051325798035,42.080656763834824,8.511796585718791,56.930595204450086,23.606164008378983,27.04608154296875,75.89056396484375,0.02819669246673584,3.1283035278320312,False
Paseban,2026-08-15,60.12150349824325,Sedang,57.630263010660805,41.238721975913414,9.037624231974284,60.12150349824325,22.57098471124967,27.285043716430664,75.94631958007812,0.23687945306301117,2.7158279418945312,False
Pasir Jaya,2026-08-11,68.98759261421534,Sedang,56.10755372047424,53.36524713784456,7.41221022605896,68.98759261421534,16.348594203591347,27.90591049194336,68.53587341308594,0.3237781524658203,3.1219429969787598,True
Pasir Jaya,2026-08-12,66.98441497484842,Sedang,66.98441497484842,43.32534517997351,7.855143022537232,49.24069788720873,16.903809905052185,27.11531639099121,72.59671020507812,0.1665925532579422,3.4097652435302734,False
Pasir Jaya,2026-08-13,67.89016254742941,Sedang,67.89016254742941,47.021704682937035,8.598527399698895,47.57301138506996,19.70889928440253,26.850255966186523,74.57172393798828,0.03733846917748451,3.0433502197265625,False
Pasir Jaya,2026-08-14,70.48791797955832,Sedang,70.48791797955832,46.668350772979935,8.819194825490314,55.171888185584024,19.362924272815388,27.000463485717773,75.35112762451172,0.07174699753522873,2.615520715713501,False
Pasir Jaya,2026-08-15,68.57522900899252,Sedang,68.57522900899252,46.23406147345519,7.676053794225057,60.93279327171436,15.459764475623768,27.074630737304688,77.34497833251953,0.4183608293533325,2.116962194442749,False
Pedurenan,2026-08-11,77.27087933084239,Sedang,63.66243124008179,51.11113581806421,10.565989017486572,77.27087933084239,18.76606084406376,29.69847869873047,53.51408767700195,0.000821426510810852,1.7707951068878174,True
Pedurenan,2026-08-12,72.44329142570496,Sedang,72.44329142570496,49.460540979336464,15.718972365061441,41.79727289411756,32.18080711861452,27.948091506958008,65.233642578125,0.02689419873058796,1.837357521057129,False
Pedurenan,2026-08-13,74.90420134862265,Sedang,74.90420134862265,51.64715355883042,19.264214070638022,40.97539517614576,35.34249966343244,27.939382553100586,65.5433349609375,0.004883739165961742,1.7286304235458374,False
Pedurenan,2026-08-14,76.82530649503073,Sedang,76.82530649503073,53.504787385463715,18.211936124165856,49.348720808823906,36.60350496570269,28.06331443786621,67.26807403564453,0.08363806456327438,1.5645118951797485,False
Pedurenan,2026-08-15,71.8998039563497,Sedang,71.8998039563497,55.13875298202038,14.441930770874023,54.722534884577215,35.435503075520195,28.165685653686523,68.31732940673828,0.6905752420425415,1.2153081893920898,False
Pegadungan,2026-08-11,69.61930606676185,Sedang,54.68164277076721,39.150714186521675,8.901579570770263,69.61930606676185,17.64286607503891,28.323246002197266,63.92744064331055,0.013748166151344776,4.054355144500732,True
Pegadungan,2026-08-12,55.51760093371074,Sedang,55.51760093371074,34.44373263762547,7.0448393185933424,49.71221201949649,19.320119594534237,27.13053321838379,71.16356658935547,0.18225562572479248,4.196614742279053,False
Pegadungan,2026-08-13,53.297549168268844,Sedang,53.297549168268844,38.522188785748604,7.696153895060221,47.83944341871473,22.56938599050045,26.917428970336914,73.92442321777344,0.06092330813407898,3.78137469291687,False
Pegadungan,2026-08-14,57.81051325798035,Sedang,57.81051325798035,42.080656763834824,8.511796585718791,56.930595204450086,23.606164008378983,27.04608154296875,75.89056396484375,0.02819669246673584,3.1283035278320312,False
Pegadungan,2026-08-15,60.12150349824325,Sedang,57.630263010660805,41.238721975913414,9.037624231974284,60.12150349824325,22.57098471124967,27.285043716430664,75.94631958007812,0.23687945306301117,2.7158279418945312,False
Pegangsaan,2026-08-11,77.27087933084239,Sedang,63.66243124008179,51.11113581806421,10.565989017486572,77.27087933084239,18.76606084406376,29.69847869873047,53.51408767700195,0.000821426510810852,1.7707951068878174,True
Pegangsaan,2026-08-12,72.44329142570496,Sedang,72.44329142570496,49.460540979336464,15.718972365061441,41.79727289411756,32.18080711861452,27.948091506958008,65.233642578125,0.02689419873058796,1.837357521057129,False
Pegangsaan,2026-08-13,74.90420134862265,Sedang,74.90420134862265,51.64715355883042,19.264214070638022,40.97539517614576,35.34249966343244,27.939382553100586,65.5433349609375,0.004883739165961742,1.7286304235458374,False
Pegangsaan,2026-08-14,76.82530649503073,Sedang,76.82530649503073,53.504787385463715,18.211936124165856,49.348720808823906,36.60350496570269,28.06331443786621,67.26807403564453,0.08363806456327438,1.5645118951797485,False
Pegangsaan,2026-08-15,71.8998039563497,Sedang,71.8998039563497,55.13875298202038,14.441930770874023,54.722534884577215,35.435503075520195,28.165685653686523,68.31732940673828,0.6905752420425415,1.2153081893920898,False
Pegangsaan Dua,2026-08-11,69.61930606676185,Sedang,54.68164277076721,39.150714186521675,8.901579570770263,69.61930606676185,17.64286607503891,28.323246002197266,63.92744064331055,0.013748166151344776,4.054355144500732,True
Pegangsaan Dua,2026-08-12,55.51760093371074,Sedang,55.51760093371074,34.44373263762547,7.0448393185933424,49.71221201949649,19.320119594534237,27.13053321838379,71.16356658935547,0.18225562572479248,4.196614742279053,False
Pegangsaan Dua,2026-08-13,53.297549168268844,Sedang,53.297549168268844,38.522188785748604,7.696153895060221,47.83944341871473,22.56938599050045,26.917428970336914,73.92442321777344,0.06092330813407898,3.78137469291687,False
Pegangsaan Dua,2026-08-14,57.81051325798035,Sedang,57.81051325798035,42.080656763834824,8.511796585718791,56.930595204450086,23.606164008378983,27.04608154296875,75.89056396484375,0.02819669246673584,3.1283035278320312,False
Pegangsaan Dua,2026-08-15,60.12150349824325,Sedang,57.630263010660805,41.238721975913414,9.037624231974284,60.12150349824325,22.57098471124967,27.285043716430664,75.94631958007812,0.23687945306301117,2.7158279418945312,False
Pejagalan,2026-08-11,69.61930606676185,Sedang,54.68164277076721,39.150714186521675,8.901579570770263,69.61930606676185,17.64286607503891,28.323246002197266,63.92744064331055,0.013748166151344776,4.054355144500732,True
Pejagalan,2026-08-12,55.51760093371074,Sedang,55.51760093371074,34.44373263762547,7.0448393185933424,49.71221201949649,19.320119594534237,27.13053321838379,71.16356658935547,0.18225562572479248,4.196614742279053,False
Pejagalan,2026-08-13,53.297549168268844,Sedang,53.297549168268844,38.522188785748604,7.696153895060221,47.83944341871473,22.56938599050045,26.917428970336914,73.92442321777344,0.06092330813407898,3.78137469291687,False
Pejagalan,2026-08-14,57.81051325798035,Sedang,57.81051325798035,42.080656763834824,8.511796585718791,56.930595204450086,23.606164008378983,27.04608154296875,75.89056396484375,0.02819669246673584,3.1283035278320312,False
Pejagalan,2026-08-15,60.12150349824325,Sedang,57.630263010660805,41.238721975913414,9.037624231974284,60.12150349824325,22.57098471124967,27.285043716430664,75.94631958007812,0.23687945306301117,2.7158279418945312,False
Pejaten Barat,2026-08-11,77.27087933084239,Sedang,63.66243124008179,51.11113581806421,10.565989017486572,77.27087933084239,18.76606084406376,29.69847869873047,53.51408767700195,0.000821426510810852,1.7707951068878174,True
Pejaten Barat,2026-08-12,72.44329142570496,Sedang,72.44329142570496,49.460540979336464,15.718972365061441,41.79727289411756,32.18080711861452,27.948091506958008,65.233642578125,0.02689419873058796,1.837357521057129,False
Pejaten Barat,2026-08-13,74.90420134862265,Sedang,74.90420134862265,51.64715355883042,19.264214070638022,40.97539517614576,35.34249966343244,27.939382553100586,65.5433349609375,0.004883739165961742,1.7286304235458374,False
Pejaten Barat,2026-08-14,76.82530649503073,Sedang,76.82530649503073,53.504787385463715,18.211936124165856,49.348720808823906,36.60350496570269,28.06331443786621,67.26807403564453,0.08363806456327438,1.5645118951797485,False
Pejaten Barat,2026-08-15,71.8998039563497,Sedang,71.8998039563497,55.13875298202038,14.441930770874023,54.722534884577215,35.435503075520195,28.165685653686523,68.31732940673828,0.6905752420425415,1.2153081893920898,False
Pejaten Timur,2026-08-11,77.27087933084239,Sedang,63.66243124008179,51.11113581806421,10.565989017486572,77.27087933084239,18.76606084406376,29.69847869873047,53.51408767700195,0.000821426510810852,1.7707951068878174,True
Pejaten Timur,2026-08-12,72.44329142570496,Sedang,72.44329142570496,49.460540979336464,15.718972365061441,41.79727289411756,32.18080711861452,27.948091506958008,65.233642578125,0.02689419873058796,1.837357521057129,False
Pejaten Timur,2026-08-13,74.90420134862265,Sedang,74.90420134862265,51.64715355883042,19.264214070638022,40.97539517614576,35.34249966343244,27.939382553100586,65.5433349609375,0.004883739165961742,1.7286304235458374,False
Pejaten Timur,2026-08-14,76.82530649503073,Sedang,76.82530649503073,53.504787385463715,18.211936124165856,49.348720808823906,36.60350496570269,28.06331443786621,67.26807403564453,0.08363806456327438,1.5645118951797485,False
Pejaten Timur,2026-08-15,71.8998039563497,Sedang,71.8998039563497,55.13875298202038,14.441930770874023,54.722534884577215,35.435503075520195,28.165685653686523,68.31732940673828,0.6905752420425415,1.2153081893920898,False
Pekayon,2026-08-11,77.27087933084239,Sedang,63.66243124008179,51.11113581806421,10.565989017486572,77.27087933084239,18.76606084406376,29.69847869873047,53.51408767700195,0.000821426510810852,1.7707951068878174,True
Pekayon,2026-08-12,72.44329142570496,Sedang,72.44329142570496,49.460540979336464,15.718972365061441,41.79727289411756,32.18080711861452,27.948091506958008,65.233642578125,0.02689419873058796,1.837357521057129,False
Pekayon,2026-08-13,74.90420134862265,Sedang,74.90420134862265,51.64715355883042,19.264214070638022,40.97539517614576,35.34249966343244,27.939382553100586,65.5433349609375,0.004883739165961742,1.7286304235458374,False
Pekayon,2026-08-14,76.82530649503073,Sedang,76.82530649503073,53.504787385463715,18.211936124165856,49.348720808823906,36.60350496570269,28.06331443786621,67.26807403564453,0.08363806456327438,1.5645118951797485,False
Pekayon,2026-08-15,71.8998039563497,Sedang,71.8998039563497,55.13875298202038,14.441930770874023,54.722534884577215,35.435503075520195,28.165685653686523,68.31732940673828,0.6905752420425415,1.2153081893920898,False
Pekojan Jakarta,2026-08-11,69.61930606676185,Sedang,54.68164277076721,39.150714186521675,8.901579570770263,69.61930606676185,17.64286607503891,28.323246002197266,63.92744064331055,0.013748166151344776,4.054355144500732,True
Pekojan Jakarta,2026-08-12,55.51760093371074,Sedang,55.51760093371074,34.44373263762547,7.0448393185933424,49.71221201949649,19.320119594534237,27.13053321838379,71.16356658935547,0.18225562572479248,4.196614742279053,False
Pekojan Jakarta,2026-08-13,53.297549168268844,Sedang,53.297549168268844,38.522188785748604,7.696153895060221,47.83944341871473,22.56938599050045,26.917428970336914,73.92442321777344,0.06092330813407898,3.78137469291687,False
Pekojan Jakarta,2026-08-14,57.81051325798035,Sedang,57.81051325798035,42.080656763834824,8.511796585718791,56.930595204450086,23.606164008378983,27.04608154296875,75.89056396484375,0.02819669246673584,3.1283035278320312,False
Pekojan Jakarta,2026-08-15,60.12150349824325,Sedang,57.630263010660805,41.238721975913414,9.037624231974284,60.12150349824325,22.57098471124967,27.285043716430664,75.94631958007812,0.23687945306301117,2.7158279418945312,False
Pekojan Tangerang,2026-08-11,77.27087933084239,Sedang,63.66243124008179,51.11113581806421,10.565989017486572,77.27087933084239,18.76606084406376,29.69847869873047,53.51408767700195,0.000821426510810852,1.7707951068878174,True
Pekojan Tangerang,2026-08-12,72.44329142570496,Sedang,72.44329142570496,49.460540979336464,15.718972365061441,41.79727289411756,32.18080711861452,27.948091506958008,65.233642578125,0.02689419873058796,1.837357521057129,False
Pekojan Tangerang,2026-08-13,74.90420134862265,Sedang,74.90420134862265,51.64715355883042,19.264214070638022,40.97539517614576,35.34249966343244,27.939382553100586,65.5433349609375,0.004883739165961742,1.7286304235458374,False
Pekojan Tangerang,2026-08-14,76.82530649503073,Sedang,76.82530649503073,53.504787385463715,18.211936124165856,49.348720808823906,36.60350496570269,28.06331443786621,67.26807403564453,0.08363806456327438,1.5645118951797485,False
Pekojan Tangerang,2026-08-15,71.8998039563497,Sedang,71.8998039563497,55.13875298202038,14.441930770874023,54.722534884577215,35.435503075520195,28.165685653686523,68.31732940673828,0.6905752420425415,1.2153081893920898,False
Pela Mampang,2026-08-11,77.27087933084239,Sedang,63.66243124008179,51.11113581806421,10.565989017486572,77.27087933084239,18.76606084406376,29.69847869873047,53.51408767700195,0.000821426510810852,1.7707951068878174,True
Pela Mampang,2026-08-12,72.44329142570496,Sedang,72.44329142570496,49.460540979336464,15.718972365061441,41.79727289411756,32.18080711861452,27.948091506958008,65.233642578125,0.02689419873058796,1.837357521057129,False
Pela Mampang,2026-08-13,74.90420134862265,Sedang,74.90420134862265,51.64715355883042,19.264214070638022,40.97539517614576,35.34249966343244,27.939382553100586,65.5433349609375,0.004883739165961742,1.7286304235458374,False
Pela Mampang,2026-08-14,76.82530649503073,Sedang,76.82530649503073,53.504787385463715,18.211936124165856,49.348720808823906,36.60350496570269,28.06331443786621,67.26807403564453,0.08363806456327438,1.5645118951797485,False
Pela Mampang,2026-08-15,71.8998039563497,Sedang,71.8998039563497,55.13875298202038,14.441930770874023,54.722534884577215,35.435503075520195,28.165685653686523,68.31732940673828,0.6905752420425415,1.2153081893920898,False
Pengadegan,2026-08-11,77.27087933084239,Sedang,63.66243124008179,51.11113581806421,10.565989017486572,77.27087933084239,18.76606084406376,29.69847869873047,53.51408767700195,0.000821426510810852,1.7707951068878174,True
Pengadegan,2026-08-12,72.44329142570496,Sedang,72.44329142570496,49.460540979336464,15.718972365061441,41.79727289411756,32.18080711861452,27.948091506958008,65.233642578125,0.02689419873058796,1.837357521057129,False
Pengadegan,2026-08-13,74.90420134862265,Sedang,74.90420134862265,51.64715355883042,19.264214070638022,40.97539517614576,35.34249966343244,27.939382553100586,65.5433349609375,0.004883739165961742,1.7286304235458374,False
Pengadegan,2026-08-14,76.82530649503073,Sedang,76.82530649503073,53.504787385463715,18.211936124165856,49.348720808823906,36.60350496570269,28.06331443786621,67.26807403564453,0.08363806456327438,1.5645118951797485,False
Pengadegan,2026-08-15,71.8998039563497,Sedang,71.8998039563497,55.13875298202038,14.441930770874023,54.722534884577215,35.435503075520195,28.165685653686523,68.31732940673828,0.6905752420425415,1.2153081893920898,False
Penggilingan,2026-08-11,77.27087933084239,Sedang,63.66243124008179,51.11113581806421,10.565989017486572,77.27087933084239,18.76606084406376,29.69847869873047,53.51408767700195,0.000821426510810852,1.7707951068878174,True
Penggilingan,2026-08-12,72.44329142570496,Sedang,72.44329142570496,49.460540979336464,15.718972365061441,41.79727289411756,32.18080711861452,27.948091506958008,65.233642578125,0.02689419873058796,1.837357521057129,False
Penggilingan,2026-08-13,74.90420134862265,Sedang,74.90420134862265,51.64715355883042,19.264214070638022,40.97539517614576,35.34249966343244,27.939382553100586,65.5433349609375,0.004883739165961742,1.7286304235458374,False
Penggilingan,2026-08-14,76.82530649503073,Sedang,76.82530649503073,53.504787385463715,18.211936124165856,49.348720808823906,36.60350496570269,28.06331443786621,67.26807403564453,0.08363806456327438,1.5645118951797485,False
Penggilingan,2026-08-15,71.8998039563497,Sedang,71.8998039563497,55.13875298202038,14.441930770874023,54.722534884577215,35.435503075520195,28.165685653686523,68.31732940673828,0.6905752420425415,1.2153081893920898,False
Penjaringan,2026-08-11,69.61930606676185,Sedang,54.68164277076721,39.150714186521675,8.901579570770263,69.61930606676185,17.64286607503891,28.323246002197266,63.92744064331055,0.013748166151344776,4.054355144500732,True
Penjaringan,2026-08-12,55.51760093371074,Sedang,55.51760093371074,34.44373263762547,7.0448393185933424,49.71221201949649,19.320119594534237,27.13053321838379,71.16356658935547,0.18225562572479248,4.196614742279053,False
Penjaringan,2026-08-13,53.297549168268844,Sedang,53.297549168268844,38.522188785748604,7.696153895060221,47.83944341871473,22.56938599050045,26.917428970336914,73.92442321777344,0.06092330813407898,3.78137469291687,False
Penjaringan,2026-08-14,57.81051325798035,Sedang,57.81051325798035,42.080656763834824,8.511796585718791,56.930595204450086,23.606164008378983,27.04608154296875,75.89056396484375,0.02819669246673584,3.1283035278320312,False
Penjaringan,2026-08-15,60.12150349824325,Sedang,57.630263010660805,41.238721975913414,9.037624231974284,60.12150349824325,22.57098471124967,27.285043716430664,75.94631958007812,0.23687945306301117,2.7158279418945312,False
Periuk,2026-08-11,68.98759261421534,Sedang,56.10755372047424,53.36524713784456,7.41221022605896,68.98759261421534,16.348594203591347,27.90591049194336,68.53587341308594,0.3237781524658203,3.1219429969787598,True
Periuk,2026-08-12,66.98441497484842,Sedang,66.98441497484842,43.32534517997351,7.855143022537232,49.24069788720873,16.903809905052185,27.11531639099121,72.59671020507812,0.1665925532579422,3.4097652435302734,False
Periuk,2026-08-13,67.89016254742941,Sedang,67.89016254742941,47.021704682937035,8.598527399698895,47.57301138506996,19.70889928440253,26.850255966186523,74.57172393798828,0.03733846917748451,3.0433502197265625,False
Periuk,2026-08-14,70.48791797955832,Sedang,70.48791797955832,46.668350772979935,8.819194825490314,55.171888185584024,19.362924272815388,27.000463485717773,75.35112762451172,0.07174699753522873,2.615520715713501,False
Periuk,2026-08-15,68.57522900899252,Sedang,68.57522900899252,46.23406147345519,7.676053794225057,60.93279327171436,15.459764475623768,27.074630737304688,77.34497833251953,0.4183608293533325,2.116962194442749,False
Periuk Jaya,2026-08-11,69.61930606676185,Sedang,54.68164277076721,39.150714186521675,8.901579570770263,69.61930606676185,17.64286607503891,28.323246002197266,63.92744064331055,0.013748166151344776,4.054355144500732,True
Periuk Jaya,2026-08-12,55.51760093371074,Sedang,55.51760093371074,34.44373263762547,7.0448393185933424,49.71221201949649,19.320119594534237,27.13053321838379,71.16356658935547,0.18225562572479248,4.196614742279053,False
Periuk Jaya,2026-08-13,53.297549168268844,Sedang,53.297549168268844,38.522188785748604,7.696153895060221,47.83944341871473,22.56938599050045,26.917428970336914,73.92442321777344,0.06092330813407898,3.78137469291687,False
Periuk Jaya,2026-08-14,57.81051325798035,Sedang,57.81051325798035,42.080656763834824,8.511796585718791,56.930595204450086,23.606164008378983,27.04608154296875,75.89056396484375,0.02819669246673584,3.1283035278320312,False
Periuk Jaya,2026-08-15,60.12150349824325,Sedang,57.630263010660805,41.238721975913414,9.037624231974284,60.12150349824325,22.57098471124967,27.285043716430664,75.94631958007812,0.23687945306301117,2.7158279418945312,False
Pesanggrahan,2026-08-11,77.27087933084239,Sedang,63.66243124008179,51.11113581806421,10.565989017486572,77.27087933084239,18.76606084406376,29.69847869873047,53.51408767700195,0.000821426510810852,1.7707951068878174,True
Pesanggrahan,2026-08-12,72.44329142570496,Sedang,72.44329142570496,49.460540979336464,15.718972365061441,41.79727289411756,32.18080711861452,27.948091506958008,65.233642578125,0.02689419873058796,1.837357521057129,False
Pesanggrahan,2026-08-13,74.90420134862265,Sedang,74.90420134862265,51.64715355883042,19.264214070638022,40.97539517614576,35.34249966343244,27.939382553100586,65.5433349609375,0.004883739165961742,1.7286304235458374,False
Pesanggrahan,2026-08-14,76.82530649503073,Sedang,76.82530649503073,53.504787385463715,18.211936124165856,49.348720808823906,36.60350496570269,28.06331443786621,67.26807403564453,0.08363806456327438,1.5645118951797485,False
Pesanggrahan,2026-08-15,71.8998039563497,Sedang,71.8998039563497,55.13875298202038,14.441930770874023,54.722534884577215,35.435503075520195,28.165685653686523,68.31732940673828,0.6905752420425415,1.2153081893920898,False
Petamburan,2026-08-11,69.61930606676185,Sedang,54.68164277076721,39.150714186521675,8.901579570770263,69.61930606676185,17.64286607503891,28.323246002197266,63.92744064331055,0.013748166151344776,4.054355144500732,True
Petamburan,2026-08-12,55.51760093371074,Sedang,55.51760093371074,34.44373263762547,7.0448393185933424,49.71221201949649,19.320119594534237,27.13053321838379,71.16356658935547,0.18225562572479248,4.196614742279053,False
Petamburan,2026-08-13,53.297549168268844,Sedang,53.297549168268844,38.522188785748604,7.696153895060221,47.83944341871473,22.56938599050045,26.917428970336914,73.92442321777344,0.06092330813407898,3.78137469291687,False
Petamburan,2026-08-14,57.81051325798035,Sedang,57.81051325798035,42.080656763834824,8.511796585718791,56.930595204450086,23.606164008378983,27.04608154296875,75.89056396484375,0.02819669246673584,3.1283035278320312,False
Petamburan,2026-08-15,60.12150349824325,Sedang,57.630263010660805,41.238721975913414,9.037624231974284,60.12150349824325,22.57098471124967,27.285043716430664,75.94631958007812,0.23687945306301117,2.7158279418945312,False
Petir,2026-08-11,69.61930606676185,Sedang,54.68164277076721,39.150714186521675,8.901579570770263,69.61930606676185,17.64286607503891,28.323246002197266,63.92744064331055,0.013748166151344776,4.054355144500732,True
Petir,2026-08-12,55.51760093371074,Sedang,55.51760093371074,34.44373263762547,7.0448393185933424,49.71221201949649,19.320119594534237,27.13053321838379,71.16356658935547,0.18225562572479248,4.196614742279053,False
Petir,2026-08-13,53.297549168268844,Sedang,53.297549168268844,38.522188785748604,7.696153895060221,47.83944341871473,22.56938599050045,26.917428970336914,73.92442321777344,0.06092330813407898,3.78137469291687,False
Petir,2026-08-14,57.81051325798035,Sedang,57.81051325798035,42.080656763834824,8.511796585718791,56.930595204450086,23.606164008378983,27.04608154296875,75.89056396484375,0.02819669246673584,3.1283035278320312,False
Petir,2026-08-15,60.12150349824325,Sedang,57.630263010660805,41.238721975913414,9.037624231974284,60.12150349824325,22.57098471124967,27.285043716430664,75.94631958007812,0.23687945306301117,2.7158279418945312,False
Petogogan,2026-08-11,77.27087933084239,Sedang,63.66243124008179,51.11113581806421,10.565989017486572,77.27087933084239,18.76606084406376,29.69847869873047,53.51408767700195,0.000821426510810852,1.7707951068878174,True
Petogogan,2026-08-12,72.44329142570496,Sedang,72.44329142570496,49.460540979336464,15.718972365061441,41.79727289411756,32.18080711861452,27.948091506958008,65.233642578125,0.02689419873058796,1.837357521057129,False
Petogogan,2026-08-13,74.90420134862265,Sedang,74.90420134862265,51.64715355883042,19.264214070638022,40.97539517614576,35.34249966343244,27.939382553100586,65.5433349609375,0.004883739165961742,1.7286304235458374,False
Petogogan,2026-08-14,76.82530649503073,Sedang,76.82530649503073,53.504787385463715,18.211936124165856,49.348720808823906,36.60350496570269,28.06331443786621,67.26807403564453,0.08363806456327438,1.5645118951797485,False
Petogogan,2026-08-15,71.8998039563497,Sedang,71.8998039563497,55.13875298202038,14.441930770874023,54.722534884577215,35.435503075520195,28.165685653686523,68.31732940673828,0.6905752420425415,1.2153081893920898,False
Petojo Selatan,2026-08-11,69.61930606676185,Sedang,54.68164277076721,39.150714186521675,8.901579570770263,69.61930606676185,17.64286607503891,28.323246002197266,63.92744064331055,0.013748166151344776,4.054355144500732,True
Petojo Selatan,2026-08-12,55.51760093371074,Sedang,55.51760093371074,34.44373263762547,7.0448393185933424,49.71221201949649,19.320119594534237,27.13053321838379,71.16356658935547,0.18225562572479248,4.196614742279053,False
Petojo Selatan,2026-08-13,53.297549168268844,Sedang,53.297549168268844,38.522188785748604,7.696153895060221,47.83944341871473,22.56938599050045,26.917428970336914,73.92442321777344,0.06092330813407898,3.78137469291687,False
Petojo Selatan,2026-08-14,57.81051325798035,Sedang,57.81051325798035,42.080656763834824,8.511796585718791,56.930595204450086,23.606164008378983,27.04608154296875,75.89056396484375,0.02819669246673584,3.1283035278320312,False
Petojo Selatan,2026-08-15,60.12150349824325,Sedang,57.630263010660805,41.238721975913414,9.037624231974284,60.12150349824325,22.57098471124967,27.285043716430664,75.94631958007812,0.23687945306301117,2.7158279418945312,False
Petojo Utara,2026-08-11,69.61930606676185,Sedang,54.68164277076721,39.150714186521675,8.901579570770263,69.61930606676185,17.64286607503891,28.323246002197266,63.92744064331055,0.013748166151344776,4.054355144500732,True
Petojo Utara,2026-08-12,55.51760093371074,Sedang,55.51760093371074,34.44373263762547,7.0448393185933424,49.71221201949649,19.320119594534237,27.13053321838379,71.16356658935547,0.18225562572479248,4.196614742279053,False
Petojo Utara,2026-08-13,53.297549168268844,Sedang,53.297549168268844,38.522188785748604,7.696153895060221,47.83944341871473,22.56938599050045,26.917428970336914,73.92442321777344,0.06092330813407898,3.78137469291687,False
Petojo Utara,2026-08-14,57.81051325798035,Sedang,57.81051325798035,42.080656763834824,8.511796585718791,56.930595204450086,23.606164008378983,27.04608154296875,75.89056396484375,0.02819669246673584,3.1283035278320312,False
Petojo Utara,2026-08-15,60.12150349824325,Sedang,57.630263010660805,41.238721975913414,9.037624231974284,60.12150349824325,22.57098471124967,27.285043716430664,75.94631958007812,0.23687945306301117,2.7158279418945312,False
Petukangan Selatan,2026-08-11,77.27087933084239,Sedang,63.66243124008179,51.11113581806421,10.565989017486572,77.27087933084239,18.76606084406376,29.69847869873047,53.51408767700195,0.000821426510810852,1.7707951068878174,True
Petukangan Selatan,2026-08-12,72.44329142570496,Sedang,72.44329142570496,49.460540979336464,15.718972365061441,41.79727289411756,32.18080711861452,27.948091506958008,65.233642578125,0.02689419873058796,1.837357521057129,False
Petukangan Selatan,2026-08-13,74.90420134862265,Sedang,74.90420134862265,51.64715355883042,19.264214070638022,40.97539517614576,35.34249966343244,27.939382553100586,65.5433349609375,0.004883739165961742,1.7286304235458374,False
Petukangan Selatan,2026-08-14,76.82530649503073,Sedang,76.82530649503073,53.504787385463715,18.211936124165856,49.348720808823906,36.60350496570269,28.06331443786621,67.26807403564453,0.08363806456327438,1.5645118951797485,False
Petukangan Selatan,2026-08-15,71.8998039563497,Sedang,71.8998039563497,55.13875298202038,14.441930770874023,54.722534884577215,35.435503075520195,28.165685653686523,68.31732940673828,0.6905752420425415,1.2153081893920898,False
Petukangan Utara,2026-08-11,77.27087933084239,Sedang,63.66243124008179,51.11113581806421,10.565989017486572,77.27087933084239,18.76606084406376,29.69847869873047,53.51408767700195,0.000821426510810852,1.7707951068878174,True
Petukangan Utara,2026-08-12,72.44329142570496,Sedang,72.44329142570496,49.460540979336464,15.718972365061441,41.79727289411756,32.18080711861452,27.948091506958008,65.233642578125,0.02689419873058796,1.837357521057129,False
Petukangan Utara,2026-08-13,74.90420134862265,Sedang,74.90420134862265,51.64715355883042,19.264214070638022,40.97539517614576,35.34249966343244,27.939382553100586,65.5433349609375,0.004883739165961742,1.7286304235458374,False
Petukangan Utara,2026-08-14,76.82530649503073,Sedang,76.82530649503073,53.504787385463715,18.211936124165856,49.348720808823906,36.60350496570269,28.06331443786621,67.26807403564453,0.08363806456327438,1.5645118951797485,False
Petukangan Utara,2026-08-15,71.8998039563497,Sedang,71.8998039563497,55.13875298202038,14.441930770874023,54.722534884577215,35.435503075520195,28.165685653686523,68.31732940673828,0.6905752420425415,1.2153081893920898,False
Pinang,2026-08-11,77.27087933084239,Sedang,63.66243124008179,51.11113581806421,10.565989017486572,77.27087933084239,18.76606084406376,29.69847869873047,53.51408767700195,0.000821426510810852,1.7707951068878174,True
Pinang,2026-08-12,72.44329142570496,Sedang,72.44329142570496,49.460540979336464,15.718972365061441,41.79727289411756,32.18080711861452,27.948091506958008,65.233642578125,0.02689419873058796,1.837357521057129,False
Pinang,2026-08-13,74.90420134862265,Sedang,74.90420134862265,51.64715355883042,19.264214070638022,40.97539517614576,35.34249966343244,27.939382553100586,65.5433349609375,0.004883739165961742,1.7286304235458374,False
Pinang,2026-08-14,76.82530649503073,Sedang,76.82530649503073,53.504787385463715,18.211936124165856,49.348720808823906,36.60350496570269,28.06331443786621,67.26807403564453,0.08363806456327438,1.5645118951797485,False
Pinang,2026-08-15,71.8998039563497,Sedang,71.8998039563497,55.13875298202038,14.441930770874023,54.722534884577215,35.435503075520195,28.165685653686523,68.31732940673828,0.6905752420425415,1.2153081893920898,False
Pinang Ranti,2026-08-11,77.27087933084239,Sedang,63.66243124008179,51.11113581806421,10.565989017486572,77.27087933084239,18.76606084406376,29.69847869873047,53.51408767700195,0.000821426510810852,1.7707951068878174,True
Pinang Ranti,2026-08-12,72.44329142570496,Sedang,72.44329142570496,49.460540979336464,15.718972365061441,41.79727289411756,32.18080711861452,27.948091506958008,65.233642578125,0.02689419873058796,1.837357521057129,False
Pinang Ranti,2026-08-13,74.90420134862265,Sedang,74.90420134862265,51.64715355883042,19.264214070638022,40.97539517614576,35.34249966343244,27.939382553100586,65.5433349609375,0.004883739165961742,1.7286304235458374,False
Pinang Ranti,2026-08-14,76.82530649503073,Sedang,76.82530649503073,53.504787385463715,18.211936124165856,49.348720808823906,36.60350496570269,28.06331443786621,67.26807403564453,0.08363806456327438,1.5645118951797485,False
Pinang Ranti,2026-08-15,71.8998039563497,Sedang,71.8998039563497,55.13875298202038,14.441930770874023,54.722534884577215,35.435503075520195,28.165685653686523,68.31732940673828,0.6905752420425415,1.2153081893920898,False
Pinangsia,2026-08-11,69.61930606676185,Sedang,54.68164277076721,39.150714186521675,8.901579570770263,69.61930606676185,17.64286607503891,28.323246002197266,63.92744064331055,0.013748166151344776,4.054355144500732,True
Pinangsia,2026-08-12,55.51760093371074,Sedang,55.51760093371074,34.44373263762547,7.0448393185933424,49.71221201949649,19.320119594534237,27.13053321838379,71.16356658935547,0.18225562572479248,4.196614742279053,False
Pinangsia,2026-08-13,53.297549168268844,Sedang,53.297549168268844,38.522188785748604,7.696153895060221,47.83944341871473,22.56938599050045,26.917428970336914,73.92442321777344,0.06092330813407898,3.78137469291687,False
Pinangsia,2026-08-14,57.81051325798035,Sedang,57.81051325798035,42.080656763834824,8.511796585718791,56.930595204450086,23.606164008378983,27.04608154296875,75.89056396484375,0.02819669246673584,3.1283035278320312,False
Pinangsia,2026-08-15,60.12150349824325,Sedang,57.630263010660805,41.238721975913414,9.037624231974284,60.12150349824325,22.57098471124967,27.285043716430664,75.94631958007812,0.23687945306301117,2.7158279418945312,False
Pisangan Baru,2026-08-11,77.27087933084239,Sedang,63.66243124008179,51.11113581806421,10.565989017486572,77.27087933084239,18.76606084406376,29.69847869873047,53.51408767700195,0.000821426510810852,1.7707951068878174,True
Pisangan Baru,2026-08-12,72.44329142570496,Sedang,72.44329142570496,49.460540979336464,15.718972365061441,41.79727289411756,32.18080711861452,27.948091506958008,65.233642578125,0.02689419873058796,1.837357521057129,False
Pisangan Baru,2026-08-13,74.90420134862265,Sedang,74.90420134862265,51.64715355883042,19.264214070638022,40.97539517614576,35.34249966343244,27.939382553100586,65.5433349609375,0.004883739165961742,1.7286304235458374,False
Pisangan Baru,2026-08-14,76.82530649503073,Sedang,76.82530649503073,53.504787385463715,18.211936124165856,49.348720808823906,36.60350496570269,28.06331443786621,67.26807403564453,0.08363806456327438,1.5645118951797485,False
Pisangan Baru,2026-08-15,71.8998039563497,Sedang,71.8998039563497,55.13875298202038,14.441930770874023,54.722534884577215,35.435503075520195,28.165685653686523,68.31732940673828,0.6905752420425415,1.2153081893920898,False
Pisangan Timur,2026-08-11,77.27087933084239,Sedang,63.66243124008179,51.11113581806421,10.565989017486572,77.27087933084239,18.76606084406376,29.69847869873047,53.51408767700195,0.000821426510810852,1.7707951068878174,True
Pisangan Timur,2026-08-12,72.44329142570496,Sedang,72.44329142570496,49.460540979336464,15.718972365061441,41.79727289411756,32.18080711861452,27.948091506958008,65.233642578125,0.02689419873058796,1.837357521057129,False
Pisangan Timur,2026-08-13,74.90420134862265,Sedang,74.90420134862265,51.64715355883042,19.264214070638022,40.97539517614576,35.34249966343244,27.939382553100586,65.5433349609375,0.004883739165961742,1.7286304235458374,False
Pisangan Timur,2026-08-14,76.82530649503073,Sedang,76.82530649503073,53.504787385463715,18.211936124165856,49.348720808823906,36.60350496570269,28.06331443786621,67.26807403564453,0.08363806456327438,1.5645118951797485,False
Pisangan Timur,2026-08-15,71.8998039563497,Sedang,71.8998039563497,55.13875298202038,14.441930770874023,54.722534884577215,35.435503075520195,28.165685653686523,68.31732940673828,0.6905752420425415,1.2153081893920898,False
Pluit,2026-08-11,69.61930606676185,Sedang,54.68164277076721,39.150714186521675,8.901579570770263,69.61930606676185,17.64286607503891,28.323246002197266,63.92744064331055,0.013748166151344776,4.054355144500732,True
Pluit,2026-08-12,55.51760093371074,Sedang,55.51760093371074,34.44373263762547,7.0448393185933424,49.71221201949649,19.320119594534237,27.13053321838379,71.16356658935547,0.18225562572479248,4.196614742279053,False
Pluit,2026-08-13,53.297549168268844,Sedang,53.297549168268844,38.522188785748604,7.696153895060221,47.83944341871473,22.56938599050045,26.917428970336914,73.92442321777344,0.06092330813407898,3.78137469291687,False
Pluit,2026-08-14,57.81051325798035,Sedang,57.81051325798035,42.080656763834824,8.511796585718791,56.930595204450086,23.606164008378983,27.04608154296875,75.89056396484375,0.02819669246673584,3.1283035278320312,False
Pluit,2026-08-15,60.12150349824325,Sedang,57.630263010660805,41.238721975913414,9.037624231974284,60.12150349824325,22.57098471124967,27.285043716430664,75.94631958007812,0.23687945306301117,2.7158279418945312,False
Pondok Bahar,2026-08-11,77.27087933084239,Sedang,63.66243124008179,51.11113581806421,10.565989017486572,77.27087933084239,18.76606084406376,29.69847869873047,53.51408767700195,0.000821426510810852,1.7707951068878174,True
Pondok Bahar,2026-08-12,72.44329142570496,Sedang,72.44329142570496,49.460540979336464,15.718972365061441,41.79727289411756,32.18080711861452,27.948091506958008,65.233642578125,0.02689419873058796,1.837357521057129,False
Pondok Bahar,2026-08-13,74.90420134862265,Sedang,74.90420134862265,51.64715355883042,19.264214070638022,40.97539517614576,35.34249966343244,27.939382553100586,65.5433349609375,0.004883739165961742,1.7286304235458374,False
Pondok Bahar,2026-08-14,76.82530649503073,Sedang,76.82530649503073,53.504787385463715,18.211936124165856,49.348720808823906,36.60350496570269,28.06331443786621,67.26807403564453,0.08363806456327438,1.5645118951797485,False
Pondok Bahar,2026-08-15,71.8998039563497,Sedang,71.8998039563497,55.13875298202038,14.441930770874023,54.722534884577215,35.435503075520195,28.165685653686523,68.31732940673828,0.6905752420425415,1.2153081893920898,False
Pondok Bambu,2026-08-11,77.27087933084239,Sedang,63.66243124008179,51.11113581806421,10.565989017486572,77.27087933084239,18.76606084406376,29.69847869873047,53.51408767700195,0.000821426510810852,1.7707951068878174,True
Pondok Bambu,2026-08-12,72.44329142570496,Sedang,72.44329142570496,49.460540979336464,15.718972365061441,41.79727289411756,32.18080711861452,27.948091506958008,65.233642578125,0.02689419873058796,1.837357521057129,False
Pondok Bambu,2026-08-13,74.90420134862265,Sedang,74.90420134862265,51.64715355883042,19.264214070638022,40.97539517614576,35.34249966343244,27.939382553100586,65.5433349609375,0.004883739165961742,1.7286304235458374,False
Pondok Bambu,2026-08-14,76.82530649503073,Sedang,76.82530649503073,53.504787385463715,18.211936124165856,49.348720808823906,36.60350496570269,28.06331443786621,67.26807403564453,0.08363806456327438,1.5645118951797485,False
Pondok Bambu,2026-08-15,71.8998039563497,Sedang,71.8998039563497,55.13875298202038,14.441930770874023,54.722534884577215,35.435503075520195,28.165685653686523,68.31732940673828,0.6905752420425415,1.2153081893920898,False
Pondok Kelapa,2026-08-11,77.27087933084239,Sedang,63.66243124008179,51.11113581806421,10.565989017486572,77.27087933084239,18.76606084406376,29.69847869873047,53.51408767700195,0.000821426510810852,1.7707951068878174,True
Pondok Kelapa,2026-08-12,72.44329142570496,Sedang,72.44329142570496,49.460540979336464,15.718972365061441,41.79727289411756,32.18080711861452,27.948091506958008,65.233642578125,0.02689419873058796,1.837357521057129,False
Pondok Kelapa,2026-08-13,74.90420134862265,Sedang,74.90420134862265,51.64715355883042,19.264214070638022,40.97539517614576,35.34249966343244,27.939382553100586,65.5433349609375,0.004883739165961742,1.7286304235458374,False
Pondok Kelapa,2026-08-14,76.82530649503073,Sedang,76.82530649503073,53.504787385463715,18.211936124165856,49.348720808823906,36.60350496570269,28.06331443786621,67.26807403564453,0.08363806456327438,1.5645118951797485,False
Pondok Kelapa,2026-08-15,71.8998039563497,Sedang,71.8998039563497,55.13875298202038,14.441930770874023,54.722534884577215,35.435503075520195,28.165685653686523,68.31732940673828,0.6905752420425415,1.2153081893920898,False
Pondok Kopi,2026-08-11,77.27087933084239,Sedang,63.66243124008179,51.11113581806421,10.565989017486572,77.27087933084239,18.76606084406376,29.69847869873047,53.51408767700195,0.000821426510810852,1.7707951068878174,True
Pondok Kopi,2026-08-12,72.44329142570496,Sedang,72.44329142570496,49.460540979336464,15.718972365061441,41.79727289411756,32.18080711861452,27.948091506958008,65.233642578125,0.02689419873058796,1.837357521057129,False
Pondok Kopi,2026-08-13,74.90420134862265,Sedang,74.90420134862265,51.64715355883042,19.264214070638022,40.97539517614576,35.34249966343244,27.939382553100586,65.5433349609375,0.004883739165961742,1.7286304235458374,False
Pondok Kopi,2026-08-14,76.82530649503073,Sedang,76.82530649503073,53.504787385463715,18.211936124165856,49.348720808823906,36.60350496570269,28.06331443786621,67.26807403564453,0.08363806456327438,1.5645118951797485,False
Pondok Kopi,2026-08-15,71.8998039563497,Sedang,71.8998039563497,55.13875298202038,14.441930770874023,54.722534884577215,35.435503075520195,28.165685653686523,68.31732940673828,0.6905752420425415,1.2153081893920898,False
Pondok Labu,2026-08-11,77.27087933084239,Sedang,63.66243124008179,51.11113581806421,10.565989017486572,77.27087933084239,18.76606084406376,29.69847869873047,53.51408767700195,0.000821426510810852,1.7707951068878174,True
Pondok Labu,2026-08-12,72.44329142570496,Sedang,72.44329142570496,49.460540979336464,15.718972365061441,41.79727289411756,32.18080711861452,27.948091506958008,65.233642578125,0.02689419873058796,1.837357521057129,False
Pondok Labu,2026-08-13,74.90420134862265,Sedang,74.90420134862265,51.64715355883042,19.264214070638022,40.97539517614576,35.34249966343244,27.939382553100586,65.5433349609375,0.004883739165961742,1.7286304235458374,False
Pondok Labu,2026-08-14,76.82530649503073,Sedang,76.82530649503073,53.504787385463715,18.211936124165856,49.348720808823906,36.60350496570269,28.06331443786621,67.26807403564453,0.08363806456327438,1.5645118951797485,False
Pondok Labu,2026-08-15,71.8998039563497,Sedang,71.8998039563497,55.13875298202038,14.441930770874023,54.722534884577215,35.435503075520195,28.165685653686523,68.31732940673828,0.6905752420425415,1.2153081893920898,False
Pondok Pinang,2026-08-11,77.27087933084239,Sedang,63.66243124008179,51.11113581806421,10.565989017486572,77.27087933084239,18.76606084406376,29.69847869873047,53.51408767700195,0.000821426510810852,1.7707951068878174,True
Pondok Pinang,2026-08-12,72.44329142570496,Sedang,72.44329142570496,49.460540979336464,15.718972365061441,41.79727289411756,32.18080711861452,27.948091506958008,65.233642578125,0.02689419873058796,1.837357521057129,False
Pondok Pinang,2026-08-13,74.90420134862265,Sedang,74.90420134862265,51.64715355883042,19.264214070638022,40.97539517614576,35.34249966343244,27.939382553100586,65.5433349609375,0.004883739165961742,1.7286304235458374,False
Pondok Pinang,2026-08-14,76.82530649503073,Sedang,76.82530649503073,53.504787385463715,18.211936124165856,49.348720808823906,36.60350496570269,28.06331443786621,67.26807403564453,0.08363806456327438,1.5645118951797485,False
Pondok Pinang,2026-08-15,71.8998039563497,Sedang,71.8998039563497,55.13875298202038,14.441930770874023,54.722534884577215,35.435503075520195,28.165685653686523,68.31732940673828,0.6905752420425415,1.2153081893920898,False
Pondok Pucung,2026-08-11,77.27087933084239,Sedang,63.66243124008179,51.11113581806421,10.565989017486572,77.27087933084239,18.76606084406376,29.69847869873047,53.51408767700195,0.000821426510810852,1.7707951068878174,True
Pondok Pucung,2026-08-12,72.44329142570496,Sedang,72.44329142570496,49.460540979336464,15.718972365061441,41.79727289411756,32.18080711861452,27.948091506958008,65.233642578125,0.02689419873058796,1.837357521057129,False
Pondok Pucung,2026-08-13,74.90420134862265,Sedang,74.90420134862265,51.64715355883042,19.264214070638022,40.97539517614576,35.34249966343244,27.939382553100586,65.5433349609375,0.004883739165961742,1.7286304235458374,False
Pondok Pucung,2026-08-14,76.82530649503073,Sedang,76.82530649503073,53.504787385463715,18.211936124165856,49.348720808823906,36.60350496570269,28.06331443786621,67.26807403564453,0.08363806456327438,1.5645118951797485,False
Pondok Pucung,2026-08-15,71.8998039563497,Sedang,71.8998039563497,55.13875298202038,14.441930770874023,54.722534884577215,35.435503075520195,28.165685653686523,68.31732940673828,0.6905752420425415,1.2153081893920898,False
Pondok Ranggon,2026-08-11,77.27087933084239,Sedang,63.66243124008179,51.11113581806421,10.565989017486572,77.27087933084239,18.76606084406376,29.69847869873047,53.51408767700195,0.000821426510810852,1.7707951068878174,True
Pondok Ranggon,2026-08-12,72.44329142570496,Sedang,72.44329142570496,49.460540979336464,15.718972365061441,41.79727289411756,32.18080711861452,27.948091506958008,65.233642578125,0.02689419873058796,1.837357521057129,False
Pondok Ranggon,2026-08-13,74.90420134862265,Sedang,74.90420134862265,51.64715355883042,19.264214070638022,40.97539517614576,35.34249966343244,27.939382553100586,65.5433349609375,0.004883739165961742,1.7286304235458374,False
Pondok Ranggon,2026-08-14,76.82530649503073,Sedang,76.82530649503073,53.504787385463715,18.211936124165856,49.348720808823906,36.60350496570269,28.06331443786621,67.26807403564453,0.08363806456327438,1.5645118951797485,False
Pondok Ranggon,2026-08-15,71.8998039563497,Sedang,71.8998039563497,55.13875298202038,14.441930770874023,54.722534884577215,35.435503075520195,28.165685653686523,68.31732940673828,0.6905752420425415,1.2153081893920898,False
Poris Gaga,2026-08-11,69.61930606676185,Sedang,54.68164277076721,39.150714186521675,8.901579570770263,69.61930606676185,17.64286607503891,28.323246002197266,63.92744064331055,0.013748166151344776,4.054355144500732,True
Poris Gaga,2026-08-12,55.51760093371074,Sedang,55.51760093371074,34.44373263762547,7.0448393185933424,49.71221201949649,19.320119594534237,27.13053321838379,71.16356658935547,0.18225562572479248,4.196614742279053,False
Poris Gaga,2026-08-13,53.297549168268844,Sedang,53.297549168268844,38.522188785748604,7.696153895060221,47.83944341871473,22.56938599050045,26.917428970336914,73.92442321777344,0.06092330813407898,3.78137469291687,False
Poris Gaga,2026-08-14,57.81051325798035,Sedang,57.81051325798035,42.080656763834824,8.511796585718791,56.930595204450086,23.606164008378983,27.04608154296875,75.89056396484375,0.02819669246673584,3.1283035278320312,False
Poris Gaga,2026-08-15,60.12150349824325,Sedang,57.630263010660805,41.238721975913414,9.037624231974284,60.12150349824325,22.57098471124967,27.285043716430664,75.94631958007812,0.23687945306301117,2.7158279418945312,False
Poris Gaga Baru,2026-08-11,69.61930606676185,Sedang,54.68164277076721,39.150714186521675,8.901579570770263,69.61930606676185,17.64286607503891,28.323246002197266,63.92744064331055,0.013748166151344776,4.054355144500732,True
Poris Gaga Baru,2026-08-12,55.51760093371074,Sedang,55.51760093371074,34.44373263762547,7.0448393185933424,49.71221201949649,19.320119594534237,27.13053321838379,71.16356658935547,0.18225562572479248,4.196614742279053,False
Poris Gaga Baru,2026-08-13,53.297549168268844,Sedang,53.297549168268844,38.522188785748604,7.696153895060221,47.83944341871473,22.56938599050045,26.917428970336914,73.92442321777344,0.06092330813407898,3.78137469291687,False
Poris Gaga Baru,2026-08-14,57.81051325798035,Sedang,57.81051325798035,42.080656763834824,8.511796585718791,56.930595204450086,23.606164008378983,27.04608154296875,75.89056396484375,0.02819669246673584,3.1283035278320312,False
Poris Gaga Baru,2026-08-15,60.12150349824325,Sedang,57.630263010660805,41.238721975913414,9.037624231974284,60.12150349824325,22.57098471124967,27.285043716430664,75.94631958007812,0.23687945306301117,2.7158279418945312,False
Poris Jaya,2026-08-11,69.61930606676185,Sedang,54.68164277076721,39.150714186521675,8.901579570770263,69.61930606676185,17.64286607503891,28.323246002197266,63.92744064331055,0.013748166151344776,4.054355144500732,True
Poris Jaya,2026-08-12,55.51760093371074,Sedang,55.51760093371074,34.44373263762547,7.0448393185933424,49.71221201949649,19.320119594534237,27.13053321838379,71.16356658935547,0.18225562572479248,4.196614742279053,False
Poris Jaya,2026-08-13,53.297549168268844,Sedang,53.297549168268844,38.522188785748604,7.696153895060221,47.83944341871473,22.56938599050045,26.917428970336914,73.92442321777344,0.06092330813407898,3.78137469291687,False
Poris Jaya,2026-08-14,57.81051325798035,Sedang,57.81051325798035,42.080656763834824,8.511796585718791,56.930595204450086,23.606164008378983,27.04608154296875,75.89056396484375,0.02819669246673584,3.1283035278320312,False
Poris Jaya,2026-08-15,60.12150349824325,Sedang,57.630263010660805,41.238721975913414,9.037624231974284,60.12150349824325,22.57098471124967,27.285043716430664,75.94631958007812,0.23687945306301117,2.7158279418945312,False
Poris Plawad,2026-08-11,69.61930606676185,Sedang,54.68164277076721,39.150714186521675,8.901579570770263,69.61930606676185,17.64286607503891,28.323246002197266,63.92744064331055,0.013748166151344776,4.054355144500732,True
Poris Plawad,2026-08-12,55.51760093371074,Sedang,55.51760093371074,34.44373263762547,7.0448393185933424,49.71221201949649,19.320119594534237,27.13053321838379,71.16356658935547,0.18225562572479248,4.196614742279053,False
Poris Plawad,2026-08-13,53.297549168268844,Sedang,53.297549168268844,38.522188785748604,7.696153895060221,47.83944341871473,22.56938599050045,26.917428970336914,73.92442321777344,0.06092330813407898,3.78137469291687,False
Poris Plawad,2026-08-14,57.81051325798035,Sedang,57.81051325798035,42.080656763834824,8.511796585718791,56.930595204450086,23.606164008378983,27.04608154296875,75.89056396484375,0.02819669246673584,3.1283035278320312,False
Poris Plawad,2026-08-15,60.12150349824325,Sedang,57.630263010660805,41.238721975913414,9.037624231974284,60.12150349824325,22.57098471124967,27.285043716430664,75.94631958007812,0.23687945306301117,2.7158279418945312,False
Poris Plawad Indah,2026-08-11,69.61930606676185,Sedang,54.68164277076721,39.150714186521675,8.901579570770263,69.61930606676185,17.64286607503891,28.323246002197266,63.92744064331055,0.013748166151344776,4.054355144500732,True
Poris Plawad Indah,2026-08-12,55.51760093371074,Sedang,55.51760093371074,34.44373263762547,7.0448393185933424,49.71221201949649,19.320119594534237,27.13053321838379,71.16356658935547,0.18225562572479248,4.196614742279053,False
Poris Plawad Indah,2026-08-13,53.297549168268844,Sedang,53.297549168268844,38.522188785748604,7.696153895060221,47.83944341871473,22.56938599050045,26.917428970336914,73.92442321777344,0.06092330813407898,3.78137469291687,False
Poris Plawad Indah,2026-08-14,57.81051325798035,Sedang,57.81051325798035,42.080656763834824,8.511796585718791,56.930595204450086,23.606164008378983,27.04608154296875,75.89056396484375,0.02819669246673584,3.1283035278320312,False
Poris Plawad Indah,2026-08-15,60.12150349824325,Sedang,57.630263010660805,41.238721975913414,9.037624231974284,60.12150349824325,22.57098471124967,27.285043716430664,75.94631958007812,0.23687945306301117,2.7158279418945312,False
Poris Plawad Utara,2026-08-11,69.61930606676185,Sedang,54.68164277076721,39.150714186521675,8.901579570770263,69.61930606676185,17.64286607503891,28.323246002197266,63.92744064331055,0.013748166151344776,4.054355144500732,True
Poris Plawad Utara,2026-08-12,55.51760093371074,Sedang,55.51760093371074,34.44373263762547,7.0448393185933424,49.71221201949649,19.320119594534237,27.13053321838379,71.16356658935547,0.18225562572479248,4.196614742279053,False
Poris Plawad Utara,2026-08-13,53.297549168268844,Sedang,53.297549168268844,38.522188785748604,7.696153895060221,47.83944341871473,22.56938599050045,26.917428970336914,73.92442321777344,0.06092330813407898,3.78137469291687,False
Poris Plawad Utara,2026-08-14,57.81051325798035,Sedang,57.81051325798035,42.080656763834824,8.511796585718791,56.930595204450086,23.606164008378983,27.04608154296875,75.89056396484375,0.02819669246673584,3.1283035278320312,False
Poris Plawad Utara,2026-08-15,60.12150349824325,Sedang,57.630263010660805,41.238721975913414,9.037624231974284,60.12150349824325,22.57098471124967,27.285043716430664,75.94631958007812,0.23687945306301117,2.7158279418945312,False
Pulau Harapan,2026-08-11,68.98759261421534,Sedang,56.10755372047424,53.36524713784456,7.41221022605896,68.98759261421534,16.348594203591347,27.90591049194336,68.53587341308594,0.3237781524658203,3.1219429969787598,True
Pulau Harapan,2026-08-12,66.98441497484842,Sedang,66.98441497484842,43.32534517997351,7.855143022537232,49.24069788720873,16.903809905052185,27.11531639099121,72.59671020507812,0.1665925532579422,3.4097652435302734,False
Pulau Harapan,2026-08-13,67.89016254742941,Sedang,67.89016254742941,47.021704682937035,8.598527399698895,47.57301138506996,19.70889928440253,26.850255966186523,74.57172393798828,0.03733846917748451,3.0433502197265625,False
Pulau Harapan,2026-08-14,70.48791797955832,Sedang,70.48791797955832,46.668350772979935,8.819194825490314,55.171888185584024,19.362924272815388,27.000463485717773,75.35112762451172,0.07174699753522873,2.615520715713501,False
Pulau Harapan,2026-08-15,68.57522900899252,Sedang,68.57522900899252,46.23406147345519,7.676053794225057,60.93279327171436,15.459764475623768,27.074630737304688,77.34497833251953,0.4183608293533325,2.116962194442749,False
Pulau Kelapa,2026-08-11,68.98759261421534,Sedang,56.10755372047424,53.36524713784456,7.41221022605896,68.98759261421534,16.348594203591347,27.90591049194336,68.53587341308594,0.3237781524658203,3.1219429969787598,True
Pulau Kelapa,2026-08-12,66.98441497484842,Sedang,66.98441497484842,43.32534517997351,7.855143022537232,49.24069788720873,16.903809905052185,27.11531639099121,72.59671020507812,0.1665925532579422,3.4097652435302734,False
Pulau Kelapa,2026-08-13,67.89016254742941,Sedang,67.89016254742941,47.021704682937035,8.598527399698895,47.57301138506996,19.70889928440253,26.850255966186523,74.57172393798828,0.03733846917748451,3.0433502197265625,False
Pulau Kelapa,2026-08-14,70.48791797955832,Sedang,70.48791797955832,46.668350772979935,8.819194825490314,55.171888185584024,19.362924272815388,27.000463485717773,75.35112762451172,0.07174699753522873,2.615520715713501,False
Pulau Kelapa,2026-08-15,68.57522900899252,Sedang,68.57522900899252,46.23406147345519,7.676053794225057,60.93279327171436,15.459764475623768,27.074630737304688,77.34497833251953,0.4183608293533325,2.116962194442749,False
Pulau Panggang,2026-08-11,69.61930606676185,Sedang,54.68164277076721,39.150714186521675,8.901579570770263,69.61930606676185,17.64286607503891,28.323246002197266,63.92744064331055,0.013748166151344776,4.054355144500732,True
Pulau Panggang,2026-08-12,55.51760093371074,Sedang,55.51760093371074,34.44373263762547,7.0448393185933424,49.71221201949649,19.320119594534237,27.13053321838379,71.16356658935547,0.18225562572479248,4.196614742279053,False
Pulau Panggang,2026-08-13,53.297549168268844,Sedang,53.297549168268844,38.522188785748604,7.696153895060221,47.83944341871473,22.56938599050045,26.917428970336914,73.92442321777344,0.06092330813407898,3.78137469291687,False
Pulau Panggang,2026-08-14,57.81051325798035,Sedang,57.81051325798035,42.080656763834824,8.511796585718791,56.930595204450086,23.606164008378983,27.04608154296875,75.89056396484375,0.02819669246673584,3.1283035278320312,False
Pulau Panggang,2026-08-15,60.12150349824325,Sedang,57.630263010660805,41.238721975913414,9.037624231974284,60.12150349824325,22.57098471124967,27.285043716430664,75.94631958007812,0.23687945306301117,2.7158279418945312,False
Pulau Pari,2026-08-11,69.61930606676185,Sedang,54.68164277076721,39.150714186521675,8.901579570770263,69.61930606676185,17.64286607503891,28.323246002197266,63.92744064331055,0.013748166151344776,4.054355144500732,True
Pulau Pari,2026-08-12,55.51760093371074,Sedang,55.51760093371074,34.44373263762547,7.0448393185933424,49.71221201949649,19.320119594534237,27.13053321838379,71.16356658935547,0.18225562572479248,4.196614742279053,False
Pulau Pari,2026-08-13,53.297549168268844,Sedang,53.297549168268844,38.522188785748604,7.696153895060221,47.83944341871473,22.56938599050045,26.917428970336914,73.92442321777344,0.06092330813407898,3.78137469291687,False
Pulau Pari,2026-08-14,57.81051325798035,Sedang,57.81051325798035,42.080656763834824,8.511796585718791,56.930595204450086,23.606164008378983,27.04608154296875,75.89056396484375,0.02819669246673584,3.1283035278320312,False
Pulau Pari,2026-08-15,60.12150349824325,Sedang,57.630263010660805,41.238721975913414,9.037624231974284,60.12150349824325,22.57098471124967,27.285043716430664,75.94631958007812,0.23687945306301117,2.7158279418945312,False
Pulau Tidung,2026-08-11,68.98759261421534,Sedang,56.10755372047424,53.36524713784456,7.41221022605896,68.98759261421534,16.348594203591347,27.90591049194336,68.53587341308594,0.3237781524658203,3.1219429969787598,True
Pulau Tidung,2026-08-12,66.98441497484842,Sedang,66.98441497484842,43.32534517997351,7.855143022537232,49.24069788720873,16.903809905052185,27.11531639099121,72.59671020507812,0.1665925532579422,3.4097652435302734,False
Pulau Tidung,2026-08-13,67.89016254742941,Sedang,67.89016254742941,47.021704682937035,8.598527399698895,47.57301138506996,19.70889928440253,26.850255966186523,74.57172393798828,0.03733846917748451,3.0433502197265625,False
Pulau Tidung,2026-08-14,70.48791797955832,Sedang,70.48791797955832,46.668350772979935,8.819194825490314,55.171888185584024,19.362924272815388,27.000463485717773,75.35112762451172,0.07174699753522873,2.615520715713501,False
Pulau Tidung,2026-08-15,68.57522900899252,Sedang,68.57522900899252,46.23406147345519,7.676053794225057,60.93279327171436,15.459764475623768,27.074630737304688,77.34497833251953,0.4183608293533325,2.116962194442749,False
Pulau Untung Jawa,2026-08-11,69.61930606676185,Sedang,54.68164277076721,39.150714186521675,8.901579570770263,69.61930606676185,17.64286607503891,28.323246002197266,63.92744064331055,0.013748166151344776,4.054355144500732,True
Pulau Untung Jawa,2026-08-12,55.51760093371074,Sedang,55.51760093371074,34.44373263762547,7.0448393185933424,49.71221201949649,19.320119594534237,27.13053321838379,71.16356658935547,0.18225562572479248,4.196614742279053,False
Pulau Untung Jawa,2026-08-13,53.297549168268844,Sedang,53.297549168268844,38.522188785748604,7.696153895060221,47.83944341871473,22.56938599050045,26.917428970336914,73.92442321777344,0.06092330813407898,3.78137469291687,False
Pulau Untung Jawa,2026-08-14,57.81051325798035,Sedang,57.81051325798035,42.080656763834824,8.511796585718791,56.930595204450086,23.606164008378983,27.04608154296875,75.89056396484375,0.02819669246673584,3.1283035278320312,False
Pulau Untung Jawa,2026-08-15,60.12150349824325,Sedang,57.630263010660805,41.238721975913414,9.037624231974284,60.12150349824325,22.57098471124967,27.285043716430664,75.94631958007812,0.23687945306301117,2.7158279418945312,False
Pulo,2026-08-11,77.27087933084239,Sedang,63.66243124008179,51.11113581806421,10.565989017486572,77.27087933084239,18.76606084406376,29.69847869873047,53.51408767700195,0.000821426510810852,1.7707951068878174,True
Pulo,2026-08-12,72.44329142570496,Sedang,72.44329142570496,49.460540979336464,15.718972365061441,41.79727289411756,32.18080711861452,27.948091506958008,65.233642578125,0.02689419873058796,1.837357521057129,False
Pulo,2026-08-13,74.90420134862265,Sedang,74.90420134862265,51.64715355883042,19.264214070638022,40.97539517614576,35.34249966343244,27.939382553100586,65.5433349609375,0.004883739165961742,1.7286304235458374,False
Pulo,2026-08-14,76.82530649503073,Sedang,76.82530649503073,53.504787385463715,18.211936124165856,49.348720808823906,36.60350496570269,28.06331443786621,67.26807403564453,0.08363806456327438,1.5645118951797485,False
Pulo,2026-08-15,71.8998039563497,Sedang,71.8998039563497,55.13875298202038,14.441930770874023,54.722534884577215,35.435503075520195,28.165685653686523,68.31732940673828,0.6905752420425415,1.2153081893920898,False
Pulo Gadung,2026-08-11,69.61930606676185,Sedang,54.68164277076721,39.150714186521675,8.901579570770263,69.61930606676185,17.64286607503891,28.323246002197266,63.92744064331055,0.013748166151344776,4.054355144500732,True
Pulo Gadung,2026-08-12,55.51760093371074,Sedang,55.51760093371074,34.44373263762547,7.0448393185933424,49.71221201949649,19.320119594534237,27.13053321838379,71.16356658935547,0.18225562572479248,4.196614742279053,False
Pulo Gadung,2026-08-13,53.297549168268844,Sedang,53.297549168268844,38.522188785748604,7.696153895060221,47.83944341871473,22.56938599050045,26.917428970336914,73.92442321777344,0.06092330813407898,3.78137469291687,False
Pulo Gadung,2026-08-14,57.81051325798035,Sedang,57.81051325798035,42.080656763834824,8.511796585718791,56.930595204450086,23.606164008378983,27.04608154296875,75.89056396484375,0.02819669246673584,3.1283035278320312,False
Pulo Gadung,2026-08-15,60.12150349824325,Sedang,57.630263010660805,41.238721975913414,9.037624231974284,60.12150349824325,22.57098471124967,27.285043716430664,75.94631958007812,0.23687945306301117,2.7158279418945312,False
Pulo Gebang,2026-08-11,77.27087933084239,Sedang,63.66243124008179,51.11113581806421,10.565989017486572,77.27087933084239,18.76606084406376,29.69847869873047,53.51408767700195,0.000821426510810852,1.7707951068878174,True
Pulo Gebang,2026-08-12,72.44329142570496,Sedang,72.44329142570496,49.460540979336464,15.718972365061441,41.79727289411756,32.18080711861452,27.948091506958008,65.233642578125,0.02689419873058796,1.837357521057129,False
Pulo Gebang,2026-08-13,74.90420134862265,Sedang,74.90420134862265,51.64715355883042,19.264214070638022,40.97539517614576,35.34249966343244,27.939382553100586,65.5433349609375,0.004883739165961742,1.7286304235458374,False
Pulo Gebang,2026-08-14,76.82530649503073,Sedang,76.82530649503073,53.504787385463715,18.211936124165856,49.348720808823906,36.60350496570269,28.06331443786621,67.26807403564453,0.08363806456327438,1.5645118951797485,False
Pulo Gebang,2026-08-15,71.8998039563497,Sedang,71.8998039563497,55.13875298202038,14.441930770874023,54.722534884577215,35.435503075520195,28.165685653686523,68.31732940673828,0.6905752420425415,1.2153081893920898,False
Ragunan,2026-08-11,77.27087933084239,Sedang,63.66243124008179,51.11113581806421,10.565989017486572,77.27087933084239,18.76606084406376,29.69847869873047,53.51408767700195,0.000821426510810852,1.7707951068878174,True
Ragunan,2026-08-12,72.44329142570496,Sedang,72.44329142570496,49.460540979336464,15.718972365061441,41.79727289411756,32.18080711861452,27.948091506958008,65.233642578125,0.02689419873058796,1.837357521057129,False
Ragunan,2026-08-13,74.90420134862265,Sedang,74.90420134862265,51.64715355883042,19.264214070638022,40.97539517614576,35.34249966343244,27.939382553100586,65.5433349609375,0.004883739165961742,1.7286304235458374,False
Ragunan,2026-08-14,76.82530649503073,Sedang,76.82530649503073,53.504787385463715,18.211936124165856,49.348720808823906,36.60350496570269,28.06331443786621,67.26807403564453,0.08363806456327438,1.5645118951797485,False
Ragunan,2026-08-15,71.8998039563497,Sedang,71.8998039563497,55.13875298202038,14.441930770874023,54.722534884577215,35.435503075520195,28.165685653686523,68.31732940673828,0.6905752420425415,1.2153081893920898,False
Rambutan,2026-08-11,77.27087933084239,Sedang,63.66243124008179,51.11113581806421,10.565989017486572,77.27087933084239,18.76606084406376,29.69847869873047,53.51408767700195,0.000821426510810852,1.7707951068878174,True
Rambutan,2026-08-12,72.44329142570496,Sedang,72.44329142570496,49.460540979336464,15.718972365061441,41.79727289411756,32.18080711861452,27.948091506958008,65.233642578125,0.02689419873058796,1.837357521057129,False
Rambutan,2026-08-13,74.90420134862265,Sedang,74.90420134862265,51.64715355883042,19.264214070638022,40.97539517614576,35.34249966343244,27.939382553100586,65.5433349609375,0.004883739165961742,1.7286304235458374,False
Rambutan,2026-08-14,76.82530649503073,Sedang,76.82530649503073,53.504787385463715,18.211936124165856,49.348720808823906,36.60350496570269,28.06331443786621,67.26807403564453,0.08363806456327438,1.5645118951797485,False
Rambutan,2026-08-15,71.8998039563497,Sedang,71.8998039563497,55.13875298202038,14.441930770874023,54.722534884577215,35.435503075520195,28.165685653686523,68.31732940673828,0.6905752420425415,1.2153081893920898,False
Rawa Badak Selatan,2026-08-11,69.61930606676185,Sedang,54.68164277076721,39.150714186521675,8.901579570770263,69.61930606676185,17.64286607503891,28.323246002197266,63.92744064331055,0.013748166151344776,4.054355144500732,True
Rawa Badak Selatan,2026-08-12,55.51760093371074,Sedang,55.51760093371074,34.44373263762547,7.0448393185933424,49.71221201949649,19.320119594534237,27.13053321838379,71.16356658935547,0.18225562572479248,4.196614742279053,False
Rawa Badak Selatan,2026-08-13,53.297549168268844,Sedang,53.297549168268844,38.522188785748604,7.696153895060221,47.83944341871473,22.56938599050045,26.917428970336914,73.92442321777344,0.06092330813407898,3.78137469291687,False
Rawa Badak Selatan,2026-08-14,57.81051325798035,Sedang,57.81051325798035,42.080656763834824,8.511796585718791,56.930595204450086,23.606164008378983,27.04608154296875,75.89056396484375,0.02819669246673584,3.1283035278320312,False
Rawa Badak Selatan,2026-08-15,60.12150349824325,Sedang,57.630263010660805,41.238721975913414,9.037624231974284,60.12150349824325,22.57098471124967,27.285043716430664,75.94631958007812,0.23687945306301117,2.7158279418945312,False
Rawa Badak Utara,2026-08-11,69.61930606676185,Sedang,54.68164277076721,39.150714186521675,8.901579570770263,69.61930606676185,17.64286607503891,28.323246002197266,63.92744064331055,0.013748166151344776,4.054355144500732,True
Rawa Badak Utara,2026-08-12,55.51760093371074,Sedang,55.51760093371074,34.44373263762547,7.0448393185933424,49.71221201949649,19.320119594534237,27.13053321838379,71.16356658935547,0.18225562572479248,4.196614742279053,False
Rawa Badak Utara,2026-08-13,53.297549168268844,Sedang,53.297549168268844,38.522188785748604,7.696153895060221,47.83944341871473,22.56938599050045,26.917428970336914,73.92442321777344,0.06092330813407898,3.78137469291687,False
Rawa Badak Utara,2026-08-14,57.81051325798035,Sedang,57.81051325798035,42.080656763834824,8.511796585718791,56.930595204450086,23.606164008378983,27.04608154296875,75.89056396484375,0.02819669246673584,3.1283035278320312,False
Rawa Badak Utara,2026-08-15,60.12150349824325,Sedang,57.630263010660805,41.238721975913414,9.037624231974284,60.12150349824325,22.57098471124967,27.285043716430664,75.94631958007812,0.23687945306301117,2.7158279418945312,False
Rawa Barat,2026-08-11,77.27087933084239,Sedang,63.66243124008179,51.11113581806421,10.565989017486572,77.27087933084239,18.76606084406376,29.69847869873047,53.51408767700195,0.000821426510810852,1.7707951068878174,True
Rawa Barat,2026-08-12,72.44329142570496,Sedang,72.44329142570496,49.460540979336464,15.718972365061441,41.79727289411756,32.18080711861452,27.948091506958008,65.233642578125,0.02689419873058796,1.837357521057129,False
Rawa Barat,2026-08-13,74.90420134862265,Sedang,74.90420134862265,51.64715355883042,19.264214070638022,40.97539517614576,35.34249966343244,27.939382553100586,65.5433349609375,0.004883739165961742,1.7286304235458374,False
Rawa Barat,2026-08-14,76.82530649503073,Sedang,76.82530649503073,53.504787385463715,18.211936124165856,49.348720808823906,36.60350496570269,28.06331443786621,67.26807403564453,0.08363806456327438,1.5645118951797485,False
Rawa Barat,2026-08-15,71.8998039563497,Sedang,71.8998039563497,55.13875298202038,14.441930770874023,54.722534884577215,35.435503075520195,28.165685653686523,68.31732940673828,0.6905752420425415,1.2153081893920898,False
Rawa Buaya,2026-08-11,69.61930606676185,Sedang,54.68164277076721,39.150714186521675,8.901579570770263,69.61930606676185,17.64286607503891,28.323246002197266,63.92744064331055,0.013748166151344776,4.054355144500732,True
Rawa Buaya,2026-08-12,55.51760093371074,Sedang,55.51760093371074,34.44373263762547,7.0448393185933424,49.71221201949649,19.320119594534237,27.13053321838379,71.16356658935547,0.18225562572479248,4.196614742279053,False
Rawa Buaya,2026-08-13,53.297549168268844,Sedang,53.297549168268844,38.522188785748604,7.696153895060221,47.83944341871473,22.56938599050045,26.917428970336914,73.92442321777344,0.06092330813407898,3.78137469291687,False
Rawa Buaya,2026-08-14,57.81051325798035,Sedang,57.81051325798035,42.080656763834824,8.511796585718791,56.930595204450086,23.606164008378983,27.04608154296875,75.89056396484375,0.02819669246673584,3.1283035278320312,False
Rawa Buaya,2026-08-15,60.12150349824325,Sedang,57.630263010660805,41.238721975913414,9.037624231974284,60.12150349824325,22.57098471124967,27.285043716430664,75.94631958007812,0.23687945306301117,2.7158279418945312,False
Rawa Bunga,2026-08-11,77.27087933084239,Sedang,63.66243124008179,51.11113581806421,10.565989017486572,77.27087933084239,18.76606084406376,29.69847869873047,53.51408767700195,0.000821426510810852,1.7707951068878174,True
Rawa Bunga,2026-08-12,72.44329142570496,Sedang,72.44329142570496,49.460540979336464,15.718972365061441,41.79727289411756,32.18080711861452,27.948091506958008,65.233642578125,0.02689419873058796,1.837357521057129,False
Rawa Bunga,2026-08-13,74.90420134862265,Sedang,74.90420134862265,51.64715355883042,19.264214070638022,40.97539517614576,35.34249966343244,27.939382553100586,65.5433349609375,0.004883739165961742,1.7286304235458374,False
Rawa Bunga,2026-08-14,76.82530649503073,Sedang,76.82530649503073,53.504787385463715,18.211936124165856,49.348720808823906,36.60350496570269,28.06331443786621,67.26807403564453,0.08363806456327438,1.5645118951797485,False
Rawa Bunga,2026-08-15,71.8998039563497,Sedang,71.8998039563497,55.13875298202038,14.441930770874023,54.722534884577215,35.435503075520195,28.165685653686523,68.31732940673828,0.6905752420425415,1.2153081893920898,False
Rawa Terate,2026-08-11,69.61930606676185,Sedang,54.68164277076721,39.150714186521675,8.901579570770263,69.61930606676185,17.64286607503891,28.323246002197266,63.92744064331055,0.013748166151344776,4.054355144500732,True
Rawa Terate,2026-08-12,55.51760093371074,Sedang,55.51760093371074,34.44373263762547,7.0448393185933424,49.71221201949649,19.320119594534237,27.13053321838379,71.16356658935547,0.18225562572479248,4.196614742279053,False
Rawa Terate,2026-08-13,53.297549168268844,Sedang,53.297549168268844,38.522188785748604,7.696153895060221,47.83944341871473,22.56938599050045,26.917428970336914,73.92442321777344,0.06092330813407898,3.78137469291687,False
Rawa Terate,2026-08-14,57.81051325798035,Sedang,57.81051325798035,42.080656763834824,8.511796585718791,56.930595204450086,23.606164008378983,27.04608154296875,75.89056396484375,0.02819669246673584,3.1283035278320312,False
Rawa Terate,2026-08-15,60.12150349824325,Sedang,57.630263010660805,41.238721975913414,9.037624231974284,60.12150349824325,22.57098471124967,27.285043716430664,75.94631958007812,0.23687945306301117,2.7158279418945312,False
Rawajati,2026-08-11,77.27087933084239,Sedang,63.66243124008179,51.11113581806421,10.565989017486572,77.27087933084239,18.76606084406376,29.69847869873047,53.51408767700195,0.000821426510810852,1.7707951068878174,True
Rawajati,2026-08-12,72.44329142570496,Sedang,72.44329142570496,49.460540979336464,15.718972365061441,41.79727289411756,32.18080711861452,27.948091506958008,65.233642578125,0.02689419873058796,1.837357521057129,False
Rawajati,2026-08-13,74.90420134862265,Sedang,74.90420134862265,51.64715355883042,19.264214070638022,40.97539517614576,35.34249966343244,27.939382553100586,65.5433349609375,0.004883739165961742,1.7286304235458374,False
Rawajati,2026-08-14,76.82530649503073,Sedang,76.82530649503073,53.504787385463715,18.211936124165856,49.348720808823906,36.60350496570269,28.06331443786621,67.26807403564453,0.08363806456327438,1.5645118951797485,False
Rawajati,2026-08-15,71.8998039563497,Sedang,71.8998039563497,55.13875298202038,14.441930770874023,54.722534884577215,35.435503075520195,28.165685653686523,68.31732940673828,0.6905752420425415,1.2153081893920898,False
Rawamangun,2026-08-11,69.61930606676185,Sedang,54.68164277076721,39.150714186521675,8.901579570770263,69.61930606676185,17.64286607503891,28.323246002197266,63.92744064331055,0.013748166151344776,4.054355144500732,True
Rawamangun,2026-08-12,55.51760093371074,Sedang,55.51760093371074,34.44373263762547,7.0448393185933424,49.71221201949649,19.320119594534237,27.13053321838379,71.16356658935547,0.18225562572479248,4.196614742279053,False
Rawamangun,2026-08-13,53.297549168268844,Sedang,53.297549168268844,38.522188785748604,7.696153895060221,47.83944341871473,22.56938599050045,26.917428970336914,73.92442321777344,0.06092330813407898,3.78137469291687,False
Rawamangun,2026-08-14,57.81051325798035,Sedang,57.81051325798035,42.080656763834824,8.511796585718791,56.930595204450086,23.606164008378983,27.04608154296875,75.89056396484375,0.02819669246673584,3.1283035278320312,False
Rawamangun,2026-08-15,60.12150349824325,Sedang,57.630263010660805,41.238721975913414,9.037624231974284,60.12150349824325,22.57098471124967,27.285043716430664,75.94631958007812,0.23687945306301117,2.7158279418945312,False
Rawasari,2026-08-11,69.61930606676185,Sedang,54.68164277076721,39.150714186521675,8.901579570770263,69.61930606676185,17.64286607503891,28.323246002197266,63.92744064331055,0.013748166151344776,4.054355144500732,True
Rawasari,2026-08-12,55.51760093371074,Sedang,55.51760093371074,34.44373263762547,7.0448393185933424,49.71221201949649,19.320119594534237,27.13053321838379,71.16356658935547,0.18225562572479248,4.196614742279053,False
Rawasari,2026-08-13,53.297549168268844,Sedang,53.297549168268844,38.522188785748604,7.696153895060221,47.83944341871473,22.56938599050045,26.917428970336914,73.92442321777344,0.06092330813407898,3.78137469291687,False
Rawasari,2026-08-14,57.81051325798035,Sedang,57.81051325798035,42.080656763834824,8.511796585718791,56.930595204450086,23.606164008378983,27.04608154296875,75.89056396484375,0.02819669246673584,3.1283035278320312,False
Rawasari,2026-08-15,60.12150349824325,Sedang,57.630263010660805,41.238721975913414,9.037624231974284,60.12150349824325,22.57098471124967,27.285043716430664,75.94631958007812,0.23687945306301117,2.7158279418945312,False
Roa Malaka,2026-08-11,69.61930606676185,Sedang,54.68164277076721,39.150714186521675,8.901579570770263,69.61930606676185,17.64286607503891,28.323246002197266,63.92744064331055,0.013748166151344776,4.054355144500732,True
Roa Malaka,2026-08-12,55.51760093371074,Sedang,55.51760093371074,34.44373263762547,7.0448393185933424,49.71221201949649,19.320119594534237,27.13053321838379,71.16356658935547,0.18225562572479248,4.196614742279053,False
Roa Malaka,2026-08-13,53.297549168268844,Sedang,53.297549168268844,38.522188785748604,7.696153895060221,47.83944341871473,22.56938599050045,26.917428970336914,73.92442321777344,0.06092330813407898,3.78137469291687,False
Roa Malaka,2026-08-14,57.81051325798035,Sedang,57.81051325798035,42.080656763834824,8.511796585718791,56.930595204450086,23.606164008378983,27.04608154296875,75.89056396484375,0.02819669246673584,3.1283035278320312,False
Roa Malaka,2026-08-15,60.12150349824325,Sedang,57.630263010660805,41.238721975913414,9.037624231974284,60.12150349824325,22.57098471124967,27.285043716430664,75.94631958007812,0.23687945306301117,2.7158279418945312,False
Rorotan,2026-08-11,69.61930606676185,Sedang,54.68164277076721,39.150714186521675,8.901579570770263,69.61930606676185,17.64286607503891,28.323246002197266,63.92744064331055,0.013748166151344776,4.054355144500732,True
Rorotan,2026-08-12,55.51760093371074,Sedang,55.51760093371074,34.44373263762547,7.0448393185933424,49.71221201949649,19.320119594534237,27.13053321838379,71.16356658935547,0.18225562572479248,4.196614742279053,False
Rorotan,2026-08-13,53.297549168268844,Sedang,53.297549168268844,38.522188785748604,7.696153895060221,47.83944341871473,22.56938599050045,26.917428970336914,73.92442321777344,0.06092330813407898,3.78137469291687,False
Rorotan,2026-08-14,57.81051325798035,Sedang,57.81051325798035,42.080656763834824,8.511796585718791,56.930595204450086,23.606164008378983,27.04608154296875,75.89056396484375,0.02819669246673584,3.1283035278320312,False
Rorotan,2026-08-15,60.12150349824325,Sedang,57.630263010660805,41.238721975913414,9.037624231974284,60.12150349824325,22.57098471124967,27.285043716430664,75.94631958007812,0.23687945306301117,2.7158279418945312,False
Sangiang Jaya,2026-08-11,68.98759261421534,Sedang,56.10755372047424,53.36524713784456,7.41221022605896,68.98759261421534,16.348594203591347,27.90591049194336,68.53587341308594,0.3237781524658203,3.1219429969787598,True
Sangiang Jaya,2026-08-12,66.98441497484842,Sedang,66.98441497484842,43.32534517997351,7.855143022537232,49.24069788720873,16.903809905052185,27.11531639099121,72.59671020507812,0.1665925532579422,3.4097652435302734,False
Sangiang Jaya,2026-08-13,67.89016254742941,Sedang,67.89016254742941,47.021704682937035,8.598527399698895,47.57301138506996,19.70889928440253,26.850255966186523,74.57172393798828,0.03733846917748451,3.0433502197265625,False
Sangiang Jaya,2026-08-14,70.48791797955832,Sedang,70.48791797955832,46.668350772979935,8.819194825490314,55.171888185584024,19.362924272815388,27.000463485717773,75.35112762451172,0.07174699753522873,2.615520715713501,False
Sangiang Jaya,2026-08-15,68.57522900899252,Sedang,68.57522900899252,46.23406147345519,7.676053794225057,60.93279327171436,15.459764475623768,27.074630737304688,77.34497833251953,0.4183608293533325,2.116962194442749,False
Selapajang Jaya,2026-08-11,69.61930606676185,Sedang,54.68164277076721,39.150714186521675,8.901579570770263,69.61930606676185,17.64286607503891,28.323246002197266,63.92744064331055,0.013748166151344776,4.054355144500732,True
Selapajang Jaya,2026-08-12,55.51760093371074,Sedang,55.51760093371074,34.44373263762547,7.0448393185933424,49.71221201949649,19.320119594534237,27.13053321838379,71.16356658935547,0.18225562572479248,4.196614742279053,False
Selapajang Jaya,2026-08-13,53.297549168268844,Sedang,53.297549168268844,38.522188785748604,7.696153895060221,47.83944341871473,22.56938599050045,26.917428970336914,73.92442321777344,0.06092330813407898,3.78137469291687,False
Selapajang Jaya,2026-08-14,57.81051325798035,Sedang,57.81051325798035,42.080656763834824,8.511796585718791,56.930595204450086,23.606164008378983,27.04608154296875,75.89056396484375,0.02819669246673584,3.1283035278320312,False
Selapajang Jaya,2026-08-15,60.12150349824325,Sedang,57.630263010660805,41.238721975913414,9.037624231974284,60.12150349824325,22.57098471124967,27.285043716430664,75.94631958007812,0.23687945306301117,2.7158279418945312,False
Selong,2026-08-11,77.27087933084239,Sedang,63.66243124008179,51.11113581806421,10.565989017486572,77.27087933084239,18.76606084406376,29.69847869873047,53.51408767700195,0.000821426510810852,1.7707951068878174,True
Selong,2026-08-12,72.44329142570496,Sedang,72.44329142570496,49.460540979336464,15.718972365061441,41.79727289411756,32.18080711861452,27.948091506958008,65.233642578125,0.02689419873058796,1.837357521057129,False
Selong,2026-08-13,74.90420134862265,Sedang,74.90420134862265,51.64715355883042,19.264214070638022,40.97539517614576,35.34249966343244,27.939382553100586,65.5433349609375,0.004883739165961742,1.7286304235458374,False
Selong,2026-08-14,76.82530649503073,Sedang,76.82530649503073,53.504787385463715,18.211936124165856,49.348720808823906,36.60350496570269,28.06331443786621,67.26807403564453,0.08363806456327438,1.5645118951797485,False
Selong,2026-08-15,71.8998039563497,Sedang,71.8998039563497,55.13875298202038,14.441930770874023,54.722534884577215,35.435503075520195,28.165685653686523,68.31732940673828,0.6905752420425415,1.2153081893920898,False
Semanan,2026-08-11,69.61930606676185,Sedang,54.68164277076721,39.150714186521675,8.901579570770263,69.61930606676185,17.64286607503891,28.323246002197266,63.92744064331055,0.013748166151344776,4.054355144500732,True
Semanan,2026-08-12,55.51760093371074,Sedang,55.51760093371074,34.44373263762547,7.0448393185933424,49.71221201949649,19.320119594534237,27.13053321838379,71.16356658935547,0.18225562572479248,4.196614742279053,False
Semanan,2026-08-13,53.297549168268844,Sedang,53.297549168268844,38.522188785748604,7.696153895060221,47.83944341871473,22.56938599050045,26.917428970336914,73.92442321777344,0.06092330813407898,3.78137469291687,False
Semanan,2026-08-14,57.81051325798035,Sedang,57.81051325798035,42.080656763834824,8.511796585718791,56.930595204450086,23.606164008378983,27.04608154296875,75.89056396484375,0.02819669246673584,3.1283035278320312,False
Semanan,2026-08-15,60.12150349824325,Sedang,57.630263010660805,41.238721975913414,9.037624231974284,60.12150349824325,22.57098471124967,27.285043716430664,75.94631958007812,0.23687945306301117,2.7158279418945312,False
Semper Barat,2026-08-11,69.61930606676185,Sedang,54.68164277076721,39.150714186521675,8.901579570770263,69.61930606676185,17.64286607503891,28.323246002197266,63.92744064331055,0.013748166151344776,4.054355144500732,True
Semper Barat,2026-08-12,55.51760093371074,Sedang,55.51760093371074,34.44373263762547,7.0448393185933424,49.71221201949649,19.320119594534237,27.13053321838379,71.16356658935547,0.18225562572479248,4.196614742279053,False
Semper Barat,2026-08-13,53.297549168268844,Sedang,53.297549168268844,38.522188785748604,7.696153895060221,47.83944341871473,22.56938599050045,26.917428970336914,73.92442321777344,0.06092330813407898,3.78137469291687,False
Semper Barat,2026-08-14,57.81051325798035,Sedang,57.81051325798035,42.080656763834824,8.511796585718791,56.930595204450086,23.606164008378983,27.04608154296875,75.89056396484375,0.02819669246673584,3.1283035278320312,False
Semper Barat,2026-08-15,60.12150349824325,Sedang,57.630263010660805,41.238721975913414,9.037624231974284,60.12150349824325,22.57098471124967,27.285043716430664,75.94631958007812,0.23687945306301117,2.7158279418945312,False
Semper Timur,2026-08-11,69.61930606676185,Sedang,54.68164277076721,39.150714186521675,8.901579570770263,69.61930606676185,17.64286607503891,28.323246002197266,63.92744064331055,0.013748166151344776,4.054355144500732,True
Semper Timur,2026-08-12,55.51760093371074,Sedang,55.51760093371074,34.44373263762547,7.0448393185933424,49.71221201949649,19.320119594534237,27.13053321838379,71.16356658935547,0.18225562572479248,4.196614742279053,False
Semper Timur,2026-08-13,53.297549168268844,Sedang,53.297549168268844,38.522188785748604,7.696153895060221,47.83944341871473,22.56938599050045,26.917428970336914,73.92442321777344,0.06092330813407898,3.78137469291687,False
Semper Timur,2026-08-14,57.81051325798035,Sedang,57.81051325798035,42.080656763834824,8.511796585718791,56.930595204450086,23.606164008378983,27.04608154296875,75.89056396484375,0.02819669246673584,3.1283035278320312,False
Semper Timur,2026-08-15,60.12150349824325,Sedang,57.630263010660805,41.238721975913414,9.037624231974284,60.12150349824325,22.57098471124967,27.285043716430664,75.94631958007812,0.23687945306301117,2.7158279418945312,False
Senayan,2026-08-11,77.27087933084239,Sedang,63.66243124008179,51.11113581806421,10.565989017486572,77.27087933084239,18.76606084406376,29.69847869873047,53.51408767700195,0.000821426510810852,1.7707951068878174,True
Senayan,2026-08-12,72.44329142570496,Sedang,72.44329142570496,49.460540979336464,15.718972365061441,41.79727289411756,32.18080711861452,27.948091506958008,65.233642578125,0.02689419873058796,1.837357521057129,False
Senayan,2026-08-13,74.90420134862265,Sedang,74.90420134862265,51.64715355883042,19.264214070638022,40.97539517614576,35.34249966343244,27.939382553100586,65.5433349609375,0.004883739165961742,1.7286304235458374,False
Senayan,2026-08-14,76.82530649503073,Sedang,76.82530649503073,53.504787385463715,18.211936124165856,49.348720808823906,36.60350496570269,28.06331443786621,67.26807403564453,0.08363806456327438,1.5645118951797485,False
Senayan,2026-08-15,71.8998039563497,Sedang,71.8998039563497,55.13875298202038,14.441930770874023,54.722534884577215,35.435503075520195,28.165685653686523,68.31732940673828,0.6905752420425415,1.2153081893920898,False
Senen,2026-08-11,69.61930606676185,Sedang,54.68164277076721,39.150714186521675,8.901579570770263,69.61930606676185,17.64286607503891,28.323246002197266,63.92744064331055,0.013748166151344776,4.054355144500732,True
Senen,2026-08-12,55.51760093371074,Sedang,55.51760093371074,34.44373263762547,7.0448393185933424,49.71221201949649,19.320119594534237,27.13053321838379,71.16356658935547,0.18225562572479248,4.196614742279053,False
Senen,2026-08-13,53.297549168268844,Sedang,53.297549168268844,38.522188785748604,7.696153895060221,47.83944341871473,22.56938599050045,26.917428970336914,73.92442321777344,0.06092330813407898,3.78137469291687,False
Senen,2026-08-14,57.81051325798035,Sedang,57.81051325798035,42.080656763834824,8.511796585718791,56.930595204450086,23.606164008378983,27.04608154296875,75.89056396484375,0.02819669246673584,3.1283035278320312,False
Senen,2026-08-15,60.12150349824325,Sedang,57.630263010660805,41.238721975913414,9.037624231974284,60.12150349824325,22.57098471124967,27.285043716430664,75.94631958007812,0.23687945306301117,2.7158279418945312,False
Serdang,2026-08-11,69.61930606676185,Sedang,54.68164277076721,39.150714186521675,8.901579570770263,69.61930606676185,17.64286607503891,28.323246002197266,63.92744064331055,0.013748166151344776,4.054355144500732,True
Serdang,2026-08-12,55.51760093371074,Sedang,55.51760093371074,34.44373263762547,7.0448393185933424,49.71221201949649,19.320119594534237,27.13053321838379,71.16356658935547,0.18225562572479248,4.196614742279053,False
Serdang,2026-08-13,53.297549168268844,Sedang,53.297549168268844,38.522188785748604,7.696153895060221,47.83944341871473,22.56938599050045,26.917428970336914,73.92442321777344,0.06092330813407898,3.78137469291687,False
Serdang,2026-08-14,57.81051325798035,Sedang,57.81051325798035,42.080656763834824,8.511796585718791,56.930595204450086,23.606164008378983,27.04608154296875,75.89056396484375,0.02819669246673584,3.1283035278320312,False
Serdang,2026-08-15,60.12150349824325,Sedang,57.630263010660805,41.238721975913414,9.037624231974284,60.12150349824325,22.57098471124967,27.285043716430664,75.94631958007812,0.23687945306301117,2.7158279418945312,False
Setiabudi,2026-08-11,77.27087933084239,Sedang,63.66243124008179,51.11113581806421,10.565989017486572,77.27087933084239,18.76606084406376,29.69847869873047,53.51408767700195,0.000821426510810852,1.7707951068878174,True
Setiabudi,2026-08-12,72.44329142570496,Sedang,72.44329142570496,49.460540979336464,15.718972365061441,41.79727289411756,32.18080711861452,27.948091506958008,65.233642578125,0.02689419873058796,1.837357521057129,False
Setiabudi,2026-08-13,74.90420134862265,Sedang,74.90420134862265,51.64715355883042,19.264214070638022,40.97539517614576,35.34249966343244,27.939382553100586,65.5433349609375,0.004883739165961742,1.7286304235458374,False
Setiabudi,2026-08-14,76.82530649503073,Sedang,76.82530649503073,53.504787385463715,18.211936124165856,49.348720808823906,36.60350496570269,28.06331443786621,67.26807403564453,0.08363806456327438,1.5645118951797485,False
Setiabudi,2026-08-15,71.8998039563497,Sedang,71.8998039563497,55.13875298202038,14.441930770874023,54.722534884577215,35.435503075520195,28.165685653686523,68.31732940673828,0.6905752420425415,1.2153081893920898,False
Setu,2026-08-11,77.27087933084239,Sedang,63.66243124008179,51.11113581806421,10.565989017486572,77.27087933084239,18.76606084406376,29.69847869873047,53.51408767700195,0.000821426510810852,1.7707951068878174,True
Setu,2026-08-12,72.44329142570496,Sedang,72.44329142570496,49.460540979336464,15.718972365061441,41.79727289411756,32.18080711861452,27.948091506958008,65.233642578125,0.02689419873058796,1.837357521057129,False
Setu,2026-08-13,74.90420134862265,Sedang,74.90420134862265,51.64715355883042,19.264214070638022,40.97539517614576,35.34249966343244,27.939382553100586,65.5433349609375,0.004883739165961742,1.7286304235458374,False
Setu,2026-08-14,76.82530649503073,Sedang,76.82530649503073,53.504787385463715,18.211936124165856,49.348720808823906,36.60350496570269,28.06331443786621,67.26807403564453,0.08363806456327438,1.5645118951797485,False
Setu,2026-08-15,71.8998039563497,Sedang,71.8998039563497,55.13875298202038,14.441930770874023,54.722534884577215,35.435503075520195,28.165685653686523,68.31732940673828,0.6905752420425415,1.2153081893920898,False
Slipi,2026-08-11,69.61930606676185,Sedang,54.68164277076721,39.150714186521675,8.901579570770263,69.61930606676185,17.64286607503891,28.323246002197266,63.92744064331055,0.013748166151344776,4.054355144500732,True
Slipi,2026-08-12,55.51760093371074,Sedang,55.51760093371074,34.44373263762547,7.0448393185933424,49.71221201949649,19.320119594534237,27.13053321838379,71.16356658935547,0.18225562572479248,4.196614742279053,False
Slipi,2026-08-13,53.297549168268844,Sedang,53.297549168268844,38.522188785748604,7.696153895060221,47.83944341871473,22.56938599050045,26.917428970336914,73.92442321777344,0.06092330813407898,3.78137469291687,False
Slipi,2026-08-14,57.81051325798035,Sedang,57.81051325798035,42.080656763834824,8.511796585718791,56.930595204450086,23.606164008378983,27.04608154296875,75.89056396484375,0.02819669246673584,3.1283035278320312,False
Slipi,2026-08-15,60.12150349824325,Sedang,57.630263010660805,41.238721975913414,9.037624231974284,60.12150349824325,22.57098471124967,27.285043716430664,75.94631958007812,0.23687945306301117,2.7158279418945312,False
Srengseng,2026-08-11,77.27087933084239,Sedang,63.66243124008179,51.11113581806421,10.565989017486572,77.27087933084239,18.76606084406376,29.69847869873047,53.51408767700195,0.000821426510810852,1.7707951068878174,True
Srengseng,2026-08-12,72.44329142570496,Sedang,72.44329142570496,49.460540979336464,15.718972365061441,41.79727289411756,32.18080711861452,27.948091506958008,65.233642578125,0.02689419873058796,1.837357521057129,False
Srengseng,2026-08-13,74.90420134862265,Sedang,74.90420134862265,51.64715355883042,19.264214070638022,40.97539517614576,35.34249966343244,27.939382553100586,65.5433349609375,0.004883739165961742,1.7286304235458374,False
Srengseng,2026-08-14,76.82530649503073,Sedang,76.82530649503073,53.504787385463715,18.211936124165856,49.348720808823906,36.60350496570269,28.06331443786621,67.26807403564453,0.08363806456327438,1.5645118951797485,False
Srengseng,2026-08-15,71.8998039563497,Sedang,71.8998039563497,55.13875298202038,14.441930770874023,54.722534884577215,35.435503075520195,28.165685653686523,68.31732940673828,0.6905752420425415,1.2153081893920898,False
Srengseng Sawah,2026-08-11,77.27087933084239,Sedang,63.66243124008179,51.11113581806421,10.565989017486572,77.27087933084239,18.76606084406376,29.69847869873047,53.51408767700195,0.000821426510810852,1.7707951068878174,True
Srengseng Sawah,2026-08-12,72.44329142570496,Sedang,72.44329142570496,49.460540979336464,15.718972365061441,41.79727289411756,32.18080711861452,27.948091506958008,65.233642578125,0.02689419873058796,1.837357521057129,False
Srengseng Sawah,2026-08-13,74.90420134862265,Sedang,74.90420134862265,51.64715355883042,19.264214070638022,40.97539517614576,35.34249966343244,27.939382553100586,65.5433349609375,0.004883739165961742,1.7286304235458374,False
Srengseng Sawah,2026-08-14,76.82530649503073,Sedang,76.82530649503073,53.504787385463715,18.211936124165856,49.348720808823906,36.60350496570269,28.06331443786621,67.26807403564453,0.08363806456327438,1.5645118951797485,False
Srengseng Sawah,2026-08-15,71.8998039563497,Sedang,71.8998039563497,55.13875298202038,14.441930770874023,54.722534884577215,35.435503075520195,28.165685653686523,68.31732940673828,0.6905752420425415,1.2153081893920898,False
Sudimara Barat,2026-08-11,77.27087933084239,Sedang,63.66243124008179,51.11113581806421,10.565989017486572,77.27087933084239,18.76606084406376,29.69847869873047,53.51408767700195,0.000821426510810852,1.7707951068878174,True
Sudimara Barat,2026-08-12,72.44329142570496,Sedang,72.44329142570496,49.460540979336464,15.718972365061441,41.79727289411756,32.18080711861452,27.948091506958008,65.233642578125,0.02689419873058796,1.837357521057129,False
Sudimara Barat,2026-08-13,74.90420134862265,Sedang,74.90420134862265,51.64715355883042,19.264214070638022,40.97539517614576,35.34249966343244,27.939382553100586,65.5433349609375,0.004883739165961742,1.7286304235458374,False
Sudimara Barat,2026-08-14,76.82530649503073,Sedang,76.82530649503073,53.504787385463715,18.211936124165856,49.348720808823906,36.60350496570269,28.06331443786621,67.26807403564453,0.08363806456327438,1.5645118951797485,False
Sudimara Barat,2026-08-15,71.8998039563497,Sedang,71.8998039563497,55.13875298202038,14.441930770874023,54.722534884577215,35.435503075520195,28.165685653686523,68.31732940673828,0.6905752420425415,1.2153081893920898,False
Sudimara Jaya,2026-08-11,77.27087933084239,Sedang,63.66243124008179,51.11113581806421,10.565989017486572,77.27087933084239,18.76606084406376,29.69847869873047,53.51408767700195,0.000821426510810852,1.7707951068878174,True
Sudimara Jaya,2026-08-12,72.44329142570496,Sedang,72.44329142570496,49.460540979336464,15.718972365061441,41.79727289411756,32.18080711861452,27.948091506958008,65.233642578125,0.02689419873058796,1.837357521057129,False
Sudimara Jaya,2026-08-13,74.90420134862265,Sedang,74.90420134862265,51.64715355883042,19.264214070638022,40.97539517614576,35.34249966343244,27.939382553100586,65.5433349609375,0.004883739165961742,1.7286304235458374,False
Sudimara Jaya,2026-08-14,76.82530649503073,Sedang,76.82530649503073,53.504787385463715,18.211936124165856,49.348720808823906,36.60350496570269,28.06331443786621,67.26807403564453,0.08363806456327438,1.5645118951797485,False
Sudimara Jaya,2026-08-15,71.8998039563497,Sedang,71.8998039563497,55.13875298202038,14.441930770874023,54.722534884577215,35.435503075520195,28.165685653686523,68.31732940673828,0.6905752420425415,1.2153081893920898,False
Sudimara Pinang,2026-08-11,77.27087933084239,Sedang,63.66243124008179,51.11113581806421,10.565989017486572,77.27087933084239,18.76606084406376,29.69847869873047,53.51408767700195,0.000821426510810852,1.7707951068878174,True
Sudimara Pinang,2026-08-12,72.44329142570496,Sedang,72.44329142570496,49.460540979336464,15.718972365061441,41.79727289411756,32.18080711861452,27.948091506958008,65.233642578125,0.02689419873058796,1.837357521057129,False
Sudimara Pinang,2026-08-13,74.90420134862265,Sedang,74.90420134862265,51.64715355883042,19.264214070638022,40.97539517614576,35.34249966343244,27.939382553100586,65.5433349609375,0.004883739165961742,1.7286304235458374,False
Sudimara Pinang,2026-08-14,76.82530649503073,Sedang,76.82530649503073,53.504787385463715,18.211936124165856,49.348720808823906,36.60350496570269,28.06331443786621,67.26807403564453,0.08363806456327438,1.5645118951797485,False
Sudimara Pinang,2026-08-15,71.8998039563497,Sedang,71.8998039563497,55.13875298202038,14.441930770874023,54.722534884577215,35.435503075520195,28.165685653686523,68.31732940673828,0.6905752420425415,1.2153081893920898,False
Sudimara Selatan,2026-08-11,77.27087933084239,Sedang,63.66243124008179,51.11113581806421,10.565989017486572,77.27087933084239,18.76606084406376,29.69847869873047,53.51408767700195,0.000821426510810852,1.7707951068878174,True
Sudimara Selatan,2026-08-12,72.44329142570496,Sedang,72.44329142570496,49.460540979336464,15.718972365061441,41.79727289411756,32.18080711861452,27.948091506958008,65.233642578125,0.02689419873058796,1.837357521057129,False
Sudimara Selatan,2026-08-13,74.90420134862265,Sedang,74.90420134862265,51.64715355883042,19.264214070638022,40.97539517614576,35.34249966343244,27.939382553100586,65.5433349609375,0.004883739165961742,1.7286304235458374,False
Sudimara Selatan,2026-08-14,76.82530649503073,Sedang,76.82530649503073,53.504787385463715,18.211936124165856,49.348720808823906,36.60350496570269,28.06331443786621,67.26807403564453,0.08363806456327438,1.5645118951797485,False
Sudimara Selatan,2026-08-15,71.8998039563497,Sedang,71.8998039563497,55.13875298202038,14.441930770874023,54.722534884577215,35.435503075520195,28.165685653686523,68.31732940673828,0.6905752420425415,1.2153081893920898,False
Sudimara Timur,2026-08-11,77.27087933084239,Sedang,63.66243124008179,51.11113581806421,10.565989017486572,77.27087933084239,18.76606084406376,29.69847869873047,53.51408767700195,0.000821426510810852,1.7707951068878174,True
Sudimara Timur,2026-08-12,72.44329142570496,Sedang,72.44329142570496,49.460540979336464,15.718972365061441,41.79727289411756,32.18080711861452,27.948091506958008,65.233642578125,0.02689419873058796,1.837357521057129,False
Sudimara Timur,2026-08-13,74.90420134862265,Sedang,74.90420134862265,51.64715355883042,19.264214070638022,40.97539517614576,35.34249966343244,27.939382553100586,65.5433349609375,0.004883739165961742,1.7286304235458374,False
Sudimara Timur,2026-08-14,76.82530649503073,Sedang,76.82530649503073,53.504787385463715,18.211936124165856,49.348720808823906,36.60350496570269,28.06331443786621,67.26807403564453,0.08363806456327438,1.5645118951797485,False
Sudimara Timur,2026-08-15,71.8998039563497,Sedang,71.8998039563497,55.13875298202038,14.441930770874023,54.722534884577215,35.435503075520195,28.165685653686523,68.31732940673828,0.6905752420425415,1.2153081893920898,False
Sukaasih,2026-08-11,69.61930606676185,Sedang,54.68164277076721,39.150714186521675,8.901579570770263,69.61930606676185,17.64286607503891,28.323246002197266,63.92744064331055,0.013748166151344776,4.054355144500732,True
Sukaasih,2026-08-12,55.51760093371074,Sedang,55.51760093371074,34.44373263762547,7.0448393185933424,49.71221201949649,19.320119594534237,27.13053321838379,71.16356658935547,0.18225562572479248,4.196614742279053,False
Sukaasih,2026-08-13,53.297549168268844,Sedang,53.297549168268844,38.522188785748604,7.696153895060221,47.83944341871473,22.56938599050045,26.917428970336914,73.92442321777344,0.06092330813407898,3.78137469291687,False
Sukaasih,2026-08-14,57.81051325798035,Sedang,57.81051325798035,42.080656763834824,8.511796585718791,56.930595204450086,23.606164008378983,27.04608154296875,75.89056396484375,0.02819669246673584,3.1283035278320312,False
Sukaasih,2026-08-15,60.12150349824325,Sedang,57.630263010660805,41.238721975913414,9.037624231974284,60.12150349824325,22.57098471124967,27.285043716430664,75.94631958007812,0.23687945306301117,2.7158279418945312,False
Sukabumi Selatan,2026-08-11,77.27087933084239,Sedang,63.66243124008179,51.11113581806421,10.565989017486572,77.27087933084239,18.76606084406376,29.69847869873047,53.51408767700195,0.000821426510810852,1.7707951068878174,True
Sukabumi Selatan,2026-08-12,72.44329142570496,Sedang,72.44329142570496,49.460540979336464,15.718972365061441,41.79727289411756,32.18080711861452,27.948091506958008,65.233642578125,0.02689419873058796,1.837357521057129,False
Sukabumi Selatan,2026-08-13,74.90420134862265,Sedang,74.90420134862265,51.64715355883042,19.264214070638022,40.97539517614576,35.34249966343244,27.939382553100586,65.5433349609375,0.004883739165961742,1.7286304235458374,False
Sukabumi Selatan,2026-08-14,76.82530649503073,Sedang,76.82530649503073,53.504787385463715,18.211936124165856,49.348720808823906,36.60350496570269,28.06331443786621,67.26807403564453,0.08363806456327438,1.5645118951797485,False
Sukabumi Selatan,2026-08-15,71.8998039563497,Sedang,71.8998039563497,55.13875298202038,14.441930770874023,54.722534884577215,35.435503075520195,28.165685653686523,68.31732940673828,0.6905752420425415,1.2153081893920898,False
Sukabumi Utara,2026-08-11,77.27087933084239,Sedang,63.66243124008179,51.11113581806421,10.565989017486572,77.27087933084239,18.76606084406376,29.69847869873047,53.51408767700195,0.000821426510810852,1.7707951068878174,True
Sukabumi Utara,2026-08-12,72.44329142570496,Sedang,72.44329142570496,49.460540979336464,15.718972365061441,41.79727289411756,32.18080711861452,27.948091506958008,65.233642578125,0.02689419873058796,1.837357521057129,False
Sukabumi Utara,2026-08-13,74.90420134862265,Sedang,74.90420134862265,51.64715355883042,19.264214070638022,40.97539517614576,35.34249966343244,27.939382553100586,65.5433349609375,0.004883739165961742,1.7286304235458374,False
Sukabumi Utara,2026-08-14,76.82530649503073,Sedang,76.82530649503073,53.504787385463715,18.211936124165856,49.348720808823906,36.60350496570269,28.06331443786621,67.26807403564453,0.08363806456327438,1.5645118951797485,False
Sukabumi Utara,2026-08-15,71.8998039563497,Sedang,71.8998039563497,55.13875298202038,14.441930770874023,54.722534884577215,35.435503075520195,28.165685653686523,68.31732940673828,0.6905752420425415,1.2153081893920898,False
Sukajadi,2026-08-11,69.61930606676185,Sedang,54.68164277076721,39.150714186521675,8.901579570770263,69.61930606676185,17.64286607503891,28.323246002197266,63.92744064331055,0.013748166151344776,4.054355144500732,True
Sukajadi,2026-08-12,55.51760093371074,Sedang,55.51760093371074,34.44373263762547,7.0448393185933424,49.71221201949649,19.320119594534237,27.13053321838379,71.16356658935547,0.18225562572479248,4.196614742279053,False
Sukajadi,2026-08-13,53.297549168268844,Sedang,53.297549168268844,38.522188785748604,7.696153895060221,47.83944341871473,22.56938599050045,26.917428970336914,73.92442321777344,0.06092330813407898,3.78137469291687,False
Sukajadi,2026-08-14,57.81051325798035,Sedang,57.81051325798035,42.080656763834824,8.511796585718791,56.930595204450086,23.606164008378983,27.04608154296875,75.89056396484375,0.02819669246673584,3.1283035278320312,False
Sukajadi,2026-08-15,60.12150349824325,Sedang,57.630263010660805,41.238721975913414,9.037624231974284,60.12150349824325,22.57098471124967,27.285043716430664,75.94631958007812,0.23687945306301117,2.7158279418945312,False
Sukapura,2026-08-11,69.61930606676185,Sedang,54.68164277076721,39.150714186521675,8.901579570770263,69.61930606676185,17.64286607503891,28.323246002197266,63.92744064331055,0.013748166151344776,4.054355144500732,True
Sukapura,2026-08-12,55.51760093371074,Sedang,55.51760093371074,34.44373263762547,7.0448393185933424,49.71221201949649,19.320119594534237,27.13053321838379,71.16356658935547,0.18225562572479248,4.196614742279053,False
Sukapura,2026-08-13,53.297549168268844,Sedang,53.297549168268844,38.522188785748604,7.696153895060221,47.83944341871473,22.56938599050045,26.917428970336914,73.92442321777344,0.06092330813407898,3.78137469291687,False
Sukapura,2026-08-14,57.81051325798035,Sedang,57.81051325798035,42.080656763834824,8.511796585718791,56.930595204450086,23.606164008378983,27.04608154296875,75.89056396484375,0.02819669246673584,3.1283035278320312,False
Sukapura,2026-08-15,60.12150349824325,Sedang,57.630263010660805,41.238721975913414,9.037624231974284,60.12150349824325,22.57098471124967,27.285043716430664,75.94631958007812,0.23687945306301117,2.7158279418945312,False
Sukarasa,2026-08-11,69.61930606676185,Sedang,54.68164277076721,39.150714186521675,8.901579570770263,69.61930606676185,17.64286607503891,28.323246002197266,63.92744064331055,0.013748166151344776,4.054355144500732,True
Sukarasa,2026-08-12,55.51760093371074,Sedang,55.51760093371074,34.44373263762547,7.0448393185933424,49.71221201949649,19.320119594534237,27.13053321838379,71.16356658935547,0.18225562572479248,4.196614742279053,False
Sukarasa,2026-08-13,53.297549168268844,Sedang,53.297549168268844,38.522188785748604,7.696153895060221,47.83944341871473,22.56938599050045,26.917428970336914,73.92442321777344,0.06092330813407898,3.78137469291687,False
Sukarasa,2026-08-14,57.81051325798035,Sedang,57.81051325798035,42.080656763834824,8.511796585718791,56.930595204450086,23.606164008378983,27.04608154296875,75.89056396484375,0.02819669246673584,3.1283035278320312,False
Sukarasa,2026-08-15,60.12150349824325,Sedang,57.630263010660805,41.238721975913414,9.037624231974284,60.12150349824325,22.57098471124967,27.285043716430664,75.94631958007812,0.23687945306301117,2.7158279418945312,False
Sukasari,2026-08-11,69.61930606676185,Sedang,54.68164277076721,39.150714186521675,8.901579570770263,69.61930606676185,17.64286607503891,28.323246002197266,63.92744064331055,0.013748166151344776,4.054355144500732,True
Sukasari,2026-08-12,55.51760093371074,Sedang,55.51760093371074,34.44373263762547,7.0448393185933424,49.71221201949649,19.320119594534237,27.13053321838379,71.16356658935547,0.18225562572479248,4.196614742279053,False
Sukasari,2026-08-13,53.297549168268844,Sedang,53.297549168268844,38.522188785748604,7.696153895060221,47.83944341871473,22.56938599050045,26.917428970336914,73.92442321777344,0.06092330813407898,3.78137469291687,False
Sukasari,2026-08-14,57.81051325798035,Sedang,57.81051325798035,42.080656763834824,8.511796585718791,56.930595204450086,23.606164008378983,27.04608154296875,75.89056396484375,0.02819669246673584,3.1283035278320312,False
Sukasari,2026-08-15,60.12150349824325,Sedang,57.630263010660805,41.238721975913414,9.037624231974284,60.12150349824325,22.57098471124967,27.285043716430664,75.94631958007812,0.23687945306301117,2.7158279418945312,False
Sumur Batu,2026-08-11,69.61930606676185,Sedang,54.68164277076721,39.150714186521675,8.901579570770263,69.61930606676185,17.64286607503891,28.323246002197266,63.92744064331055,0.013748166151344776,4.054355144500732,True
Sumur Batu,2026-08-12,55.51760093371074,Sedang,55.51760093371074,34.44373263762547,7.0448393185933424,49.71221201949649,19.320119594534237,27.13053321838379,71.16356658935547,0.18225562572479248,4.196614742279053,False
Sumur Batu,2026-08-13,53.297549168268844,Sedang,53.297549168268844,38.522188785748604,7.696153895060221,47.83944341871473,22.56938599050045,26.917428970336914,73.92442321777344,0.06092330813407898,3.78137469291687,False
Sumur Batu,2026-08-14,57.81051325798035,Sedang,57.81051325798035,42.080656763834824,8.511796585718791,56.930595204450086,23.606164008378983,27.04608154296875,75.89056396484375,0.02819669246673584,3.1283035278320312,False
Sumur Batu,2026-08-15,60.12150349824325,Sedang,57.630263010660805,41.238721975913414,9.037624231974284,60.12150349824325,22.57098471124967,27.285043716430664,75.94631958007812,0.23687945306301117,2.7158279418945312,False
Sumur Pacing,2026-08-11,69.61930606676185,Sedang,54.68164277076721,39.150714186521675,8.901579570770263,69.61930606676185,17.64286607503891,28.323246002197266,63.92744064331055,0.013748166151344776,4.054355144500732,True
Sumur Pacing,2026-08-12,55.51760093371074,Sedang,55.51760093371074,34.44373263762547,7.0448393185933424,49.71221201949649,19.320119594534237,27.13053321838379,71.16356658935547,0.18225562572479248,4.196614742279053,False
Sumur Pacing,2026-08-13,53.297549168268844,Sedang,53.297549168268844,38.522188785748604,7.696153895060221,47.83944341871473,22.56938599050045,26.917428970336914,73.92442321777344,0.06092330813407898,3.78137469291687,False
Sumur Pacing,2026-08-14,57.81051325798035,Sedang,57.81051325798035,42.080656763834824,8.511796585718791,56.930595204450086,23.606164008378983,27.04608154296875,75.89056396484375,0.02819669246673584,3.1283035278320312,False
Sumur Pacing,2026-08-15,60.12150349824325,Sedang,57.630263010660805,41.238721975913414,9.037624231974284,60.12150349824325,22.57098471124967,27.285043716430664,75.94631958007812,0.23687945306301117,2.7158279418945312,False
Sungai Bambu,2026-08-11,69.61930606676185,Sedang,54.68164277076721,39.150714186521675,8.901579570770263,69.61930606676185,17.64286607503891,28.323246002197266,63.92744064331055,0.013748166151344776,4.054355144500732,True
Sungai Bambu,2026-08-12,55.51760093371074,Sedang,55.51760093371074,34.44373263762547,7.0448393185933424,49.71221201949649,19.320119594534237,27.13053321838379,71.16356658935547,0.18225562572479248,4.196614742279053,False
Sungai Bambu,2026-08-13,53.297549168268844,Sedang,53.297549168268844,38.522188785748604,7.696153895060221,47.83944341871473,22.56938599050045,26.917428970336914,73.92442321777344,0.06092330813407898,3.78137469291687,False
Sungai Bambu,2026-08-14,57.81051325798035,Sedang,57.81051325798035,42.080656763834824,8.511796585718791,56.930595204450086,23.606164008378983,27.04608154296875,75.89056396484375,0.02819669246673584,3.1283035278320312,False
Sungai Bambu,2026-08-15,60.12150349824325,Sedang,57.630263010660805,41.238721975913414,9.037624231974284,60.12150349824325,22.57098471124967,27.285043716430664,75.94631958007812,0.23687945306301117,2.7158279418945312,False
Sunter Agung,2026-08-11,69.61930606676185,Sedang,54.68164277076721,39.150714186521675,8.901579570770263,69.61930606676185,17.64286607503891,28.323246002197266,63.92744064331055,0.013748166151344776,4.054355144500732,True
Sunter Agung,2026-08-12,55.51760093371074,Sedang,55.51760093371074,34.44373263762547,7.0448393185933424,49.71221201949649,19.320119594534237,27.13053321838379,71.16356658935547,0.18225562572479248,4.196614742279053,False
Sunter Agung,2026-08-13,53.297549168268844,Sedang,53.297549168268844,38.522188785748604,7.696153895060221,47.83944341871473,22.56938599050045,26.917428970336914,73.92442321777344,0.06092330813407898,3.78137469291687,False
Sunter Agung,2026-08-14,57.81051325798035,Sedang,57.81051325798035,42.080656763834824,8.511796585718791,56.930595204450086,23.606164008378983,27.04608154296875,75.89056396484375,0.02819669246673584,3.1283035278320312,False
Sunter Agung,2026-08-15,60.12150349824325,Sedang,57.630263010660805,41.238721975913414,9.037624231974284,60.12150349824325,22.57098471124967,27.285043716430664,75.94631958007812,0.23687945306301117,2.7158279418945312,False
Sunter Jaya,2026-08-11,69.61930606676185,Sedang,54.68164277076721,39.150714186521675,8.901579570770263,69.61930606676185,17.64286607503891,28.323246002197266,63.92744064331055,0.013748166151344776,4.054355144500732,True
Sunter Jaya,2026-08-12,55.51760093371074,Sedang,55.51760093371074,34.44373263762547,7.0448393185933424,49.71221201949649,19.320119594534237,27.13053321838379,71.16356658935547,0.18225562572479248,4.196614742279053,False
Sunter Jaya,2026-08-13,53.297549168268844,Sedang,53.297549168268844,38.522188785748604,7.696153895060221,47.83944341871473,22.56938599050045,26.917428970336914,73.92442321777344,0.06092330813407898,3.78137469291687,False
Sunter Jaya,2026-08-14,57.81051325798035,Sedang,57.81051325798035,42.080656763834824,8.511796585718791,56.930595204450086,23.606164008378983,27.04608154296875,75.89056396484375,0.02819669246673584,3.1283035278320312,False
Sunter Jaya,2026-08-15,60.12150349824325,Sedang,57.630263010660805,41.238721975913414,9.037624231974284,60.12150349824325,22.57098471124967,27.285043716430664,75.94631958007812,0.23687945306301117,2.7158279418945312,False
Susukan,2026-08-11,77.27087933084239,Sedang,63.66243124008179,51.11113581806421,10.565989017486572,77.27087933084239,18.76606084406376,29.69847869873047,53.51408767700195,0.000821426510810852,1.7707951068878174,True
Susukan,2026-08-12,72.44329142570496,Sedang,72.44329142570496,49.460540979336464,15.718972365061441,41.79727289411756,32.18080711861452,27.948091506958008,65.233642578125,0.02689419873058796,1.837357521057129,False
Susukan,2026-08-13,74.90420134862265,Sedang,74.90420134862265,51.64715355883042,19.264214070638022,40.97539517614576,35.34249966343244,27.939382553100586,65.5433349609375,0.004883739165961742,1.7286304235458374,False
Susukan,2026-08-14,76.82530649503073,Sedang,76.82530649503073,53.504787385463715,18.211936124165856,49.348720808823906,36.60350496570269,28.06331443786621,67.26807403564453,0.08363806456327438,1.5645118951797485,False
Susukan,2026-08-15,71.8998039563497,Sedang,71.8998039563497,55.13875298202038,14.441930770874023,54.722534884577215,35.435503075520195,28.165685653686523,68.31732940673828,0.6905752420425415,1.2153081893920898,False
Tajur,2026-08-11,77.27087933084239,Sedang,63.66243124008179,51.11113581806421,10.565989017486572,77.27087933084239,18.76606084406376,29.69847869873047,53.51408767700195,0.000821426510810852,1.7707951068878174,True
Tajur,2026-08-12,72.44329142570496,Sedang,72.44329142570496,49.460540979336464,15.718972365061441,41.79727289411756,32.18080711861452,27.948091506958008,65.233642578125,0.02689419873058796,1.837357521057129,False
Tajur,2026-08-13,74.90420134862265,Sedang,74.90420134862265,51.64715355883042,19.264214070638022,40.97539517614576,35.34249966343244,27.939382553100586,65.5433349609375,0.004883739165961742,1.7286304235458374,False
Tajur,2026-08-14,76.82530649503073,Sedang,76.82530649503073,53.504787385463715,18.211936124165856,49.348720808823906,36.60350496570269,28.06331443786621,67.26807403564453,0.08363806456327438,1.5645118951797485,False
Tajur,2026-08-15,71.8998039563497,Sedang,71.8998039563497,55.13875298202038,14.441930770874023,54.722534884577215,35.435503075520195,28.165685653686523,68.31732940673828,0.6905752420425415,1.2153081893920898,False
Taman Mini Indonesia Indah (TMII),2026-08-11,77.27087933084239,Sedang,63.66243124008179,51.11113581806421,10.565989017486572,77.27087933084239,18.76606084406376,29.69847869873047,53.51408767700195,0.000821426510810852,1.7707951068878174,True
Taman Mini Indonesia Indah (TMII),2026-08-12,72.44329142570496,Sedang,72.44329142570496,49.460540979336464,15.718972365061441,41.79727289411756,32.18080711861452,27.948091506958008,65.233642578125,0.02689419873058796,1.837357521057129,False
Taman Mini Indonesia Indah (TMII),2026-08-13,74.90420134862265,Sedang,74.90420134862265,51.64715355883042,19.264214070638022,40.97539517614576,35.34249966343244,27.939382553100586,65.5433349609375,0.004883739165961742,1.7286304235458374,False
Taman Mini Indonesia Indah (TMII),2026-08-14,76.82530649503073,Sedang,76.82530649503073,53.504787385463715,18.211936124165856,49.348720808823906,36.60350496570269,28.06331443786621,67.26807403564453,0.08363806456327438,1.5645118951797485,False
Taman Mini Indonesia Indah (TMII),2026-08-15,71.8998039563497,Sedang,71.8998039563497,55.13875298202038,14.441930770874023,54.722534884577215,35.435503075520195,28.165685653686523,68.31732940673828,0.6905752420425415,1.2153081893920898,False
Taman Sari,2026-08-11,69.61930606676185,Sedang,54.68164277076721,39.150714186521675,8.901579570770263,69.61930606676185,17.64286607503891,28.323246002197266,63.92744064331055,0.013748166151344776,4.054355144500732,True
Taman Sari,2026-08-12,55.51760093371074,Sedang,55.51760093371074,34.44373263762547,7.0448393185933424,49.71221201949649,19.320119594534237,27.13053321838379,71.16356658935547,0.18225562572479248,4.196614742279053,False
Taman Sari,2026-08-13,53.297549168268844,Sedang,53.297549168268844,38.522188785748604,7.696153895060221,47.83944341871473,22.56938599050045,26.917428970336914,73.92442321777344,0.06092330813407898,3.78137469291687,False
Taman Sari,2026-08-14,57.81051325798035,Sedang,57.81051325798035,42.080656763834824,8.511796585718791,56.930595204450086,23.606164008378983,27.04608154296875,75.89056396484375,0.02819669246673584,3.1283035278320312,False
Taman Sari,2026-08-15,60.12150349824325,Sedang,57.630263010660805,41.238721975913414,9.037624231974284,60.12150349824325,22.57098471124967,27.285043716430664,75.94631958007812,0.23687945306301117,2.7158279418945312,False
Tambora,2026-08-11,69.61930606676185,Sedang,54.68164277076721,39.150714186521675,8.901579570770263,69.61930606676185,17.64286607503891,28.323246002197266,63.92744064331055,0.013748166151344776,4.054355144500732,True
Tambora,2026-08-12,55.51760093371074,Sedang,55.51760093371074,34.44373263762547,7.0448393185933424,49.71221201949649,19.320119594534237,27.13053321838379,71.16356658935547,0.18225562572479248,4.196614742279053,False
Tambora,2026-08-13,53.297549168268844,Sedang,53.297549168268844,38.522188785748604,7.696153895060221,47.83944341871473,22.56938599050045,26.917428970336914,73.92442321777344,0.06092330813407898,3.78137469291687,False
Tambora,2026-08-14,57.81051325798035,Sedang,57.81051325798035,42.080656763834824,8.511796585718791,56.930595204450086,23.606164008378983,27.04608154296875,75.89056396484375,0.02819669246673584,3.1283035278320312,False
Tambora,2026-08-15,60.12150349824325,Sedang,57.630263010660805,41.238721975913414,9.037624231974284,60.12150349824325,22.57098471124967,27.285043716430664,75.94631958007812,0.23687945306301117,2.7158279418945312,False
Tanah Sereal,2026-08-11,69.61930606676185,Sedang,54.68164277076721,39.150714186521675,8.901579570770263,69.61930606676185,17.64286607503891,28.323246002197266,63.92744064331055,0.013748166151344776,4.054355144500732,True
Tanah Sereal,2026-08-12,55.51760093371074,Sedang,55.51760093371074,34.44373263762547,7.0448393185933424,49.71221201949649,19.320119594534237,27.13053321838379,71.16356658935547,0.18225562572479248,4.196614742279053,False
Tanah Sereal,2026-08-13,53.297549168268844,Sedang,53.297549168268844,38.522188785748604,7.696153895060221,47.83944341871473,22.56938599050045,26.917428970336914,73.92442321777344,0.06092330813407898,3.78137469291687,False
Tanah Sereal,2026-08-14,57.81051325798035,Sedang,57.81051325798035,42.080656763834824,8.511796585718791,56.930595204450086,23.606164008378983,27.04608154296875,75.89056396484375,0.02819669246673584,3.1283035278320312,False
Tanah Sereal,2026-08-15,60.12150349824325,Sedang,57.630263010660805,41.238721975913414,9.037624231974284,60.12150349824325,22.57098471124967,27.285043716430664,75.94631958007812,0.23687945306301117,2.7158279418945312,False
Tanah Tinggi Jakarta,2026-08-11,69.61930606676185,Sedang,54.68164277076721,39.150714186521675,8.901579570770263,69.61930606676185,17.64286607503891,28.323246002197266,63.92744064331055,0.013748166151344776,4.054355144500732,True
Tanah Tinggi Jakarta,2026-08-12,55.51760093371074,Sedang,55.51760093371074,34.44373263762547,7.0448393185933424,49.71221201949649,19.320119594534237,27.13053321838379,71.16356658935547,0.18225562572479248,4.196614742279053,False
Tanah Tinggi Jakarta,2026-08-13,53.297549168268844,Sedang,53.297549168268844,38.522188785748604,7.696153895060221,47.83944341871473,22.56938599050045,26.917428970336914,73.92442321777344,0.06092330813407898,3.78137469291687,False
Tanah Tinggi Jakarta,2026-08-14,57.81051325798035,Sedang,57.81051325798035,42.080656763834824,8.511796585718791,56.930595204450086,23.606164008378983,27.04608154296875,75.89056396484375,0.02819669246673584,3.1283035278320312,False
Tanah Tinggi Jakarta,2026-08-15,60.12150349824325,Sedang,57.630263010660805,41.238721975913414,9.037624231974284,60.12150349824325,22.57098471124967,27.285043716430664,75.94631958007812,0.23687945306301117,2.7158279418945312,False
Tanah Tinggi Tangerang,2026-08-11,69.61930606676185,Sedang,54.68164277076721,39.150714186521675,8.901579570770263,69.61930606676185,17.64286607503891,28.323246002197266,63.92744064331055,0.013748166151344776,4.054355144500732,True
Tanah Tinggi Tangerang,2026-08-12,55.51760093371074,Sedang,55.51760093371074,34.44373263762547,7.0448393185933424,49.71221201949649,19.320119594534237,27.13053321838379,71.16356658935547,0.18225562572479248,4.196614742279053,False
Tanah Tinggi Tangerang,2026-08-13,53.297549168268844,Sedang,53.297549168268844,38.522188785748604,7.696153895060221,47.83944341871473,22.56938599050045,26.917428970336914,73.92442321777344,0.06092330813407898,3.78137469291687,False
Tanah Tinggi Tangerang,2026-08-14,57.81051325798035,Sedang,57.81051325798035,42.080656763834824,8.511796585718791,56.930595204450086,23.606164008378983,27.04608154296875,75.89056396484375,0.02819669246673584,3.1283035278320312,False
Tanah Tinggi Tangerang,2026-08-15,60.12150349824325,Sedang,57.630263010660805,41.238721975913414,9.037624231974284,60.12150349824325,22.57098471124967,27.285043716430664,75.94631958007812,0.23687945306301117,2.7158279418945312,False
Tangki,2026-08-11,69.61930606676185,Sedang,54.68164277076721,39.150714186521675,8.901579570770263,69.61930606676185,17.64286607503891,28.323246002197266,63.92744064331055,0.013748166151344776,4.054355144500732,True
Tangki,2026-08-12,55.51760093371074,Sedang,55.51760093371074,34.44373263762547,7.0448393185933424,49.71221201949649,19.320119594534237,27.13053321838379,71.16356658935547,0.18225562572479248,4.196614742279053,False
Tangki,2026-08-13,53.297549168268844,Sedang,53.297549168268844,38.522188785748604,7.696153895060221,47.83944341871473,22.56938599050045,26.917428970336914,73.92442321777344,0.06092330813407898,3.78137469291687,False
Tangki,2026-08-14,57.81051325798035,Sedang,57.81051325798035,42.080656763834824,8.511796585718791,56.930595204450086,23.606164008378983,27.04608154296875,75.89056396484375,0.02819669246673584,3.1283035278320312,False
Tangki,2026-08-15,60.12150349824325,Sedang,57.630263010660805,41.238721975913414,9.037624231974284,60.12150349824325,22.57098471124967,27.285043716430664,75.94631958007812,0.23687945306301117,2.7158279418945312,False
Tanjung Barat,2026-08-11,77.27087933084239,Sedang,63.66243124008179,51.11113581806421,10.565989017486572,77.27087933084239,18.76606084406376,29.69847869873047,53.51408767700195,0.000821426510810852,1.7707951068878174,True
Tanjung Barat,2026-08-12,72.44329142570496,Sedang,72.44329142570496,49.460540979336464,15.718972365061441,41.79727289411756,32.18080711861452,27.948091506958008,65.233642578125,0.02689419873058796,1.837357521057129,False
Tanjung Barat,2026-08-13,74.90420134862265,Sedang,74.90420134862265,51.64715355883042,19.264214070638022,40.97539517614576,35.34249966343244,27.939382553100586,65.5433349609375,0.004883739165961742,1.7286304235458374,False
Tanjung Barat,2026-08-14,76.82530649503073,Sedang,76.82530649503073,53.504787385463715,18.211936124165856,49.348720808823906,36.60350496570269,28.06331443786621,67.26807403564453,0.08363806456327438,1.5645118951797485,False
Tanjung Barat,2026-08-15,71.8998039563497,Sedang,71.8998039563497,55.13875298202038,14.441930770874023,54.722534884577215,35.435503075520195,28.165685653686523,68.31732940673828,0.6905752420425415,1.2153081893920898,False
Tanjung Duren Selatan,2026-08-11,69.61930606676185,Sedang,54.68164277076721,39.150714186521675,8.901579570770263,69.61930606676185,17.64286607503891,28.323246002197266,63.92744064331055,0.013748166151344776,4.054355144500732,True
Tanjung Duren Selatan,2026-08-12,55.51760093371074,Sedang,55.51760093371074,34.44373263762547,7.0448393185933424,49.71221201949649,19.320119594534237,27.13053321838379,71.16356658935547,0.18225562572479248,4.196614742279053,False
Tanjung Duren Selatan,2026-08-13,53.297549168268844,Sedang,53.297549168268844,38.522188785748604,7.696153895060221,47.83944341871473,22.56938599050045,26.917428970336914,73.92442321777344,0.06092330813407898,3.78137469291687,False
Tanjung Duren Selatan,2026-08-14,57.81051325798035,Sedang,57.81051325798035,42.080656763834824,8.511796585718791,56.930595204450086,23.606164008378983,27.04608154296875,75.89056396484375,0.02819669246673584,3.1283035278320312,False
Tanjung Duren Selatan,2026-08-15,60.12150349824325,Sedang,57.630263010660805,41.238721975913414,9.037624231974284,60.12150349824325,22.57098471124967,27.285043716430664,75.94631958007812,0.23687945306301117,2.7158279418945312,False
Tanjung Duren Utara,2026-08-11,69.61930606676185,Sedang,54.68164277076721,39.150714186521675,8.901579570770263,69.61930606676185,17.64286607503891,28.323246002197266,63.92744064331055,0.013748166151344776,4.054355144500732,True
Tanjung Duren Utara,2026-08-12,55.51760093371074,Sedang,55.51760093371074,34.44373263762547,7.0448393185933424,49.71221201949649,19.320119594534237,27.13053321838379,71.16356658935547,0.18225562572479248,4.196614742279053,False
Tanjung Duren Utara,2026-08-13,53.297549168268844,Sedang,53.297549168268844,38.522188785748604,7.696153895060221,47.83944341871473,22.56938599050045,26.917428970336914,73.92442321777344,0.06092330813407898,3.78137469291687,False
Tanjung Duren Utara,2026-08-14,57.81051325798035,Sedang,57.81051325798035,42.080656763834824,8.511796585718791,56.930595204450086,23.606164008378983,27.04608154296875,75.89056396484375,0.02819669246673584,3.1283035278320312,False
Tanjung Duren Utara,2026-08-15,60.12150349824325,Sedang,57.630263010660805,41.238721975913414,9.037624231974284,60.12150349824325,22.57098471124967,27.285043716430664,75.94631958007812,0.23687945306301117,2.7158279418945312,False
Tanjung Priok,2026-08-11,69.61930606676185,Sedang,54.68164277076721,39.150714186521675,8.901579570770263,69.61930606676185,17.64286607503891,28.323246002197266,63.92744064331055,0.013748166151344776,4.054355144500732,True
Tanjung Priok,2026-08-12,55.51760093371074,Sedang,55.51760093371074,34.44373263762547,7.0448393185933424,49.71221201949649,19.320119594534237,27.13053321838379,71.16356658935547,0.18225562572479248,4.196614742279053,False
Tanjung Priok,2026-08-13,53.297549168268844,Sedang,53.297549168268844,38.522188785748604,7.696153895060221,47.83944341871473,22.56938599050045,26.917428970336914,73.92442321777344,0.06092330813407898,3.78137469291687,False
Tanjung Priok,2026-08-14,57.81051325798035,Sedang,57.81051325798035,42.080656763834824,8.511796585718791,56.930595204450086,23.606164008378983,27.04608154296875,75.89056396484375,0.02819669246673584,3.1283035278320312,False
Tanjung Priok,2026-08-15,60.12150349824325,Sedang,57.630263010660805,41.238721975913414,9.037624231974284,60.12150349824325,22.57098471124967,27.285043716430664,75.94631958007812,0.23687945306301117,2.7158279418945312,False
Tebet Barat,2026-08-11,77.27087933084239,Sedang,63.66243124008179,51.11113581806421,10.565989017486572,77.27087933084239,18.76606084406376,29.69847869873047,53.51408767700195,0.000821426510810852,1.7707951068878174,True
Tebet Barat,2026-08-12,72.44329142570496,Sedang,72.44329142570496,49.460540979336464,15.718972365061441,41.79727289411756,32.18080711861452,27.948091506958008,65.233642578125,0.02689419873058796,1.837357521057129,False
Tebet Barat,2026-08-13,74.90420134862265,Sedang,74.90420134862265,51.64715355883042,19.264214070638022,40.97539517614576,35.34249966343244,27.939382553100586,65.5433349609375,0.004883739165961742,1.7286304235458374,False
Tebet Barat,2026-08-14,76.82530649503073,Sedang,76.82530649503073,53.504787385463715,18.211936124165856,49.348720808823906,36.60350496570269,28.06331443786621,67.26807403564453,0.08363806456327438,1.5645118951797485,False
Tebet Barat,2026-08-15,71.8998039563497,Sedang,71.8998039563497,55.13875298202038,14.441930770874023,54.722534884577215,35.435503075520195,28.165685653686523,68.31732940673828,0.6905752420425415,1.2153081893920898,False
Tebet Timur,2026-08-11,77.27087933084239,Sedang,63.66243124008179,51.11113581806421,10.565989017486572,77.27087933084239,18.76606084406376,29.69847869873047,53.51408767700195,0.000821426510810852,1.7707951068878174,True
Tebet Timur,2026-08-12,72.44329142570496,Sedang,72.44329142570496,49.460540979336464,15.718972365061441,41.79727289411756,32.18080711861452,27.948091506958008,65.233642578125,0.02689419873058796,1.837357521057129,False
Tebet Timur,2026-08-13,74.90420134862265,Sedang,74.90420134862265,51.64715355883042,19.264214070638022,40.97539517614576,35.34249966343244,27.939382553100586,65.5433349609375,0.004883739165961742,1.7286304235458374,False
Tebet Timur,2026-08-14,76.82530649503073,Sedang,76.82530649503073,53.504787385463715,18.211936124165856,49.348720808823906,36.60350496570269,28.06331443786621,67.26807403564453,0.08363806456327438,1.5645118951797485,False
Tebet Timur,2026-08-15,71.8998039563497,Sedang,71.8998039563497,55.13875298202038,14.441930770874023,54.722534884577215,35.435503075520195,28.165685653686523,68.31732940673828,0.6905752420425415,1.2153081893920898,False
Tegal Alur,2026-08-11,69.61930606676185,Sedang,54.68164277076721,39.150714186521675,8.901579570770263,69.61930606676185,17.64286607503891,28.323246002197266,63.92744064331055,0.013748166151344776,4.054355144500732,True
Tegal Alur,2026-08-12,55.51760093371074,Sedang,55.51760093371074,34.44373263762547,7.0448393185933424,49.71221201949649,19.320119594534237,27.13053321838379,71.16356658935547,0.18225562572479248,4.196614742279053,False
Tegal Alur,2026-08-13,53.297549168268844,Sedang,53.297549168268844,38.522188785748604,7.696153895060221,47.83944341871473,22.56938599050045,26.917428970336914,73.92442321777344,0.06092330813407898,3.78137469291687,False
Tegal Alur,2026-08-14,57.81051325798035,Sedang,57.81051325798035,42.080656763834824,8.511796585718791,56.930595204450086,23.606164008378983,27.04608154296875,75.89056396484375,0.02819669246673584,3.1283035278320312,False
Tegal Alur,2026-08-15,60.12150349824325,Sedang,57.630263010660805,41.238721975913414,9.037624231974284,60.12150349824325,22.57098471124967,27.285043716430664,75.94631958007812,0.23687945306301117,2.7158279418945312,False
Tegal Parang,2026-08-11,77.27087933084239,Sedang,63.66243124008179,51.11113581806421,10.565989017486572,77.27087933084239,18.76606084406376,29.69847869873047,53.51408767700195,0.000821426510810852,1.7707951068878174,True
Tegal Parang,2026-08-12,72.44329142570496,Sedang,72.44329142570496,49.460540979336464,15.718972365061441,41.79727289411756,32.18080711861452,27.948091506958008,65.233642578125,0.02689419873058796,1.837357521057129,False
Tegal Parang,2026-08-13,74.90420134862265,Sedang,74.90420134862265,51.64715355883042,19.264214070638022,40.97539517614576,35.34249966343244,27.939382553100586,65.5433349609375,0.004883739165961742,1.7286304235458374,False
Tegal Parang,2026-08-14,76.82530649503073,Sedang,76.82530649503073,53.504787385463715,18.211936124165856,49.348720808823906,36.60350496570269,28.06331443786621,67.26807403564453,0.08363806456327438,1.5645118951797485,False
Tegal Parang,2026-08-15,71.8998039563497,Sedang,71.8998039563497,55.13875298202038,14.441930770874023,54.722534884577215,35.435503075520195,28.165685653686523,68.31732940673828,0.6905752420425415,1.2153081893920898,False
Tomang,2026-08-11,69.61930606676185,Sedang,54.68164277076721,39.150714186521675,8.901579570770263,69.61930606676185,17.64286607503891,28.323246002197266,63.92744064331055,0.013748166151344776,4.054355144500732,True
Tomang,2026-08-12,55.51760093371074,Sedang,55.51760093371074,34.44373263762547,7.0448393185933424,49.71221201949649,19.320119594534237,27.13053321838379,71.16356658935547,0.18225562572479248,4.196614742279053,False
Tomang,2026-08-13,53.297549168268844,Sedang,53.297549168268844,38.522188785748604,7.696153895060221,47.83944341871473,22.56938599050045,26.917428970336914,73.92442321777344,0.06092330813407898,3.78137469291687,False
Tomang,2026-08-14,57.81051325798035,Sedang,57.81051325798035,42.080656763834824,8.511796585718791,56.930595204450086,23.606164008378983,27.04608154296875,75.89056396484375,0.02819669246673584,3.1283035278320312,False
Tomang,2026-08-15,60.12150349824325,Sedang,57.630263010660805,41.238721975913414,9.037624231974284,60.12150349824325,22.57098471124967,27.285043716430664,75.94631958007812,0.23687945306301117,2.7158279418945312,False
Tugu Selatan,2026-08-11,69.61930606676185,Sedang,54.68164277076721,39.150714186521675,8.901579570770263,69.61930606676185,17.64286607503891,28.323246002197266,63.92744064331055,0.013748166151344776,4.054355144500732,True
Tugu Selatan,2026-08-12,55.51760093371074,Sedang,55.51760093371074,34.44373263762547,7.0448393185933424,49.71221201949649,19.320119594534237,27.13053321838379,71.16356658935547,0.18225562572479248,4.196614742279053,False
Tugu Selatan,2026-08-13,53.297549168268844,Sedang,53.297549168268844,38.522188785748604,7.696153895060221,47.83944341871473,22.56938599050045,26.917428970336914,73.92442321777344,0.06092330813407898,3.78137469291687,False
Tugu Selatan,2026-08-14,57.81051325798035,Sedang,57.81051325798035,42.080656763834824,8.511796585718791,56.930595204450086,23.606164008378983,27.04608154296875,75.89056396484375,0.02819669246673584,3.1283035278320312,False
Tugu Selatan,2026-08-15,60.12150349824325,Sedang,57.630263010660805,41.238721975913414,9.037624231974284,60.12150349824325,22.57098471124967,27.285043716430664,75.94631958007812,0.23687945306301117,2.7158279418945312,False
Tugu Utara,2026-08-11,69.61930606676185,Sedang,54.68164277076721,39.150714186521675,8.901579570770263,69.61930606676185,17.64286607503891,28.323246002197266,63.92744064331055,0.013748166151344776,4.054355144500732,True
Tugu Utara,2026-08-12,55.51760093371074,Sedang,55.51760093371074,34.44373263762547,7.0448393185933424,49.71221201949649,19.320119594534237,27.13053321838379,71.16356658935547,0.18225562572479248,4.196614742279053,False
Tugu Utara,2026-08-13,53.297549168268844,Sedang,53.297549168268844,38.522188785748604,7.696153895060221,47.83944341871473,22.56938599050045,26.917428970336914,73.92442321777344,0.06092330813407898,3.78137469291687,False
Tugu Utara,2026-08-14,57.81051325798035,Sedang,57.81051325798035,42.080656763834824,8.511796585718791,56.930595204450086,23.606164008378983,27.04608154296875,75.89056396484375,0.02819669246673584,3.1283035278320312,False
Tugu Utara,2026-08-15,60.12150349824325,Sedang,57.630263010660805,41.238721975913414,9.037624231974284,60.12150349824325,22.57098471124967,27.285043716430664,75.94631958007812,0.23687945306301117,2.7158279418945312,False
Ujung Menteng,2026-08-11,69.61930606676185,Sedang,54.68164277076721,39.150714186521675,8.901579570770263,69.61930606676185,17.64286607503891,28.323246002197266,63.92744064331055,0.013748166151344776,4.054355144500732,True
Ujung Menteng,2026-08-12,55.51760093371074,Sedang,55.51760093371074,34.44373263762547,7.0448393185933424,49.71221201949649,19.320119594534237,27.13053321838379,71.16356658935547,0.18225562572479248,4.196614742279053,False
Ujung Menteng,2026-08-13,53.297549168268844,Sedang,53.297549168268844,38.522188785748604,7.696153895060221,47.83944341871473,22.56938599050045,26.917428970336914,73.92442321777344,0.06092330813407898,3.78137469291687,False
Ujung Menteng,2026-08-14,57.81051325798035,Sedang,57.81051325798035,42.080656763834824,8.511796585718791,56.930595204450086,23.606164008378983,27.04608154296875,75.89056396484375,0.02819669246673584,3.1283035278320312,False
Ujung Menteng,2026-08-15,60.12150349824325,Sedang,57.630263010660805,41.238721975913414,9.037624231974284,60.12150349824325,22.57098471124967,27.285043716430664,75.94631958007812,0.23687945306301117,2.7158279418945312,False
Ulujami,2026-08-11,77.27087933084239,Sedang,63.66243124008179,51.11113581806421,10.565989017486572,77.27087933084239,18.76606084406376,29.69847869873047,53.51408767700195,0.000821426510810852,1.7707951068878174,True
Ulujami,2026-08-12,72.44329142570496,Sedang,72.44329142570496,49.460540979336464,15.718972365061441,41.79727289411756,32.18080711861452,27.948091506958008,65.233642578125,0.02689419873058796,1.837357521057129,False
Ulujami,2026-08-13,74.90420134862265,Sedang,74.90420134862265,51.64715355883042,19.264214070638022,40.97539517614576,35.34249966343244,27.939382553100586,65.5433349609375,0.004883739165961742,1.7286304235458374,False
Ulujami,2026-08-14,76.82530649503073,Sedang,76.82530649503073,53.504787385463715,18.211936124165856,49.348720808823906,36.60350496570269,28.06331443786621,67.26807403564453,0.08363806456327438,1.5645118951797485,False
Ulujami,2026-08-15,71.8998039563497,Sedang,71.8998039563497,55.13875298202038,14.441930770874023,54.722534884577215,35.435503075520195,28.165685653686523,68.31732940673828,0.6905752420425415,1.2153081893920898,False
Utan Kayu Selatan,2026-08-11,77.27087933084239,Sedang,63.66243124008179,51.11113581806421,10.565989017486572,77.27087933084239,18.76606084406376,29.69847869873047,53.51408767700195,0.000821426510810852,1.7707951068878174,True
Utan Kayu Selatan,2026-08-12,72.44329142570496,Sedang,72.44329142570496,49.460540979336464,15.718972365061441,41.79727289411756,32.18080711861452,27.948091506958008,65.233642578125,0.02689419873058796,1.837357521057129,False
Utan Kayu Selatan,2026-08-13,74.90420134862265,Sedang,74.90420134862265,51.64715355883042,19.264214070638022,40.97539517614576,35.34249966343244,27.939382553100586,65.5433349609375,0.004883739165961742,1.7286304235458374,False
Utan Kayu Selatan,2026-08-14,76.82530649503073,Sedang,76.82530649503073,53.504787385463715,18.211936124165856,49.348720808823906,36.60350496570269,28.06331443786621,67.26807403564453,0.08363806456327438,1.5645118951797485,False
Utan Kayu Selatan,2026-08-15,71.8998039563497,Sedang,71.8998039563497,55.13875298202038,14.441930770874023,54.722534884577215,35.435503075520195,28.165685653686523,68.31732940673828,0.6905752420425415,1.2153081893920898,False
Utan Kayu Utara,2026-08-11,69.61930606676185,Sedang,54.68164277076721,39.150714186521675,8.901579570770263,69.61930606676185,17.64286607503891,28.323246002197266,63.92744064331055,0.013748166151344776,4.054355144500732,True
Utan Kayu Utara,2026-08-12,55.51760093371074,Sedang,55.51760093371074,34.44373263762547,7.0448393185933424,49.71221201949649,19.320119594534237,27.13053321838379,71.16356658935547,0.18225562572479248,4.196614742279053,False
Utan Kayu Utara,2026-08-13,53.297549168268844,Sedang,53.297549168268844,38.522188785748604,7.696153895060221,47.83944341871473,22.56938599050045,26.917428970336914,73.92442321777344,0.06092330813407898,3.78137469291687,False
Utan Kayu Utara,2026-08-14,57.81051325798035,Sedang,57.81051325798035,42.080656763834824,8.511796585718791,56.930595204450086,23.606164008378983,27.04608154296875,75.89056396484375,0.02819669246673584,3.1283035278320312,False
Utan Kayu Utara,2026-08-15,60.12150349824325,Sedang,57.630263010660805,41.238721975913414,9.037624231974284,60.12150349824325,22.57098471124967,27.285043716430664,75.94631958007812,0.23687945306301117,2.7158279418945312,False
Utan Panjang,2026-08-11,69.61930606676185,Sedang,54.68164277076721,39.150714186521675,8.901579570770263,69.61930606676185,17.64286607503891,28.323246002197266,63.92744064331055,0.013748166151344776,4.054355144500732,True
Utan Panjang,2026-08-12,55.51760093371074,Sedang,55.51760093371074,34.44373263762547,7.0448393185933424,49.71221201949649,19.320119594534237,27.13053321838379,71.16356658935547,0.18225562572479248,4.196614742279053,False
Utan Panjang,2026-08-13,53.297549168268844,Sedang,53.297549168268844,38.522188785748604,7.696153895060221,47.83944341871473,22.56938599050045,26.917428970336914,73.92442321777344,0.06092330813407898,3.78137469291687,False
Utan Panjang,2026-08-14,57.81051325798035,Sedang,57.81051325798035,42.080656763834824,8.511796585718791,56.930595204450086,23.606164008378983,27.04608154296875,75.89056396484375,0.02819669246673584,3.1283035278320312,False
Utan Panjang,2026-08-15,60.12150349824325,Sedang,57.630263010660805,41.238721975913414,9.037624231974284,60.12150349824325,22.57098471124967,27.285043716430664,75.94631958007812,0.23687945306301117,2.7158279418945312,False
Uwung Jaya,2026-08-11,68.98759261421534,Sedang,56.10755372047424,53.36524713784456,7.41221022605896,68.98759261421534,16.348594203591347,27.90591049194336,68.53587341308594,0.3237781524658203,3.1219429969787598,True
Uwung Jaya,2026-08-12,66.98441497484842,Sedang,66.98441497484842,43.32534517997351,7.855143022537232,49.24069788720873,16.903809905052185,27.11531639099121,72.59671020507812,0.1665925532579422,3.4097652435302734,False
Uwung Jaya,2026-08-13,67.89016254742941,Sedang,67.89016254742941,47.021704682937035,8.598527399698895,47.57301138506996,19.70889928440253,26.850255966186523,74.57172393798828,0.03733846917748451,3.0433502197265625,False
Uwung Jaya,2026-08-14,70.48791797955832,Sedang,70.48791797955832,46.668350772979935,8.819194825490314,55.171888185584024,19.362924272815388,27.000463485717773,75.35112762451172,0.07174699753522873,2.615520715713501,False
Uwung Jaya,2026-08-15,68.57522900899252,Sedang,68.57522900899252,46.23406147345519,7.676053794225057,60.93279327171436,15.459764475623768,27.074630737304688,77.34497833251953,0.4183608293533325,2.116962194442749,False
Warakas,2026-08-11,69.61930606676185,Sedang,54.68164277076721,39.150714186521675,8.901579570770263,69.61930606676185,17.64286607503891,28.323246002197266,63.92744064331055,0.013748166151344776,4.054355144500732,True
Warakas,2026-08-12,55.51760093371074,Sedang,55.51760093371074,34.44373263762547,7.0448393185933424,49.71221201949649,19.320119594534237,27.13053321838379,71.16356658935547,0.18225562572479248,4.196614742279053,False
Warakas,2026-08-13,53.297549168268844,Sedang,53.297549168268844,38.522188785748604,7.696153895060221,47.83944341871473,22.56938599050045,26.917428970336914,73.92442321777344,0.06092330813407898,3.78137469291687,False
Warakas,2026-08-14,57.81051325798035,Sedang,57.81051325798035,42.080656763834824,8.511796585718791,56.930595204450086,23.606164008378983,27.04608154296875,75.89056396484375,0.02819669246673584,3.1283035278320312,False
Warakas,2026-08-15,60.12150349824325,Sedang,57.630263010660805,41.238721975913414,9.037624231974284,60.12150349824325,22.57098471124967,27.285043716430664,75.94631958007812,0.23687945306301117,2.7158279418945312,False
Wijaya Kusuma,2026-08-11,69.61930606676185,Sedang,54.68164277076721,39.150714186521675,8.901579570770263,69.61930606676185,17.64286607503891,28.323246002197266,63.92744064331055,0.013748166151344776,4.054355144500732,True
Wijaya Kusuma,2026-08-12,55.51760093371074,Sedang,55.51760093371074,34.44373263762547,7.0448393185933424,49.71221201949649,19.320119594534237,27.13053321838379,71.16356658935547,0.18225562572479248,4.196614742279053,False
Wijaya Kusuma,2026-08-13,53.297549168268844,Sedang,53.297549168268844,38.522188785748604,7.696153895060221,47.83944341871473,22.56938599050045,26.917428970336914,73.92442321777344,0.06092330813407898,3.78137469291687,False
Wijaya Kusuma,2026-08-14,57.81051325798035,Sedang,57.81051325798035,42.080656763834824,8.511796585718791,56.930595204450086,23.606164008378983,27.04608154296875,75.89056396484375,0.02819669246673584,3.1283035278320312,False
Wijaya Kusuma,2026-08-15,60.12150349824325,Sedang,57.630263010660805,41.238721975913414,9.037624231974284,60.12150349824325,22.57098471124967,27.285043716430664,75.94631958007812,0.23687945306301117,2.7158279418945312,False
